lon,lat,date,analysis_date,n_z_valid_T,dataset
-95.370277,20.023581,2024-01-01,20240102,41,qcobs_tsisv2
-81.471931,23.961260,2024-01-01,20240102,28,qcobs_tsisv2
-88.512817,27.857901,2024-01-01,20240102,41,qcobs_tsisv2
-83.503830,24.421080,2024-01-01,20240102,26,qcobs_tsisv2
-87.769043,28.578320,2024-01-01,20240102,41,qcobs_tsisv2
-85.158417,24.771400,2024-01-01,20240102,40,qcobs_tsisv2
-86.720192,27.063959,2024-01-01,20240102,41,qcobs_tsisv2
-86.573151,25.027590,2024-01-01,20240102,38,qcobs_tsisv2
-89.423317,24.513710,2024-01-01,20240102,41,qcobs_tsisv2
-86.696617,25.340731,2024-01-01,20240102,41,qcobs_tsisv2
-83.979012,23.918091,2024-01-01,20240102,40,qcobs_tsisv2
-87.660797,25.863800,2024-01-01,20240102,41,qcobs_tsisv2
-87.526871,25.760590,2024-01-01,20240102,41,qcobs_tsisv2
-95.694000,21.275801,2024-01-01,20240102,39,qcobs_tsisv2
-95.935120,24.113070,2024-01-02,20240102,41,qcobs_tsisv2
-95.396187,23.190901,2024-01-02,20240102,41,qcobs_tsisv2
-86.038010,24.839750,2024-01-02,20240102,41,qcobs_tsisv2
-84.639801,25.708080,2024-01-02,20240102,28,qcobs_tsisv2
-89.996269,25.772070,2024-01-02,20240102,41,qcobs_tsisv2
-87.826973,25.296721,2024-01-02,20240102,41,qcobs_tsisv2
-87.592941,27.455770,2024-01-02,20240102,41,qcobs_tsisv2
-86.020988,24.123610,2024-01-02,20240102,41,qcobs_tsisv2
-83.409203,23.202311,2024-01-02,20240102,41,qcobs_tsisv2
-95.325630,26.518009,2024-01-03,20240102,37,qcobs_tsisv2
-86.281601,23.750610,2024-01-03,20240102,34,qcobs_tsisv2
-87.631287,25.571751,2024-01-03,20240102,41,qcobs_tsisv2
-88.900360,28.319639,2024-01-03,20240102,33,qcobs_tsisv2
-86.955811,26.918350,2024-01-03,20240102,41,qcobs_tsisv2
-90.474319,25.511520,2024-01-03,20240102,41,qcobs_tsisv2
-85.818352,26.464451,2024-01-04,20240102,41,qcobs_tsisv2
-83.686989,24.523001,2024-01-04,20240102,26,qcobs_tsisv2
-87.425323,28.503281,2024-01-04,20240102,36,qcobs_tsisv2
-91.909409,25.991751,2024-01-05,20240102,41,qcobs_tsisv2
-88.633041,28.445560,2024-01-05,20240102,35,qcobs_tsisv2
-85.473129,24.753269,2024-01-05,20240102,41,qcobs_tsisv2
-84.600380,25.568821,2024-01-05,20240102,29,qcobs_tsisv2
-81.468063,23.958599,2024-01-06,20240102,30,qcobs_tsisv2
-88.554047,27.799089,2024-01-06,20240102,41,qcobs_tsisv2
-87.753601,28.596189,2024-01-06,20240102,41,qcobs_tsisv2
-85.048958,24.732790,2024-01-06,20240102,40,qcobs_tsisv2
-86.652870,26.988380,2024-01-06,20240102,41,qcobs_tsisv2
-89.275391,24.696180,2024-01-06,20240102,41,qcobs_tsisv2
-86.924026,25.254570,2024-01-06,20240102,41,qcobs_tsisv2
-83.729553,23.710871,2024-01-06,20240102,40,qcobs_tsisv2
-87.398262,26.069559,2024-01-06,20240102,41,qcobs_tsisv2
-87.346024,25.967520,2024-01-06,20240102,41,qcobs_tsisv2
-95.370277,20.023581,2024-01-01,20240103,41,qcobs_tsisv2
-81.471931,23.961260,2024-01-01,20240103,31,qcobs_tsisv2
-88.512817,27.857901,2024-01-01,20240103,41,qcobs_tsisv2
-83.503830,24.421080,2024-01-01,20240103,25,qcobs_tsisv2
-87.769043,28.578320,2024-01-01,20240103,41,qcobs_tsisv2
-85.158417,24.771400,2024-01-01,20240103,40,qcobs_tsisv2
-86.720192,27.063959,2024-01-01,20240103,41,qcobs_tsisv2
-86.573151,25.027590,2024-01-01,20240103,38,qcobs_tsisv2
-89.423317,24.513710,2024-01-01,20240103,41,qcobs_tsisv2
-86.696617,25.340731,2024-01-01,20240103,41,qcobs_tsisv2
-83.979012,23.918091,2024-01-01,20240103,40,qcobs_tsisv2
-87.660797,25.863800,2024-01-01,20240103,41,qcobs_tsisv2
-87.526871,25.760590,2024-01-01,20240103,41,qcobs_tsisv2
-95.694000,21.275801,2024-01-01,20240103,39,qcobs_tsisv2
-95.935120,24.113070,2024-01-02,20240103,41,qcobs_tsisv2
-95.396187,23.190901,2024-01-02,20240103,41,qcobs_tsisv2
-86.038010,24.839750,2024-01-02,20240103,41,qcobs_tsisv2
-84.639801,25.708080,2024-01-02,20240103,28,qcobs_tsisv2
-89.996269,25.772070,2024-01-02,20240103,41,qcobs_tsisv2
-87.826973,25.296721,2024-01-02,20240103,41,qcobs_tsisv2
-87.592941,27.455770,2024-01-02,20240103,41,qcobs_tsisv2
-86.020988,24.123610,2024-01-02,20240103,41,qcobs_tsisv2
-83.409203,23.202311,2024-01-02,20240103,41,qcobs_tsisv2
-95.325630,26.518009,2024-01-03,20240103,37,qcobs_tsisv2
-86.281601,23.750610,2024-01-03,20240103,34,qcobs_tsisv2
-87.631287,25.571751,2024-01-03,20240103,41,qcobs_tsisv2
-88.900360,28.319639,2024-01-03,20240103,33,qcobs_tsisv2
-86.955811,26.918350,2024-01-03,20240103,41,qcobs_tsisv2
-90.474319,25.511520,2024-01-03,20240103,41,qcobs_tsisv2
-85.818352,26.464451,2024-01-04,20240103,41,qcobs_tsisv2
-83.686989,24.523001,2024-01-04,20240103,25,qcobs_tsisv2
-87.425323,28.503281,2024-01-04,20240103,36,qcobs_tsisv2
-91.909409,25.991751,2024-01-05,20240103,41,qcobs_tsisv2
-88.633041,28.445560,2024-01-05,20240103,35,qcobs_tsisv2
-85.473129,24.753269,2024-01-05,20240103,41,qcobs_tsisv2
-84.600380,25.568821,2024-01-05,20240103,29,qcobs_tsisv2
-81.468063,23.958599,2024-01-06,20240103,32,qcobs_tsisv2
-88.554047,27.799089,2024-01-06,20240103,41,qcobs_tsisv2
-87.753601,28.596189,2024-01-06,20240103,41,qcobs_tsisv2
-85.048958,24.732790,2024-01-06,20240103,40,qcobs_tsisv2
-86.652870,26.988380,2024-01-06,20240103,41,qcobs_tsisv2
-89.275391,24.696180,2024-01-06,20240103,41,qcobs_tsisv2
-86.924026,25.254570,2024-01-06,20240103,41,qcobs_tsisv2
-83.729553,23.710871,2024-01-06,20240103,40,qcobs_tsisv2
-87.398262,26.069559,2024-01-06,20240103,41,qcobs_tsisv2
-87.346024,25.967520,2024-01-06,20240103,41,qcobs_tsisv2
-95.437943,23.191080,2024-01-07,20240103,41,qcobs_tsisv2
-83.765450,24.600821,2024-01-07,20240103,28,qcobs_tsisv2
-86.317810,24.566790,2024-01-07,20240103,41,qcobs_tsisv2
-84.641060,25.720940,2024-01-07,20240103,28,qcobs_tsisv2
-89.918030,25.579041,2024-01-07,20240103,41,qcobs_tsisv2
-88.108093,25.374210,2024-01-07,20240103,41,qcobs_tsisv2
-87.485184,27.504560,2024-01-07,20240103,41,qcobs_tsisv2
-85.964821,24.133789,2024-01-07,20240103,41,qcobs_tsisv2
-87.068619,24.967421,2024-01-07,20240103,38,qcobs_tsisv2
-83.258636,23.195700,2024-01-07,20240103,41,qcobs_tsisv2
-95.370277,20.023581,2024-01-01,20240104,41,qcobs_tsisv2
-81.471931,23.961260,2024-01-01,20240104,32,qcobs_tsisv2
-88.512817,27.857901,2024-01-01,20240104,41,qcobs_tsisv2
-83.503830,24.421080,2024-01-01,20240104,26,qcobs_tsisv2
-87.769043,28.578320,2024-01-01,20240104,41,qcobs_tsisv2
-85.158417,24.771400,2024-01-01,20240104,40,qcobs_tsisv2
-86.720192,27.063959,2024-01-01,20240104,41,qcobs_tsisv2
-86.573151,25.027590,2024-01-01,20240104,38,qcobs_tsisv2
-89.423317,24.513710,2024-01-01,20240104,41,qcobs_tsisv2
-86.696617,25.340731,2024-01-01,20240104,41,qcobs_tsisv2
-83.979012,23.918091,2024-01-01,20240104,40,qcobs_tsisv2
-87.660797,25.863800,2024-01-01,20240104,41,qcobs_tsisv2
-87.526871,25.760590,2024-01-01,20240104,41,qcobs_tsisv2
-95.694000,21.275801,2024-01-01,20240104,39,qcobs_tsisv2
-95.935120,24.113070,2024-01-02,20240104,41,qcobs_tsisv2
-95.396187,23.190901,2024-01-02,20240104,41,qcobs_tsisv2
-86.038010,24.839750,2024-01-02,20240104,41,qcobs_tsisv2
-84.639801,25.708080,2024-01-02,20240104,28,qcobs_tsisv2
-89.996269,25.772070,2024-01-02,20240104,41,qcobs_tsisv2
-87.826973,25.296721,2024-01-02,20240104,41,qcobs_tsisv2
-87.592941,27.455770,2024-01-02,20240104,41,qcobs_tsisv2
-86.020988,24.123610,2024-01-02,20240104,41,qcobs_tsisv2
-83.409203,23.202311,2024-01-02,20240104,41,qcobs_tsisv2
-95.325630,26.518009,2024-01-03,20240104,37,qcobs_tsisv2
-86.281601,23.750610,2024-01-03,20240104,34,qcobs_tsisv2
-87.631287,25.571751,2024-01-03,20240104,41,qcobs_tsisv2
-88.900360,28.319639,2024-01-03,20240104,33,qcobs_tsisv2
-86.955811,26.918350,2024-01-03,20240104,41,qcobs_tsisv2
-90.474319,25.511520,2024-01-03,20240104,41,qcobs_tsisv2
-85.818352,26.464451,2024-01-04,20240104,41,qcobs_tsisv2
-83.686989,24.523001,2024-01-04,20240104,26,qcobs_tsisv2
-87.425323,28.503281,2024-01-04,20240104,36,qcobs_tsisv2
-91.909409,25.991751,2024-01-05,20240104,41,qcobs_tsisv2
-88.633041,28.445560,2024-01-05,20240104,35,qcobs_tsisv2
-85.473129,24.753269,2024-01-05,20240104,41,qcobs_tsisv2
-84.600380,25.568821,2024-01-05,20240104,29,qcobs_tsisv2
-81.468063,23.958599,2024-01-06,20240104,32,qcobs_tsisv2
-88.554047,27.799089,2024-01-06,20240104,41,qcobs_tsisv2
-87.753601,28.596189,2024-01-06,20240104,41,qcobs_tsisv2
-85.048958,24.732790,2024-01-06,20240104,40,qcobs_tsisv2
-86.652870,26.988380,2024-01-06,20240104,41,qcobs_tsisv2
-89.275391,24.696180,2024-01-06,20240104,41,qcobs_tsisv2
-86.924026,25.254570,2024-01-06,20240104,41,qcobs_tsisv2
-83.729553,23.710871,2024-01-06,20240104,40,qcobs_tsisv2
-87.398262,26.069559,2024-01-06,20240104,41,qcobs_tsisv2
-87.346024,25.967520,2024-01-06,20240104,41,qcobs_tsisv2
-95.437943,23.191080,2024-01-07,20240104,41,qcobs_tsisv2
-83.765450,24.600821,2024-01-07,20240104,28,qcobs_tsisv2
-86.317810,24.566790,2024-01-07,20240104,41,qcobs_tsisv2
-84.641060,25.720940,2024-01-07,20240104,28,qcobs_tsisv2
-89.918030,25.579041,2024-01-07,20240104,41,qcobs_tsisv2
-88.108093,25.374210,2024-01-07,20240104,41,qcobs_tsisv2
-87.485184,27.504560,2024-01-07,20240104,41,qcobs_tsisv2
-85.964821,24.133789,2024-01-07,20240104,41,qcobs_tsisv2
-87.068619,24.967421,2024-01-07,20240104,38,qcobs_tsisv2
-83.258636,23.195700,2024-01-07,20240104,41,qcobs_tsisv2
-90.323952,23.479139,2024-01-08,20240104,41,qcobs_tsisv2
-95.467903,26.230230,2024-01-08,20240104,36,qcobs_tsisv2
-86.286667,23.670050,2024-01-08,20240104,35,qcobs_tsisv2
-87.984001,25.738930,2024-01-08,20240104,41,qcobs_tsisv2
-88.903259,28.325649,2024-01-08,20240104,33,qcobs_tsisv2
-86.827560,27.021420,2024-01-08,20240104,41,qcobs_tsisv2
-90.672363,25.605301,2024-01-08,20240104,41,qcobs_tsisv2
-85.514999,23.937401,2024-01-08,20240104,40,qcobs_tsisv2
-94.356918,19.321400,2025-01-01,20250102,32,qcobs_profile_orig
-95.931000,21.358419,2025-01-01,20250102,41,qcobs_profile_orig
-89.486031,27.855761,2025-01-01,20250102,31,qcobs_profile_orig
-81.033829,23.590050,2025-01-01,20250102,33,qcobs_profile_orig
-91.897324,25.042379,2025-01-01,20250102,41,qcobs_profile_orig
-86.246696,24.727699,2025-01-01,20250102,40,qcobs_profile_orig
-88.491730,28.550720,2025-01-02,20250102,36,qcobs_profile_orig
-85.333832,25.801559,2025-01-02,20250102,40,qcobs_profile_orig
-85.814049,26.115049,2025-01-02,20250102,41,qcobs_profile_orig
-85.959229,24.602091,2025-01-02,20250102,41,qcobs_profile_orig
-85.390923,24.138710,2025-01-02,20250102,41,qcobs_profile_orig
-87.202148,27.906240,2025-01-02,20250102,41,qcobs_profile_orig
-94.225967,25.851070,2025-01-02,20250102,41,qcobs_profile_orig
-95.655434,20.302610,2025-01-03,20250102,41,qcobs_profile_orig
-89.230293,28.104231,2025-01-03,20250102,31,qcobs_profile_orig
-89.604446,27.334000,2025-01-03,20250102,40,qcobs_profile_orig
-96.002113,20.506010,2025-01-03,20250102,38,qcobs_profile_orig
-91.723389,23.793150,2025-01-03,20250102,41,qcobs_profile_orig
-89.016319,26.045660,2025-01-03,20250102,21,qcobs_profile_orig
-87.060120,26.312790,2025-01-03,20250102,38,qcobs_profile_orig
-93.316818,26.133209,2025-01-03,20250102,41,qcobs_profile_orig
-96.827721,22.081850,2025-01-04,20250102,36,qcobs_profile_orig
-87.067101,27.313789,2025-01-04,20250102,41,qcobs_profile_orig
-93.072311,21.452570,2025-01-04,20250102,41,qcobs_profile_orig
-87.338112,26.155689,2025-01-04,20250102,41,qcobs_profile_orig
-96.882690,21.811131,2025-01-05,20250102,34,qcobs_profile_orig
-95.945038,23.209629,2025-01-05,20250102,41,qcobs_profile_orig
-82.889442,23.246090,2025-01-05,20250102,40,qcobs_profile_orig
-83.617371,23.410370,2025-01-05,20250102,26,qcobs_profile_orig
-91.418312,25.098120,2025-01-05,20250102,41,qcobs_profile_orig
-85.692711,24.061440,2025-01-05,20250102,40,qcobs_profile_orig
-81.046547,18.575035,2025-01-05,20250102,41,qcobs_profile_orig
-95.952660,21.292589,2025-01-06,20250102,41,qcobs_profile_orig
-89.501129,27.863581,2025-01-06,20250102,31,qcobs_profile_orig
-81.011497,23.601160,2025-01-06,20250102,33,qcobs_profile_orig
-91.627480,24.907471,2025-01-06,20250102,41,qcobs_profile_orig
-93.267700,24.126200,2025-01-06,20250102,40,qcobs_profile_orig
-96.189232,20.601990,2025-03-30,20250403,37,qcobs_profile_orig
-89.417892,27.674431,2025-03-30,20250403,34,qcobs_profile_orig
-88.003410,26.343611,2025-03-30,20250403,41,qcobs_profile_orig
-86.855568,27.558130,2025-03-30,20250403,41,qcobs_profile_orig
-94.223770,20.329849,2025-03-30,20250403,38,qcobs_profile_orig
-89.173073,24.691750,2025-03-30,20250403,41,qcobs_profile_orig
-86.873627,27.521690,2025-03-30,20250403,38,qcobs_profile_orig
-82.159660,18.144581,2025-03-30,20250403,41,qcobs_profile_orig
-92.459999,24.665199,2025-03-30,20250403,40,qcobs_profile_orig
-93.465912,24.040649,2025-03-31,20250403,41,qcobs_profile_orig
-85.390007,19.714649,2025-03-31,20250403,41,qcobs_profile_orig
-95.113861,19.320589,2025-04-01,20250403,40,qcobs_profile_orig
-89.362167,28.120621,2025-04-01,20250403,32,qcobs_profile_orig
-84.490570,23.866730,2025-04-01,20250403,41,qcobs_profile_orig
-91.613564,26.723640,2025-04-01,20250403,41,qcobs_profile_orig
-80.583488,23.751329,2025-04-01,20250403,31,qcobs_profile_orig
-83.877792,23.994810,2025-04-01,20250403,40,qcobs_profile_orig
-89.521027,27.329439,2025-04-02,20250403,41,qcobs_profile_orig
-84.752151,25.399281,2025-04-02,20250403,40,qcobs_profile_orig
-87.054321,26.124020,2025-04-02,20250403,41,qcobs_profile_orig
-87.795303,25.239700,2025-04-02,20250403,41,qcobs_profile_orig
-88.692719,25.854740,2025-04-02,20250403,41,qcobs_profile_orig
-96.170120,24.773581,2025-04-02,20250403,34,qcobs_profile_orig
-95.513771,19.736271,2025-04-03,20250403,41,qcobs_profile_orig
-87.428032,27.386209,2025-04-03,20250403,41,qcobs_profile_orig
-90.256622,25.421490,2025-04-03,20250403,41,qcobs_profile_orig
-85.104141,23.942511,2025-04-03,20250403,41,qcobs_profile_orig
-96.269890,23.005630,2025-04-03,20250403,41,qcobs_profile_orig
-86.903831,28.056789,2025-04-03,20250403,41,qcobs_profile_orig
-94.790939,19.130501,2025-04-04,20250403,35,qcobs_profile_orig
-96.161324,20.299030,2025-04-04,20250403,34,qcobs_profile_orig
-89.428772,27.678600,2025-04-04,20250403,34,qcobs_profile_orig
-87.873810,26.736259,2025-04-04,20250403,41,qcobs_profile_orig
-86.978844,27.544451,2025-04-04,20250403,41,qcobs_profile_orig
-94.025650,20.735821,2025-04-04,20250403,41,qcobs_profile_orig
-89.213852,25.086040,2025-04-04,20250403,41,qcobs_profile_orig
-86.978561,27.510679,2025-04-04,20250403,38,qcobs_profile_orig
-86.568001,26.225100,2025-04-04,20250403,40,qcobs_profile_orig
-93.497673,24.238800,2025-04-05,20250403,41,qcobs_profile_orig
-94.821877,19.397261,2025-04-06,20250403,41,qcobs_profile_orig
-89.361603,28.130980,2025-04-06,20250403,32,qcobs_profile_orig
-81.625587,23.391230,2025-04-06,20250403,35,qcobs_profile_orig
-84.283333,24.064920,2025-04-06,20250403,41,qcobs_profile_orig
-91.513680,26.976690,2025-04-06,20250403,39,qcobs_profile_orig
-80.572762,23.765440,2025-04-06,20250403,30,qcobs_profile_orig
-84.028870,24.418760,2025-04-06,20250403,38,qcobs_profile_orig
-89.618492,27.387310,2025-04-07,20250403,40,qcobs_profile_orig
-84.726921,25.207451,2025-04-07,20250403,40,qcobs_profile_orig
-87.238800,26.170860,2025-04-07,20250403,41,qcobs_profile_orig
-88.070709,25.171539,2025-04-07,20250403,41,qcobs_profile_orig
-88.094223,25.666580,2025-04-07,20250403,41,qcobs_profile_orig
-96.173141,24.768280,2025-04-07,20250403,34,qcobs_profile_orig
-79.636742,19.538349,2025-04-07,20250403,41,qcobs_profile_orig
-93.465912,24.040649,2025-03-31,20250404,41,qcobs_profile_orig
-85.390007,19.714649,2025-03-31,20250404,41,qcobs_profile_orig
-95.113861,19.320589,2025-04-01,20250404,40,qcobs_profile_orig
-89.362167,28.120621,2025-04-01,20250404,32,qcobs_profile_orig
-84.490570,23.866730,2025-04-01,20250404,41,qcobs_profile_orig
-91.613564,26.723640,2025-04-01,20250404,41,qcobs_profile_orig
-80.583488,23.751329,2025-04-01,20250404,31,qcobs_profile_orig
-83.877792,23.994810,2025-04-01,20250404,40,qcobs_profile_orig
-89.521027,27.329439,2025-04-02,20250404,41,qcobs_profile_orig
-84.752151,25.399281,2025-04-02,20250404,40,qcobs_profile_orig
-87.054321,26.124020,2025-04-02,20250404,41,qcobs_profile_orig
-87.795303,25.239700,2025-04-02,20250404,41,qcobs_profile_orig
-88.692719,25.854740,2025-04-02,20250404,41,qcobs_profile_orig
-96.170120,24.773581,2025-04-02,20250404,34,qcobs_profile_orig
-95.513771,19.736271,2025-04-03,20250404,41,qcobs_profile_orig
-87.428032,27.386209,2025-04-03,20250404,41,qcobs_profile_orig
-90.256622,25.421490,2025-04-03,20250404,41,qcobs_profile_orig
-85.104141,23.942511,2025-04-03,20250404,41,qcobs_profile_orig
-96.269890,23.005630,2025-04-03,20250404,41,qcobs_profile_orig
-86.903831,28.056789,2025-04-03,20250404,41,qcobs_profile_orig
-94.790939,19.130501,2025-04-04,20250404,35,qcobs_profile_orig
-96.161324,20.299030,2025-04-04,20250404,34,qcobs_profile_orig
-89.428772,27.678600,2025-04-04,20250404,34,qcobs_profile_orig
-87.873810,26.736259,2025-04-04,20250404,41,qcobs_profile_orig
-86.978844,27.544451,2025-04-04,20250404,41,qcobs_profile_orig
-94.025650,20.735821,2025-04-04,20250404,41,qcobs_profile_orig
-89.213852,25.086040,2025-04-04,20250404,41,qcobs_profile_orig
-86.978561,27.510679,2025-04-04,20250404,38,qcobs_profile_orig
-86.568001,26.225100,2025-04-04,20250404,40,qcobs_profile_orig
-93.497673,24.238800,2025-04-05,20250404,41,qcobs_profile_orig
-94.821877,19.397261,2025-04-06,20250404,41,qcobs_profile_orig
-89.361603,28.130980,2025-04-06,20250404,32,qcobs_profile_orig
-81.625587,23.391230,2025-04-06,20250404,35,qcobs_profile_orig
-84.283333,24.064920,2025-04-06,20250404,41,qcobs_profile_orig
-91.513680,26.976690,2025-04-06,20250404,39,qcobs_profile_orig
-80.572762,23.765440,2025-04-06,20250404,30,qcobs_profile_orig
-84.028870,24.418760,2025-04-06,20250404,38,qcobs_profile_orig
-89.618492,27.387310,2025-04-07,20250404,40,qcobs_profile_orig
-84.726921,25.207451,2025-04-07,20250404,40,qcobs_profile_orig
-87.238800,26.170860,2025-04-07,20250404,41,qcobs_profile_orig
-88.070709,25.171539,2025-04-07,20250404,41,qcobs_profile_orig
-88.094223,25.666580,2025-04-07,20250404,41,qcobs_profile_orig
-96.173141,24.768280,2025-04-07,20250404,34,qcobs_profile_orig
-79.636742,19.538349,2025-04-07,20250404,41,qcobs_profile_orig
-95.448578,19.592541,2025-04-08,20250404,40,qcobs_profile_orig
-87.543381,27.348021,2025-04-08,20250404,41,qcobs_profile_orig
-90.701210,25.770800,2025-04-08,20250404,41,qcobs_profile_orig
-84.731506,23.631281,2025-04-08,20250404,41,qcobs_profile_orig
-96.249702,23.156670,2025-04-08,20250404,41,qcobs_profile_orig
-87.022789,28.139589,2025-04-08,20250404,41,qcobs_profile_orig
-95.113861,19.320589,2025-04-01,20250405,40,qcobs_profile_orig
-89.362167,28.120621,2025-04-01,20250405,32,qcobs_profile_orig
-84.490570,23.866730,2025-04-01,20250405,41,qcobs_profile_orig
-91.613564,26.723640,2025-04-01,20250405,41,qcobs_profile_orig
-80.583488,23.751329,2025-04-01,20250405,31,qcobs_profile_orig
-83.877792,23.994810,2025-04-01,20250405,40,qcobs_profile_orig
-89.521027,27.329439,2025-04-02,20250405,41,qcobs_profile_orig
-84.752151,25.399281,2025-04-02,20250405,40,qcobs_profile_orig
-87.054321,26.124020,2025-04-02,20250405,41,qcobs_profile_orig
-87.795303,25.239700,2025-04-02,20250405,41,qcobs_profile_orig
-88.692719,25.854740,2025-04-02,20250405,41,qcobs_profile_orig
-96.170120,24.773581,2025-04-02,20250405,34,qcobs_profile_orig
-95.513771,19.736271,2025-04-03,20250405,41,qcobs_profile_orig
-87.428032,27.386209,2025-04-03,20250405,41,qcobs_profile_orig
-90.256622,25.421490,2025-04-03,20250405,41,qcobs_profile_orig
-85.104141,23.942511,2025-04-03,20250405,41,qcobs_profile_orig
-96.269890,23.005630,2025-04-03,20250405,41,qcobs_profile_orig
-86.903831,28.056789,2025-04-03,20250405,41,qcobs_profile_orig
-94.790939,19.130501,2025-04-04,20250405,35,qcobs_profile_orig
-96.161324,20.299030,2025-04-04,20250405,34,qcobs_profile_orig
-89.428772,27.678600,2025-04-04,20250405,34,qcobs_profile_orig
-87.873810,26.736259,2025-04-04,20250405,41,qcobs_profile_orig
-86.978844,27.544451,2025-04-04,20250405,41,qcobs_profile_orig
-94.025650,20.735821,2025-04-04,20250405,41,qcobs_profile_orig
-89.213852,25.086040,2025-04-04,20250405,41,qcobs_profile_orig
-86.978561,27.510679,2025-04-04,20250405,38,qcobs_profile_orig
-86.568001,26.225100,2025-04-04,20250405,40,qcobs_profile_orig
-93.497673,24.238800,2025-04-05,20250405,41,qcobs_profile_orig
-94.821877,19.397261,2025-04-06,20250405,41,qcobs_profile_orig
-89.361603,28.130980,2025-04-06,20250405,32,qcobs_profile_orig
-81.625587,23.391230,2025-04-06,20250405,35,qcobs_profile_orig
-84.283333,24.064920,2025-04-06,20250405,41,qcobs_profile_orig
-91.513680,26.976690,2025-04-06,20250405,39,qcobs_profile_orig
-80.572762,23.765440,2025-04-06,20250405,30,qcobs_profile_orig
-84.028870,24.418760,2025-04-06,20250405,38,qcobs_profile_orig
-89.618492,27.387310,2025-04-07,20250405,40,qcobs_profile_orig
-84.726921,25.207451,2025-04-07,20250405,40,qcobs_profile_orig
-87.238800,26.170860,2025-04-07,20250405,41,qcobs_profile_orig
-88.070709,25.171539,2025-04-07,20250405,41,qcobs_profile_orig
-88.094223,25.666580,2025-04-07,20250405,41,qcobs_profile_orig
-96.173141,24.768280,2025-04-07,20250405,34,qcobs_profile_orig
-79.636742,19.538349,2025-04-07,20250405,41,qcobs_profile_orig
-95.448578,19.592541,2025-04-08,20250405,40,qcobs_profile_orig
-87.543381,27.348021,2025-04-08,20250405,41,qcobs_profile_orig
-90.701210,25.770800,2025-04-08,20250405,41,qcobs_profile_orig
-84.731506,23.631281,2025-04-08,20250405,41,qcobs_profile_orig
-96.249702,23.156670,2025-04-08,20250405,41,qcobs_profile_orig
-87.022789,28.139589,2025-04-08,20250405,41,qcobs_profile_orig
-96.150047,20.304569,2025-04-09,20250405,36,qcobs_profile_orig
-89.434372,27.691879,2025-04-09,20250405,34,qcobs_profile_orig
-87.527924,26.980850,2025-04-09,20250405,41,qcobs_profile_orig
-87.164520,27.536131,2025-04-09,20250405,41,qcobs_profile_orig
-93.718323,20.993950,2025-04-09,20250405,41,qcobs_profile_orig
-89.538849,25.387991,2025-04-09,20250405,41,qcobs_profile_orig
-87.134911,27.490780,2025-04-09,20250405,38,qcobs_profile_orig
-91.009399,24.633900,2025-04-09,20250405,39,qcobs_profile_orig
-89.521027,27.329439,2025-04-02,20250406,41,qcobs_profile_orig
-84.752151,25.399281,2025-04-02,20250406,40,qcobs_profile_orig
-87.054321,26.124020,2025-04-02,20250406,41,qcobs_profile_orig
-87.795303,25.239700,2025-04-02,20250406,41,qcobs_profile_orig
-88.692719,25.854740,2025-04-02,20250406,41,qcobs_profile_orig
-96.170120,24.773581,2025-04-02,20250406,34,qcobs_profile_orig
-95.513771,19.736271,2025-04-03,20250406,41,qcobs_profile_orig
-87.428032,27.386209,2025-04-03,20250406,41,qcobs_profile_orig
-90.256622,25.421490,2025-04-03,20250406,41,qcobs_profile_orig
-85.104141,23.942511,2025-04-03,20250406,41,qcobs_profile_orig
-96.269890,23.005630,2025-04-03,20250406,41,qcobs_profile_orig
-86.903831,28.056789,2025-04-03,20250406,41,qcobs_profile_orig
-94.790939,19.130501,2025-04-04,20250406,35,qcobs_profile_orig
-96.161324,20.299030,2025-04-04,20250406,34,qcobs_profile_orig
-89.428772,27.678600,2025-04-04,20250406,34,qcobs_profile_orig
-87.873810,26.736259,2025-04-04,20250406,41,qcobs_profile_orig
-86.978844,27.544451,2025-04-04,20250406,41,qcobs_profile_orig
-94.025650,20.735821,2025-04-04,20250406,41,qcobs_profile_orig
-89.213852,25.086040,2025-04-04,20250406,41,qcobs_profile_orig
-86.978561,27.510679,2025-04-04,20250406,38,qcobs_profile_orig
-86.568001,26.225100,2025-04-04,20250406,40,qcobs_profile_orig
-93.497673,24.238800,2025-04-05,20250406,41,qcobs_profile_orig
-94.821877,19.397261,2025-04-06,20250406,41,qcobs_profile_orig
-89.361603,28.130980,2025-04-06,20250406,32,qcobs_profile_orig
-81.625587,23.391230,2025-04-06,20250406,35,qcobs_profile_orig
-84.283333,24.064920,2025-04-06,20250406,41,qcobs_profile_orig
-91.513680,26.976690,2025-04-06,20250406,39,qcobs_profile_orig
-80.572762,23.765440,2025-04-06,20250406,30,qcobs_profile_orig
-84.028870,24.418760,2025-04-06,20250406,38,qcobs_profile_orig
-89.618492,27.387310,2025-04-07,20250406,40,qcobs_profile_orig
-84.726921,25.207451,2025-04-07,20250406,40,qcobs_profile_orig
-87.238800,26.170860,2025-04-07,20250406,41,qcobs_profile_orig
-88.070709,25.171539,2025-04-07,20250406,41,qcobs_profile_orig
-88.094223,25.666580,2025-04-07,20250406,41,qcobs_profile_orig
-96.173141,24.768280,2025-04-07,20250406,34,qcobs_profile_orig
-79.636742,19.538349,2025-04-07,20250406,41,qcobs_profile_orig
-95.448578,19.592541,2025-04-08,20250406,40,qcobs_profile_orig
-87.543381,27.348021,2025-04-08,20250406,41,qcobs_profile_orig
-90.701210,25.770800,2025-04-08,20250406,41,qcobs_profile_orig
-84.731506,23.631281,2025-04-08,20250406,41,qcobs_profile_orig
-96.249702,23.156670,2025-04-08,20250406,41,qcobs_profile_orig
-87.022789,28.139589,2025-04-08,20250406,41,qcobs_profile_orig
-96.150047,20.304569,2025-04-09,20250406,36,qcobs_profile_orig
-89.434372,27.691879,2025-04-09,20250406,34,qcobs_profile_orig
-87.527924,26.980850,2025-04-09,20250406,41,qcobs_profile_orig
-87.164520,27.536131,2025-04-09,20250406,41,qcobs_profile_orig
-93.718323,20.993950,2025-04-09,20250406,41,qcobs_profile_orig
-89.538849,25.387991,2025-04-09,20250406,41,qcobs_profile_orig
-87.134911,27.490780,2025-04-09,20250406,38,qcobs_profile_orig
-91.009399,24.633900,2025-04-09,20250406,39,qcobs_profile_orig
-93.362694,24.440310,2025-04-10,20250406,41,qcobs_profile_orig
-82.207497,18.184530,2025-04-10,20250406,41,qcobs_profile_orig
-85.307869,19.529989,2025-04-10,20250406,41,qcobs_profile_orig
-95.513771,19.736271,2025-04-03,20250407,41,qcobs_profile_orig
-87.428032,27.386209,2025-04-03,20250407,41,qcobs_profile_orig
-90.256622,25.421490,2025-04-03,20250407,41,qcobs_profile_orig
-85.104141,23.942511,2025-04-03,20250407,41,qcobs_profile_orig
-96.269890,23.005630,2025-04-03,20250407,41,qcobs_profile_orig
-86.903831,28.056789,2025-04-03,20250407,41,qcobs_profile_orig
-94.790939,19.130501,2025-04-04,20250407,35,qcobs_profile_orig
-96.161324,20.299030,2025-04-04,20250407,34,qcobs_profile_orig
-89.428772,27.678600,2025-04-04,20250407,34,qcobs_profile_orig
-87.873810,26.736259,2025-04-04,20250407,41,qcobs_profile_orig
-86.978844,27.544451,2025-04-04,20250407,41,qcobs_profile_orig
-94.025650,20.735821,2025-04-04,20250407,41,qcobs_profile_orig
-89.213852,25.086040,2025-04-04,20250407,41,qcobs_profile_orig
-86.978561,27.510679,2025-04-04,20250407,38,qcobs_profile_orig
-86.568001,26.225100,2025-04-04,20250407,40,qcobs_profile_orig
-93.497673,24.238800,2025-04-05,20250407,41,qcobs_profile_orig
-94.821877,19.397261,2025-04-06,20250407,41,qcobs_profile_orig
-89.361603,28.130980,2025-04-06,20250407,32,qcobs_profile_orig
-81.625587,23.391230,2025-04-06,20250407,35,qcobs_profile_orig
-84.283333,24.064920,2025-04-06,20250407,41,qcobs_profile_orig
-91.513680,26.976690,2025-04-06,20250407,39,qcobs_profile_orig
-80.572762,23.765440,2025-04-06,20250407,30,qcobs_profile_orig
-84.028870,24.418760,2025-04-06,20250407,38,qcobs_profile_orig
-89.618492,27.387310,2025-04-07,20250407,40,qcobs_profile_orig
-84.726921,25.207451,2025-04-07,20250407,40,qcobs_profile_orig
-87.238800,26.170860,2025-04-07,20250407,41,qcobs_profile_orig
-88.070709,25.171539,2025-04-07,20250407,41,qcobs_profile_orig
-88.094223,25.666580,2025-04-07,20250407,41,qcobs_profile_orig
-96.173141,24.768280,2025-04-07,20250407,34,qcobs_profile_orig
-79.636742,19.538349,2025-04-07,20250407,41,qcobs_profile_orig
-95.448578,19.592541,2025-04-08,20250407,40,qcobs_profile_orig
-87.543381,27.348021,2025-04-08,20250407,41,qcobs_profile_orig
-90.701210,25.770800,2025-04-08,20250407,41,qcobs_profile_orig
-84.731506,23.631281,2025-04-08,20250407,41,qcobs_profile_orig
-96.249702,23.156670,2025-04-08,20250407,41,qcobs_profile_orig
-87.022789,28.139589,2025-04-08,20250407,41,qcobs_profile_orig
-96.150047,20.304569,2025-04-09,20250407,36,qcobs_profile_orig
-89.434372,27.691879,2025-04-09,20250407,34,qcobs_profile_orig
-87.527924,26.980850,2025-04-09,20250407,41,qcobs_profile_orig
-87.164520,27.536131,2025-04-09,20250407,41,qcobs_profile_orig
-93.718323,20.993950,2025-04-09,20250407,41,qcobs_profile_orig
-89.538849,25.387991,2025-04-09,20250407,41,qcobs_profile_orig
-87.134911,27.490780,2025-04-09,20250407,38,qcobs_profile_orig
-91.009399,24.633900,2025-04-09,20250407,39,qcobs_profile_orig
-93.362694,24.440310,2025-04-10,20250407,41,qcobs_profile_orig
-82.207497,18.184530,2025-04-10,20250407,41,qcobs_profile_orig
-85.307869,19.529989,2025-04-10,20250407,41,qcobs_profile_orig
-94.644096,19.612970,2025-04-11,20250407,40,qcobs_profile_orig
-89.356934,28.144609,2025-04-11,20250407,32,qcobs_profile_orig
-81.604599,23.397369,2025-04-11,20250407,35,qcobs_profile_orig
-84.233353,24.004049,2025-04-11,20250407,41,qcobs_profile_orig
-91.395081,27.021090,2025-04-11,20250407,38,qcobs_profile_orig
-80.563019,23.776011,2025-04-11,20250407,31,qcobs_profile_orig
-84.273308,24.600180,2025-04-11,20250407,40,qcobs_profile_orig
-94.790939,19.130501,2025-04-04,20250408,35,qcobs_profile_orig
-96.161324,20.299030,2025-04-04,20250408,34,qcobs_profile_orig
-89.428772,27.678600,2025-04-04,20250408,34,qcobs_profile_orig
-87.873810,26.736259,2025-04-04,20250408,41,qcobs_profile_orig
-86.978844,27.544451,2025-04-04,20250408,41,qcobs_profile_orig
-94.025650,20.735821,2025-04-04,20250408,41,qcobs_profile_orig
-89.213852,25.086040,2025-04-04,20250408,41,qcobs_profile_orig
-86.978561,27.510679,2025-04-04,20250408,38,qcobs_profile_orig
-86.568001,26.225100,2025-04-04,20250408,40,qcobs_profile_orig
-93.497673,24.238800,2025-04-05,20250408,41,qcobs_profile_orig
-94.821877,19.397261,2025-04-06,20250408,41,qcobs_profile_orig
-89.361603,28.130980,2025-04-06,20250408,32,qcobs_profile_orig
-81.625587,23.391230,2025-04-06,20250408,35,qcobs_profile_orig
-84.283333,24.064920,2025-04-06,20250408,41,qcobs_profile_orig
-91.513680,26.976690,2025-04-06,20250408,39,qcobs_profile_orig
-80.572762,23.765440,2025-04-06,20250408,30,qcobs_profile_orig
-84.028870,24.418760,2025-04-06,20250408,38,qcobs_profile_orig
-89.618492,27.387310,2025-04-07,20250408,40,qcobs_profile_orig
-84.726921,25.207451,2025-04-07,20250408,40,qcobs_profile_orig
-87.238800,26.170860,2025-04-07,20250408,41,qcobs_profile_orig
-88.070709,25.171539,2025-04-07,20250408,41,qcobs_profile_orig
-88.094223,25.666580,2025-04-07,20250408,41,qcobs_profile_orig
-96.173141,24.768280,2025-04-07,20250408,34,qcobs_profile_orig
-79.636742,19.538349,2025-04-07,20250408,41,qcobs_profile_orig
-95.448578,19.592541,2025-04-08,20250408,40,qcobs_profile_orig
-87.543381,27.348021,2025-04-08,20250408,41,qcobs_profile_orig
-90.701210,25.770800,2025-04-08,20250408,41,qcobs_profile_orig
-84.731506,23.631281,2025-04-08,20250408,41,qcobs_profile_orig
-96.249702,23.156670,2025-04-08,20250408,41,qcobs_profile_orig
-87.022789,28.139589,2025-04-08,20250408,41,qcobs_profile_orig
-96.150047,20.304569,2025-04-09,20250408,36,qcobs_profile_orig
-89.434372,27.691879,2025-04-09,20250408,34,qcobs_profile_orig
-87.527924,26.980850,2025-04-09,20250408,41,qcobs_profile_orig
-87.164520,27.536131,2025-04-09,20250408,41,qcobs_profile_orig
-93.718323,20.993950,2025-04-09,20250408,41,qcobs_profile_orig
-89.538849,25.387991,2025-04-09,20250408,41,qcobs_profile_orig
-87.134911,27.490780,2025-04-09,20250408,38,qcobs_profile_orig
-91.009399,24.633900,2025-04-09,20250408,39,qcobs_profile_orig
-93.362694,24.440310,2025-04-10,20250408,41,qcobs_profile_orig
-82.207497,18.184530,2025-04-10,20250408,41,qcobs_profile_orig
-85.307869,19.529989,2025-04-10,20250408,41,qcobs_profile_orig
-94.644096,19.612970,2025-04-11,20250408,40,qcobs_profile_orig
-89.356934,28.144609,2025-04-11,20250408,32,qcobs_profile_orig
-81.604599,23.397369,2025-04-11,20250408,35,qcobs_profile_orig
-84.233353,24.004049,2025-04-11,20250408,41,qcobs_profile_orig
-91.395081,27.021090,2025-04-11,20250408,38,qcobs_profile_orig
-80.563019,23.776011,2025-04-11,20250408,31,qcobs_profile_orig
-84.273308,24.600180,2025-04-11,20250408,40,qcobs_profile_orig
-89.780121,27.375160,2025-04-12,20250408,38,qcobs_profile_orig
-84.581757,24.986919,2025-04-12,20250408,40,qcobs_profile_orig
-87.222618,26.169300,2025-04-12,20250408,41,qcobs_profile_orig
-88.298943,25.161551,2025-04-12,20250408,41,qcobs_profile_orig
-87.985023,26.174879,2025-04-12,20250408,41,qcobs_profile_orig
-96.173157,24.758949,2025-04-12,20250408,34,qcobs_profile_orig
-93.497673,24.238800,2025-04-05,20250409,41,qcobs_profile_orig
-94.821877,19.397261,2025-04-06,20250409,41,qcobs_profile_orig
-89.361603,28.130980,2025-04-06,20250409,32,qcobs_profile_orig
-81.625587,23.391230,2025-04-06,20250409,35,qcobs_profile_orig
-84.283333,24.064920,2025-04-06,20250409,41,qcobs_profile_orig
-91.513680,26.976690,2025-04-06,20250409,39,qcobs_profile_orig
-80.572762,23.765440,2025-04-06,20250409,30,qcobs_profile_orig
-84.028870,24.418760,2025-04-06,20250409,38,qcobs_profile_orig
-89.618492,27.387310,2025-04-07,20250409,40,qcobs_profile_orig
-84.726921,25.207451,2025-04-07,20250409,40,qcobs_profile_orig
-87.238800,26.170860,2025-04-07,20250409,41,qcobs_profile_orig
-88.070709,25.171539,2025-04-07,20250409,41,qcobs_profile_orig
-88.094223,25.666580,2025-04-07,20250409,41,qcobs_profile_orig
-96.173141,24.768280,2025-04-07,20250409,34,qcobs_profile_orig
-79.636742,19.538349,2025-04-07,20250409,41,qcobs_profile_orig
-95.448578,19.592541,2025-04-08,20250409,40,qcobs_profile_orig
-87.543381,27.348021,2025-04-08,20250409,41,qcobs_profile_orig
-90.701210,25.770800,2025-04-08,20250409,41,qcobs_profile_orig
-84.731506,23.631281,2025-04-08,20250409,41,qcobs_profile_orig
-96.249702,23.156670,2025-04-08,20250409,41,qcobs_profile_orig
-87.022789,28.139589,2025-04-08,20250409,41,qcobs_profile_orig
-96.150047,20.304569,2025-04-09,20250409,36,qcobs_profile_orig
-89.434372,27.691879,2025-04-09,20250409,34,qcobs_profile_orig
-87.527924,26.980850,2025-04-09,20250409,41,qcobs_profile_orig
-87.164520,27.536131,2025-04-09,20250409,41,qcobs_profile_orig
-93.718323,20.993950,2025-04-09,20250409,41,qcobs_profile_orig
-89.538849,25.387991,2025-04-09,20250409,41,qcobs_profile_orig
-87.134911,27.490780,2025-04-09,20250409,38,qcobs_profile_orig
-91.009399,24.633900,2025-04-09,20250409,39,qcobs_profile_orig
-93.362694,24.440310,2025-04-10,20250409,41,qcobs_profile_orig
-82.207497,18.184530,2025-04-10,20250409,41,qcobs_profile_orig
-85.307869,19.529989,2025-04-10,20250409,41,qcobs_profile_orig
-94.644096,19.612970,2025-04-11,20250409,40,qcobs_profile_orig
-89.356934,28.144609,2025-04-11,20250409,32,qcobs_profile_orig
-81.604599,23.397369,2025-04-11,20250409,35,qcobs_profile_orig
-84.233353,24.004049,2025-04-11,20250409,41,qcobs_profile_orig
-91.395081,27.021090,2025-04-11,20250409,38,qcobs_profile_orig
-80.563019,23.776011,2025-04-11,20250409,31,qcobs_profile_orig
-84.273308,24.600180,2025-04-11,20250409,40,qcobs_profile_orig
-89.780121,27.375160,2025-04-12,20250409,38,qcobs_profile_orig
-84.581757,24.986919,2025-04-12,20250409,40,qcobs_profile_orig
-87.222618,26.169300,2025-04-12,20250409,41,qcobs_profile_orig
-88.298943,25.161551,2025-04-12,20250409,41,qcobs_profile_orig
-87.985023,26.174879,2025-04-12,20250409,41,qcobs_profile_orig
-96.173157,24.758949,2025-04-12,20250409,34,qcobs_profile_orig
-87.758003,27.129459,2025-04-13,20250409,41,qcobs_profile_orig
-91.410179,25.903641,2025-04-13,20250409,41,qcobs_profile_orig
-84.412102,23.633511,2025-04-13,20250409,41,qcobs_profile_orig
-96.182640,23.217449,2025-04-13,20250409,41,qcobs_profile_orig
-87.054619,28.101191,2025-04-13,20250409,41,qcobs_profile_orig
-94.821877,19.397261,2025-04-06,20250410,41,qcobs_profile_orig
-89.361603,28.130980,2025-04-06,20250410,32,qcobs_profile_orig
-81.625587,23.391230,2025-04-06,20250410,35,qcobs_profile_orig
-84.283333,24.064920,2025-04-06,20250410,41,qcobs_profile_orig
-91.513680,26.976690,2025-04-06,20250410,39,qcobs_profile_orig
-80.572762,23.765440,2025-04-06,20250410,30,qcobs_profile_orig
-84.028870,24.418760,2025-04-06,20250410,38,qcobs_profile_orig
-89.618492,27.387310,2025-04-07,20250410,40,qcobs_profile_orig
-84.726921,25.207451,2025-04-07,20250410,40,qcobs_profile_orig
-87.238800,26.170860,2025-04-07,20250410,41,qcobs_profile_orig
-88.070709,25.171539,2025-04-07,20250410,41,qcobs_profile_orig
-88.094223,25.666580,2025-04-07,20250410,41,qcobs_profile_orig
-96.173141,24.768280,2025-04-07,20250410,34,qcobs_profile_orig
-79.636742,19.538349,2025-04-07,20250410,41,qcobs_profile_orig
-95.448578,19.592541,2025-04-08,20250410,40,qcobs_profile_orig
-87.543381,27.348021,2025-04-08,20250410,41,qcobs_profile_orig
-90.701210,25.770800,2025-04-08,20250410,41,qcobs_profile_orig
-84.731506,23.631281,2025-04-08,20250410,41,qcobs_profile_orig
-96.249702,23.156670,2025-04-08,20250410,41,qcobs_profile_orig
-87.022789,28.139589,2025-04-08,20250410,41,qcobs_profile_orig
-96.150047,20.304569,2025-04-09,20250410,36,qcobs_profile_orig
-89.434372,27.691879,2025-04-09,20250410,34,qcobs_profile_orig
-87.527924,26.980850,2025-04-09,20250410,41,qcobs_profile_orig
-87.164520,27.536131,2025-04-09,20250410,41,qcobs_profile_orig
-93.718323,20.993950,2025-04-09,20250410,41,qcobs_profile_orig
-89.538849,25.387991,2025-04-09,20250410,41,qcobs_profile_orig
-87.134911,27.490780,2025-04-09,20250410,38,qcobs_profile_orig
-91.009399,24.633900,2025-04-09,20250410,39,qcobs_profile_orig
-93.362694,24.440310,2025-04-10,20250410,41,qcobs_profile_orig
-82.207497,18.184530,2025-04-10,20250410,41,qcobs_profile_orig
-85.307869,19.529989,2025-04-10,20250410,41,qcobs_profile_orig
-94.644096,19.612970,2025-04-11,20250410,40,qcobs_profile_orig
-89.356934,28.144609,2025-04-11,20250410,32,qcobs_profile_orig
-81.604599,23.397369,2025-04-11,20250410,35,qcobs_profile_orig
-84.233353,24.004049,2025-04-11,20250410,41,qcobs_profile_orig
-91.395081,27.021090,2025-04-11,20250410,38,qcobs_profile_orig
-80.563019,23.776011,2025-04-11,20250410,31,qcobs_profile_orig
-84.273308,24.600180,2025-04-11,20250410,40,qcobs_profile_orig
-89.780121,27.375160,2025-04-12,20250410,38,qcobs_profile_orig
-84.581757,24.986919,2025-04-12,20250410,40,qcobs_profile_orig
-87.222618,26.169300,2025-04-12,20250410,41,qcobs_profile_orig
-88.298943,25.161551,2025-04-12,20250410,41,qcobs_profile_orig
-87.985023,26.174879,2025-04-12,20250410,41,qcobs_profile_orig
-96.173157,24.758949,2025-04-12,20250410,34,qcobs_profile_orig
-87.758003,27.129459,2025-04-13,20250410,41,qcobs_profile_orig
-91.410179,25.903641,2025-04-13,20250410,41,qcobs_profile_orig
-84.412102,23.633511,2025-04-13,20250410,41,qcobs_profile_orig
-96.182640,23.217449,2025-04-13,20250410,41,qcobs_profile_orig
-87.054619,28.101191,2025-04-13,20250410,41,qcobs_profile_orig
-96.016640,20.375879,2025-04-14,20250410,39,qcobs_profile_orig
-95.510017,19.802570,2025-04-14,20250410,41,qcobs_profile_orig
-89.442284,27.700100,2025-04-14,20250410,34,qcobs_profile_orig
-87.024673,26.777100,2025-04-14,20250410,41,qcobs_profile_orig
-87.557877,27.382021,2025-04-14,20250410,41,qcobs_profile_orig
-93.482582,21.040581,2025-04-14,20250410,41,qcobs_profile_orig
-89.666077,25.384159,2025-04-14,20250410,41,qcobs_profile_orig
-87.505608,27.354759,2025-04-14,20250410,38,qcobs_profile_orig
-85.777397,26.589001,2025-04-14,20250410,40,qcobs_profile_orig
-89.618492,27.387310,2025-04-07,20250411,40,qcobs_profile_orig
-84.726921,25.207451,2025-04-07,20250411,40,qcobs_profile_orig
-87.238800,26.170860,2025-04-07,20250411,41,qcobs_profile_orig
-88.070709,25.171539,2025-04-07,20250411,41,qcobs_profile_orig
-88.094223,25.666580,2025-04-07,20250411,41,qcobs_profile_orig
-96.173141,24.768280,2025-04-07,20250411,34,qcobs_profile_orig
-79.636742,19.538349,2025-04-07,20250411,41,qcobs_profile_orig
-95.448578,19.592541,2025-04-08,20250411,40,qcobs_profile_orig
-87.543381,27.348021,2025-04-08,20250411,41,qcobs_profile_orig
-90.701210,25.770800,2025-04-08,20250411,41,qcobs_profile_orig
-84.731506,23.631281,2025-04-08,20250411,41,qcobs_profile_orig
-96.249702,23.156670,2025-04-08,20250411,41,qcobs_profile_orig
-87.022789,28.139589,2025-04-08,20250411,41,qcobs_profile_orig
-96.150047,20.304569,2025-04-09,20250411,36,qcobs_profile_orig
-89.434372,27.691879,2025-04-09,20250411,34,qcobs_profile_orig
-87.527924,26.980850,2025-04-09,20250411,41,qcobs_profile_orig
-87.164520,27.536131,2025-04-09,20250411,41,qcobs_profile_orig
-93.718323,20.993950,2025-04-09,20250411,41,qcobs_profile_orig
-89.538849,25.387991,2025-04-09,20250411,41,qcobs_profile_orig
-87.134911,27.490780,2025-04-09,20250411,38,qcobs_profile_orig
-91.009399,24.633900,2025-04-09,20250411,39,qcobs_profile_orig
-93.362694,24.440310,2025-04-10,20250411,41,qcobs_profile_orig
-82.207497,18.184530,2025-04-10,20250411,41,qcobs_profile_orig
-85.307869,19.529989,2025-04-10,20250411,41,qcobs_profile_orig
-94.644096,19.612970,2025-04-11,20250411,40,qcobs_profile_orig
-89.356934,28.144609,2025-04-11,20250411,32,qcobs_profile_orig
-81.604599,23.397369,2025-04-11,20250411,35,qcobs_profile_orig
-84.233353,24.004049,2025-04-11,20250411,41,qcobs_profile_orig
-91.395081,27.021090,2025-04-11,20250411,38,qcobs_profile_orig
-80.563019,23.776011,2025-04-11,20250411,31,qcobs_profile_orig
-84.273308,24.600180,2025-04-11,20250411,40,qcobs_profile_orig
-89.780121,27.375160,2025-04-12,20250411,38,qcobs_profile_orig
-84.581757,24.986919,2025-04-12,20250411,40,qcobs_profile_orig
-87.222618,26.169300,2025-04-12,20250411,41,qcobs_profile_orig
-88.298943,25.161551,2025-04-12,20250411,41,qcobs_profile_orig
-87.985023,26.174879,2025-04-12,20250411,41,qcobs_profile_orig
-96.173157,24.758949,2025-04-12,20250411,34,qcobs_profile_orig
-87.758003,27.129459,2025-04-13,20250411,41,qcobs_profile_orig
-91.410179,25.903641,2025-04-13,20250411,41,qcobs_profile_orig
-84.412102,23.633511,2025-04-13,20250411,41,qcobs_profile_orig
-96.182640,23.217449,2025-04-13,20250411,41,qcobs_profile_orig
-87.054619,28.101191,2025-04-13,20250411,41,qcobs_profile_orig
-96.016640,20.375879,2025-04-14,20250411,39,qcobs_profile_orig
-95.510017,19.802570,2025-04-14,20250411,41,qcobs_profile_orig
-89.442284,27.700100,2025-04-14,20250411,34,qcobs_profile_orig
-87.024673,26.777100,2025-04-14,20250411,41,qcobs_profile_orig
-87.557877,27.382021,2025-04-14,20250411,41,qcobs_profile_orig
-93.482582,21.040581,2025-04-14,20250411,41,qcobs_profile_orig
-89.666077,25.384159,2025-04-14,20250411,41,qcobs_profile_orig
-87.505608,27.354759,2025-04-14,20250411,38,qcobs_profile_orig
-85.777397,26.589001,2025-04-14,20250411,40,qcobs_profile_orig
-93.039040,24.605511,2025-04-15,20250411,41,qcobs_profile_orig
-95.448578,19.592541,2025-04-08,20250412,40,qcobs_profile_orig
-87.543381,27.348021,2025-04-08,20250412,41,qcobs_profile_orig
-90.701210,25.770800,2025-04-08,20250412,41,qcobs_profile_orig
-84.731506,23.631281,2025-04-08,20250412,41,qcobs_profile_orig
-96.249702,23.156670,2025-04-08,20250412,41,qcobs_profile_orig
-87.022789,28.139589,2025-04-08,20250412,41,qcobs_profile_orig
-96.150047,20.304569,2025-04-09,20250412,36,qcobs_profile_orig
-89.434372,27.691879,2025-04-09,20250412,34,qcobs_profile_orig
-87.527924,26.980850,2025-04-09,20250412,41,qcobs_profile_orig
-87.164520,27.536131,2025-04-09,20250412,41,qcobs_profile_orig
-93.718323,20.993950,2025-04-09,20250412,41,qcobs_profile_orig
-89.538849,25.387991,2025-04-09,20250412,41,qcobs_profile_orig
-87.134911,27.490780,2025-04-09,20250412,38,qcobs_profile_orig
-91.009399,24.633900,2025-04-09,20250412,39,qcobs_profile_orig
-93.362694,24.440310,2025-04-10,20250412,41,qcobs_profile_orig
-82.207497,18.184530,2025-04-10,20250412,41,qcobs_profile_orig
-85.307869,19.529989,2025-04-10,20250412,41,qcobs_profile_orig
-94.644096,19.612970,2025-04-11,20250412,40,qcobs_profile_orig
-89.356934,28.144609,2025-04-11,20250412,32,qcobs_profile_orig
-81.604599,23.397369,2025-04-11,20250412,35,qcobs_profile_orig
-84.233353,24.004049,2025-04-11,20250412,41,qcobs_profile_orig
-91.395081,27.021090,2025-04-11,20250412,38,qcobs_profile_orig
-80.563019,23.776011,2025-04-11,20250412,31,qcobs_profile_orig
-84.273308,24.600180,2025-04-11,20250412,40,qcobs_profile_orig
-89.780121,27.375160,2025-04-12,20250412,38,qcobs_profile_orig
-84.581757,24.986919,2025-04-12,20250412,40,qcobs_profile_orig
-87.222618,26.169300,2025-04-12,20250412,41,qcobs_profile_orig
-88.298943,25.161551,2025-04-12,20250412,41,qcobs_profile_orig
-87.985023,26.174879,2025-04-12,20250412,41,qcobs_profile_orig
-96.173157,24.758949,2025-04-12,20250412,34,qcobs_profile_orig
-87.758003,27.129459,2025-04-13,20250412,41,qcobs_profile_orig
-91.410179,25.903641,2025-04-13,20250412,41,qcobs_profile_orig
-84.412102,23.633511,2025-04-13,20250412,41,qcobs_profile_orig
-96.182640,23.217449,2025-04-13,20250412,41,qcobs_profile_orig
-87.054619,28.101191,2025-04-13,20250412,41,qcobs_profile_orig
-96.016640,20.375879,2025-04-14,20250412,39,qcobs_profile_orig
-95.510017,19.802570,2025-04-14,20250412,41,qcobs_profile_orig
-89.442284,27.700100,2025-04-14,20250412,34,qcobs_profile_orig
-87.024673,26.777100,2025-04-14,20250412,41,qcobs_profile_orig
-87.557877,27.382021,2025-04-14,20250412,41,qcobs_profile_orig
-93.482582,21.040581,2025-04-14,20250412,41,qcobs_profile_orig
-89.666077,25.384159,2025-04-14,20250412,41,qcobs_profile_orig
-87.505608,27.354759,2025-04-14,20250412,38,qcobs_profile_orig
-85.777397,26.589001,2025-04-14,20250412,40,qcobs_profile_orig
-93.039040,24.605511,2025-04-15,20250412,41,qcobs_profile_orig
-94.610901,19.513241,2025-04-16,20250412,38,qcobs_profile_orig
-89.352379,28.148211,2025-04-16,20250412,31,qcobs_profile_orig
-81.613632,23.399010,2025-04-16,20250412,35,qcobs_profile_orig
-84.282829,23.798140,2025-04-16,20250412,41,qcobs_profile_orig
-91.356613,27.004980,2025-04-16,20250412,39,qcobs_profile_orig
-80.552231,23.777510,2025-04-16,20250412,30,qcobs_profile_orig
-84.739929,24.724880,2025-04-16,20250412,40,qcobs_profile_orig
-96.150047,20.304569,2025-04-09,20250413,36,qcobs_profile_orig
-89.434372,27.691879,2025-04-09,20250413,34,qcobs_profile_orig
-87.527924,26.980850,2025-04-09,20250413,41,qcobs_profile_orig
-87.164520,27.536131,2025-04-09,20250413,41,qcobs_profile_orig
-93.718323,20.993950,2025-04-09,20250413,41,qcobs_profile_orig
-89.538849,25.387991,2025-04-09,20250413,41,qcobs_profile_orig
-87.134911,27.490780,2025-04-09,20250413,38,qcobs_profile_orig
-91.009399,24.633900,2025-04-09,20250413,39,qcobs_profile_orig
-93.362694,24.440310,2025-04-10,20250413,41,qcobs_profile_orig
-82.207497,18.184530,2025-04-10,20250413,41,qcobs_profile_orig
-85.307869,19.529989,2025-04-10,20250413,41,qcobs_profile_orig
-94.644096,19.612970,2025-04-11,20250413,40,qcobs_profile_orig
-89.356934,28.144609,2025-04-11,20250413,32,qcobs_profile_orig
-81.604599,23.397369,2025-04-11,20250413,35,qcobs_profile_orig
-84.233353,24.004049,2025-04-11,20250413,41,qcobs_profile_orig
-91.395081,27.021090,2025-04-11,20250413,38,qcobs_profile_orig
-80.563019,23.776011,2025-04-11,20250413,31,qcobs_profile_orig
-84.273308,24.600180,2025-04-11,20250413,40,qcobs_profile_orig
-89.780121,27.375160,2025-04-12,20250413,38,qcobs_profile_orig
-84.581757,24.986919,2025-04-12,20250413,40,qcobs_profile_orig
-87.222618,26.169300,2025-04-12,20250413,41,qcobs_profile_orig
-88.298943,25.161551,2025-04-12,20250413,41,qcobs_profile_orig
-87.985023,26.174879,2025-04-12,20250413,41,qcobs_profile_orig
-96.173157,24.758949,2025-04-12,20250413,34,qcobs_profile_orig
-87.758003,27.129459,2025-04-13,20250413,41,qcobs_profile_orig
-91.410179,25.903641,2025-04-13,20250413,41,qcobs_profile_orig
-84.412102,23.633511,2025-04-13,20250413,41,qcobs_profile_orig
-96.182640,23.217449,2025-04-13,20250413,41,qcobs_profile_orig
-87.054619,28.101191,2025-04-13,20250413,41,qcobs_profile_orig
-96.016640,20.375879,2025-04-14,20250413,39,qcobs_profile_orig
-95.510017,19.802570,2025-04-14,20250413,41,qcobs_profile_orig
-89.442284,27.700100,2025-04-14,20250413,34,qcobs_profile_orig
-87.024673,26.777100,2025-04-14,20250413,41,qcobs_profile_orig
-87.557877,27.382021,2025-04-14,20250413,41,qcobs_profile_orig
-93.482582,21.040581,2025-04-14,20250413,41,qcobs_profile_orig
-89.666077,25.384159,2025-04-14,20250413,41,qcobs_profile_orig
-87.505608,27.354759,2025-04-14,20250413,38,qcobs_profile_orig
-85.777397,26.589001,2025-04-14,20250413,40,qcobs_profile_orig
-93.039040,24.605511,2025-04-15,20250413,41,qcobs_profile_orig
-94.610901,19.513241,2025-04-16,20250413,38,qcobs_profile_orig
-89.352379,28.148211,2025-04-16,20250413,31,qcobs_profile_orig
-81.613632,23.399010,2025-04-16,20250413,35,qcobs_profile_orig
-84.282829,23.798140,2025-04-16,20250413,41,qcobs_profile_orig
-91.356613,27.004980,2025-04-16,20250413,39,qcobs_profile_orig
-80.552231,23.777510,2025-04-16,20250413,30,qcobs_profile_orig
-84.739929,24.724880,2025-04-16,20250413,40,qcobs_profile_orig
-89.998421,27.225540,2025-04-17,20250413,40,qcobs_profile_orig
-84.780281,24.858971,2025-04-17,20250413,40,qcobs_profile_orig
-86.717850,26.137020,2025-04-17,20250413,41,qcobs_profile_orig
-88.573303,25.125990,2025-04-17,20250413,41,qcobs_profile_orig
-87.760696,26.012461,2025-04-17,20250413,41,qcobs_profile_orig
-96.172157,24.760380,2025-04-17,20250413,34,qcobs_profile_orig
-79.685036,19.686512,2025-04-17,20250413,32,qcobs_profile_orig
-93.362694,24.440310,2025-04-10,20250414,41,qcobs_profile_orig
-82.207497,18.184530,2025-04-10,20250414,41,qcobs_profile_orig
-85.307869,19.529989,2025-04-10,20250414,41,qcobs_profile_orig
-94.644096,19.612970,2025-04-11,20250414,40,qcobs_profile_orig
-89.356934,28.144609,2025-04-11,20250414,32,qcobs_profile_orig
-81.604599,23.397369,2025-04-11,20250414,35,qcobs_profile_orig
-84.233353,24.004049,2025-04-11,20250414,41,qcobs_profile_orig
-91.395081,27.021090,2025-04-11,20250414,38,qcobs_profile_orig
-80.563019,23.776011,2025-04-11,20250414,31,qcobs_profile_orig
-84.273308,24.600180,2025-04-11,20250414,40,qcobs_profile_orig
-89.780121,27.375160,2025-04-12,20250414,38,qcobs_profile_orig
-84.581757,24.986919,2025-04-12,20250414,40,qcobs_profile_orig
-87.222618,26.169300,2025-04-12,20250414,41,qcobs_profile_orig
-88.298943,25.161551,2025-04-12,20250414,41,qcobs_profile_orig
-87.985023,26.174879,2025-04-12,20250414,41,qcobs_profile_orig
-96.173157,24.758949,2025-04-12,20250414,34,qcobs_profile_orig
-87.758003,27.129459,2025-04-13,20250414,41,qcobs_profile_orig
-91.410179,25.903641,2025-04-13,20250414,41,qcobs_profile_orig
-84.412102,23.633511,2025-04-13,20250414,41,qcobs_profile_orig
-96.182640,23.217449,2025-04-13,20250414,41,qcobs_profile_orig
-87.054619,28.101191,2025-04-13,20250414,41,qcobs_profile_orig
-96.016640,20.375879,2025-04-14,20250414,39,qcobs_profile_orig
-95.510017,19.802570,2025-04-14,20250414,41,qcobs_profile_orig
-89.442284,27.700100,2025-04-14,20250414,34,qcobs_profile_orig
-87.024673,26.777100,2025-04-14,20250414,41,qcobs_profile_orig
-87.557877,27.382021,2025-04-14,20250414,41,qcobs_profile_orig
-93.482582,21.040581,2025-04-14,20250414,41,qcobs_profile_orig
-89.666077,25.384159,2025-04-14,20250414,41,qcobs_profile_orig
-87.505608,27.354759,2025-04-14,20250414,38,qcobs_profile_orig
-85.777397,26.589001,2025-04-14,20250414,40,qcobs_profile_orig
-93.039040,24.605511,2025-04-15,20250414,41,qcobs_profile_orig
-94.610901,19.513241,2025-04-16,20250414,38,qcobs_profile_orig
-89.352379,28.148211,2025-04-16,20250414,31,qcobs_profile_orig
-81.613632,23.399010,2025-04-16,20250414,35,qcobs_profile_orig
-84.282829,23.798140,2025-04-16,20250414,41,qcobs_profile_orig
-91.356613,27.004980,2025-04-16,20250414,39,qcobs_profile_orig
-80.552231,23.777510,2025-04-16,20250414,30,qcobs_profile_orig
-84.739929,24.724880,2025-04-16,20250414,40,qcobs_profile_orig
-89.998421,27.225540,2025-04-17,20250414,40,qcobs_profile_orig
-84.780281,24.858971,2025-04-17,20250414,40,qcobs_profile_orig
-86.717850,26.137020,2025-04-17,20250414,41,qcobs_profile_orig
-88.573303,25.125990,2025-04-17,20250414,41,qcobs_profile_orig
-87.760696,26.012461,2025-04-17,20250414,41,qcobs_profile_orig
-96.172157,24.760380,2025-04-17,20250414,34,qcobs_profile_orig
-79.685036,19.686512,2025-04-17,20250414,32,qcobs_profile_orig
-87.859749,26.756620,2025-04-18,20250414,41,qcobs_profile_orig
-91.666252,25.936819,2025-04-18,20250414,41,qcobs_profile_orig
-84.317017,23.712339,2025-04-18,20250414,41,qcobs_profile_orig
-96.298248,23.220350,2025-04-18,20250414,41,qcobs_profile_orig
-87.102211,28.071140,2025-04-18,20250414,41,qcobs_profile_orig
-94.644096,19.612970,2025-04-11,20250415,40,qcobs_profile_orig
-89.356934,28.144609,2025-04-11,20250415,32,qcobs_profile_orig
-81.604599,23.397369,2025-04-11,20250415,35,qcobs_profile_orig
-84.233353,24.004049,2025-04-11,20250415,41,qcobs_profile_orig
-91.395081,27.021090,2025-04-11,20250415,38,qcobs_profile_orig
-80.563019,23.776011,2025-04-11,20250415,31,qcobs_profile_orig
-84.273308,24.600180,2025-04-11,20250415,40,qcobs_profile_orig
-89.780121,27.375160,2025-04-12,20250415,38,qcobs_profile_orig
-84.581757,24.986919,2025-04-12,20250415,40,qcobs_profile_orig
-87.222618,26.169300,2025-04-12,20250415,41,qcobs_profile_orig
-88.298943,25.161551,2025-04-12,20250415,41,qcobs_profile_orig
-87.985023,26.174879,2025-04-12,20250415,41,qcobs_profile_orig
-96.173157,24.758949,2025-04-12,20250415,34,qcobs_profile_orig
-87.758003,27.129459,2025-04-13,20250415,41,qcobs_profile_orig
-91.410179,25.903641,2025-04-13,20250415,41,qcobs_profile_orig
-84.412102,23.633511,2025-04-13,20250415,41,qcobs_profile_orig
-96.182640,23.217449,2025-04-13,20250415,41,qcobs_profile_orig
-87.054619,28.101191,2025-04-13,20250415,41,qcobs_profile_orig
-96.016640,20.375879,2025-04-14,20250415,39,qcobs_profile_orig
-95.510017,19.802570,2025-04-14,20250415,41,qcobs_profile_orig
-89.442284,27.700100,2025-04-14,20250415,34,qcobs_profile_orig
-87.024673,26.777100,2025-04-14,20250415,41,qcobs_profile_orig
-87.557877,27.382021,2025-04-14,20250415,41,qcobs_profile_orig
-93.482582,21.040581,2025-04-14,20250415,41,qcobs_profile_orig
-89.666077,25.384159,2025-04-14,20250415,41,qcobs_profile_orig
-87.505608,27.354759,2025-04-14,20250415,38,qcobs_profile_orig
-85.777397,26.589001,2025-04-14,20250415,40,qcobs_profile_orig
-93.039040,24.605511,2025-04-15,20250415,41,qcobs_profile_orig
-94.610901,19.513241,2025-04-16,20250415,38,qcobs_profile_orig
-89.352379,28.148211,2025-04-16,20250415,31,qcobs_profile_orig
-81.613632,23.399010,2025-04-16,20250415,35,qcobs_profile_orig
-84.282829,23.798140,2025-04-16,20250415,41,qcobs_profile_orig
-91.356613,27.004980,2025-04-16,20250415,39,qcobs_profile_orig
-80.552231,23.777510,2025-04-16,20250415,30,qcobs_profile_orig
-84.739929,24.724880,2025-04-16,20250415,40,qcobs_profile_orig
-89.998421,27.225540,2025-04-17,20250415,40,qcobs_profile_orig
-84.780281,24.858971,2025-04-17,20250415,40,qcobs_profile_orig
-86.717850,26.137020,2025-04-17,20250415,41,qcobs_profile_orig
-88.573303,25.125990,2025-04-17,20250415,41,qcobs_profile_orig
-87.760696,26.012461,2025-04-17,20250415,41,qcobs_profile_orig
-96.172157,24.760380,2025-04-17,20250415,34,qcobs_profile_orig
-79.685036,19.686512,2025-04-17,20250415,32,qcobs_profile_orig
-87.859749,26.756620,2025-04-18,20250415,41,qcobs_profile_orig
-91.666252,25.936819,2025-04-18,20250415,41,qcobs_profile_orig
-84.317017,23.712339,2025-04-18,20250415,41,qcobs_profile_orig
-96.298248,23.220350,2025-04-18,20250415,41,qcobs_profile_orig
-87.102211,28.071140,2025-04-18,20250415,41,qcobs_profile_orig
-95.920509,20.637621,2025-04-19,20250415,41,qcobs_profile_orig
-95.828667,20.157320,2025-04-19,20250415,41,qcobs_profile_orig
-89.445961,27.701139,2025-04-19,20250415,34,qcobs_profile_orig
-87.291008,26.957581,2025-04-19,20250415,41,qcobs_profile_orig
-88.032707,27.143610,2025-04-19,20250415,41,qcobs_profile_orig
-93.308891,20.980339,2025-04-19,20250415,41,qcobs_profile_orig
-89.782867,25.019770,2025-04-19,20250415,41,qcobs_profile_orig
-87.994362,27.045080,2025-04-19,20250415,38,qcobs_profile_orig
-90.681602,25.484400,2025-04-19,20250415,39,qcobs_profile_orig
-89.780121,27.375160,2025-04-12,20250416,38,qcobs_profile_orig
-84.581757,24.986919,2025-04-12,20250416,40,qcobs_profile_orig
-87.222618,26.169300,2025-04-12,20250416,41,qcobs_profile_orig
-88.298943,25.161551,2025-04-12,20250416,41,qcobs_profile_orig
-87.985023,26.174879,2025-04-12,20250416,41,qcobs_profile_orig
-96.173157,24.758949,2025-04-12,20250416,34,qcobs_profile_orig
-87.758003,27.129459,2025-04-13,20250416,41,qcobs_profile_orig
-91.410179,25.903641,2025-04-13,20250416,41,qcobs_profile_orig
-84.412102,23.633511,2025-04-13,20250416,41,qcobs_profile_orig
-96.182640,23.217449,2025-04-13,20250416,41,qcobs_profile_orig
-87.054619,28.101191,2025-04-13,20250416,41,qcobs_profile_orig
-96.016640,20.375879,2025-04-14,20250416,39,qcobs_profile_orig
-95.510017,19.802570,2025-04-14,20250416,41,qcobs_profile_orig
-89.442284,27.700100,2025-04-14,20250416,34,qcobs_profile_orig
-87.024673,26.777100,2025-04-14,20250416,41,qcobs_profile_orig
-87.557877,27.382021,2025-04-14,20250416,41,qcobs_profile_orig
-93.482582,21.040581,2025-04-14,20250416,41,qcobs_profile_orig
-89.666077,25.384159,2025-04-14,20250416,41,qcobs_profile_orig
-87.505608,27.354759,2025-04-14,20250416,38,qcobs_profile_orig
-85.777397,26.589001,2025-04-14,20250416,40,qcobs_profile_orig
-93.039040,24.605511,2025-04-15,20250416,41,qcobs_profile_orig
-94.610901,19.513241,2025-04-16,20250416,38,qcobs_profile_orig
-89.352379,28.148211,2025-04-16,20250416,31,qcobs_profile_orig
-81.613632,23.399010,2025-04-16,20250416,35,qcobs_profile_orig
-84.282829,23.798140,2025-04-16,20250416,41,qcobs_profile_orig
-91.356613,27.004980,2025-04-16,20250416,39,qcobs_profile_orig
-80.552231,23.777510,2025-04-16,20250416,30,qcobs_profile_orig
-84.739929,24.724880,2025-04-16,20250416,40,qcobs_profile_orig
-89.998421,27.225540,2025-04-17,20250416,40,qcobs_profile_orig
-84.780281,24.858971,2025-04-17,20250416,40,qcobs_profile_orig
-86.717850,26.137020,2025-04-17,20250416,41,qcobs_profile_orig
-88.573303,25.125990,2025-04-17,20250416,41,qcobs_profile_orig
-87.760696,26.012461,2025-04-17,20250416,41,qcobs_profile_orig
-96.172157,24.760380,2025-04-17,20250416,34,qcobs_profile_orig
-79.685036,19.686512,2025-04-17,20250416,32,qcobs_profile_orig
-87.859749,26.756620,2025-04-18,20250416,41,qcobs_profile_orig
-91.666252,25.936819,2025-04-18,20250416,41,qcobs_profile_orig
-84.317017,23.712339,2025-04-18,20250416,41,qcobs_profile_orig
-96.298248,23.220350,2025-04-18,20250416,41,qcobs_profile_orig
-87.102211,28.071140,2025-04-18,20250416,41,qcobs_profile_orig
-95.920509,20.637621,2025-04-19,20250416,41,qcobs_profile_orig
-95.828667,20.157320,2025-04-19,20250416,41,qcobs_profile_orig
-89.445961,27.701139,2025-04-19,20250416,34,qcobs_profile_orig
-87.291008,26.957581,2025-04-19,20250416,41,qcobs_profile_orig
-88.032707,27.143610,2025-04-19,20250416,41,qcobs_profile_orig
-93.308891,20.980339,2025-04-19,20250416,41,qcobs_profile_orig
-89.782867,25.019770,2025-04-19,20250416,41,qcobs_profile_orig
-87.994362,27.045080,2025-04-19,20250416,38,qcobs_profile_orig
-90.681602,25.484400,2025-04-19,20250416,39,qcobs_profile_orig
-92.478882,24.725420,2025-04-20,20250416,41,qcobs_profile_orig
-84.812271,19.069759,2025-04-20,20250416,41,qcobs_profile_orig
-87.758003,27.129459,2025-04-13,20250417,41,qcobs_profile_orig
-91.410179,25.903641,2025-04-13,20250417,41,qcobs_profile_orig
-84.412102,23.633511,2025-04-13,20250417,41,qcobs_profile_orig
-96.182640,23.217449,2025-04-13,20250417,41,qcobs_profile_orig
-87.054619,28.101191,2025-04-13,20250417,41,qcobs_profile_orig
-96.016640,20.375879,2025-04-14,20250417,39,qcobs_profile_orig
-95.510017,19.802570,2025-04-14,20250417,41,qcobs_profile_orig
-89.442284,27.700100,2025-04-14,20250417,34,qcobs_profile_orig
-87.024673,26.777100,2025-04-14,20250417,41,qcobs_profile_orig
-87.557877,27.382021,2025-04-14,20250417,41,qcobs_profile_orig
-93.482582,21.040581,2025-04-14,20250417,41,qcobs_profile_orig
-89.666077,25.384159,2025-04-14,20250417,41,qcobs_profile_orig
-87.505608,27.354759,2025-04-14,20250417,38,qcobs_profile_orig
-85.777397,26.589001,2025-04-14,20250417,40,qcobs_profile_orig
-93.039040,24.605511,2025-04-15,20250417,41,qcobs_profile_orig
-94.610901,19.513241,2025-04-16,20250417,38,qcobs_profile_orig
-89.352379,28.148211,2025-04-16,20250417,31,qcobs_profile_orig
-81.613632,23.399010,2025-04-16,20250417,35,qcobs_profile_orig
-84.282829,23.798140,2025-04-16,20250417,41,qcobs_profile_orig
-91.356613,27.004980,2025-04-16,20250417,39,qcobs_profile_orig
-80.552231,23.777510,2025-04-16,20250417,30,qcobs_profile_orig
-84.739929,24.724880,2025-04-16,20250417,40,qcobs_profile_orig
-89.998421,27.225540,2025-04-17,20250417,40,qcobs_profile_orig
-84.780281,24.858971,2025-04-17,20250417,40,qcobs_profile_orig
-86.717850,26.137020,2025-04-17,20250417,41,qcobs_profile_orig
-88.573303,25.125990,2025-04-17,20250417,41,qcobs_profile_orig
-87.760696,26.012461,2025-04-17,20250417,41,qcobs_profile_orig
-96.172157,24.760380,2025-04-17,20250417,34,qcobs_profile_orig
-79.685036,19.686512,2025-04-17,20250417,32,qcobs_profile_orig
-87.859749,26.756620,2025-04-18,20250417,41,qcobs_profile_orig
-91.666252,25.936819,2025-04-18,20250417,41,qcobs_profile_orig
-84.317017,23.712339,2025-04-18,20250417,41,qcobs_profile_orig
-96.298248,23.220350,2025-04-18,20250417,41,qcobs_profile_orig
-87.102211,28.071140,2025-04-18,20250417,41,qcobs_profile_orig
-95.920509,20.637621,2025-04-19,20250417,41,qcobs_profile_orig
-95.828667,20.157320,2025-04-19,20250417,41,qcobs_profile_orig
-89.445961,27.701139,2025-04-19,20250417,34,qcobs_profile_orig
-87.291008,26.957581,2025-04-19,20250417,41,qcobs_profile_orig
-88.032707,27.143610,2025-04-19,20250417,41,qcobs_profile_orig
-93.308891,20.980339,2025-04-19,20250417,41,qcobs_profile_orig
-89.782867,25.019770,2025-04-19,20250417,41,qcobs_profile_orig
-87.994362,27.045080,2025-04-19,20250417,38,qcobs_profile_orig
-90.681602,25.484400,2025-04-19,20250417,39,qcobs_profile_orig
-92.478882,24.725420,2025-04-20,20250417,41,qcobs_profile_orig
-84.812271,19.069759,2025-04-20,20250417,41,qcobs_profile_orig
-94.635406,19.375780,2025-04-21,20250417,36,qcobs_profile_orig
-89.354050,28.145651,2025-04-21,20250417,31,qcobs_profile_orig
-81.619591,23.384649,2025-04-21,20250417,35,qcobs_profile_orig
-91.361122,27.004499,2025-04-21,20250417,39,qcobs_profile_orig
-80.547348,23.783489,2025-04-21,20250417,30,qcobs_profile_orig
-85.009590,24.818670,2025-04-21,20250417,40,qcobs_profile_orig
-96.016640,20.375879,2025-04-14,20250418,39,qcobs_profile_orig
-95.510017,19.802570,2025-04-14,20250418,41,qcobs_profile_orig
-89.442284,27.700100,2025-04-14,20250418,34,qcobs_profile_orig
-87.024673,26.777100,2025-04-14,20250418,41,qcobs_profile_orig
-87.557877,27.382021,2025-04-14,20250418,41,qcobs_profile_orig
-93.482582,21.040581,2025-04-14,20250418,41,qcobs_profile_orig
-89.666077,25.384159,2025-04-14,20250418,41,qcobs_profile_orig
-87.505608,27.354759,2025-04-14,20250418,38,qcobs_profile_orig
-85.777397,26.589001,2025-04-14,20250418,40,qcobs_profile_orig
-93.039040,24.605511,2025-04-15,20250418,41,qcobs_profile_orig
-94.610901,19.513241,2025-04-16,20250418,38,qcobs_profile_orig
-89.352379,28.148211,2025-04-16,20250418,31,qcobs_profile_orig
-81.613632,23.399010,2025-04-16,20250418,35,qcobs_profile_orig
-84.282829,23.798140,2025-04-16,20250418,41,qcobs_profile_orig
-91.356613,27.004980,2025-04-16,20250418,39,qcobs_profile_orig
-80.552231,23.777510,2025-04-16,20250418,30,qcobs_profile_orig
-84.739929,24.724880,2025-04-16,20250418,40,qcobs_profile_orig
-89.998421,27.225540,2025-04-17,20250418,40,qcobs_profile_orig
-84.780281,24.858971,2025-04-17,20250418,40,qcobs_profile_orig
-86.717850,26.137020,2025-04-17,20250418,41,qcobs_profile_orig
-88.573303,25.125990,2025-04-17,20250418,41,qcobs_profile_orig
-87.760696,26.012461,2025-04-17,20250418,41,qcobs_profile_orig
-96.172157,24.760380,2025-04-17,20250418,34,qcobs_profile_orig
-79.685036,19.686512,2025-04-17,20250418,31,qcobs_profile_orig
-87.859749,26.756620,2025-04-18,20250418,41,qcobs_profile_orig
-91.666252,25.936819,2025-04-18,20250418,41,qcobs_profile_orig
-84.317017,23.712339,2025-04-18,20250418,41,qcobs_profile_orig
-96.298248,23.220350,2025-04-18,20250418,41,qcobs_profile_orig
-87.102211,28.071140,2025-04-18,20250418,41,qcobs_profile_orig
-95.920509,20.637621,2025-04-19,20250418,41,qcobs_profile_orig
-95.828667,20.157320,2025-04-19,20250418,41,qcobs_profile_orig
-89.445961,27.701139,2025-04-19,20250418,34,qcobs_profile_orig
-87.291008,26.957581,2025-04-19,20250418,41,qcobs_profile_orig
-88.032707,27.143610,2025-04-19,20250418,41,qcobs_profile_orig
-93.308891,20.980339,2025-04-19,20250418,41,qcobs_profile_orig
-89.782867,25.019770,2025-04-19,20250418,41,qcobs_profile_orig
-87.994362,27.045080,2025-04-19,20250418,38,qcobs_profile_orig
-90.681602,25.484400,2025-04-19,20250418,39,qcobs_profile_orig
-92.478882,24.725420,2025-04-20,20250418,41,qcobs_profile_orig
-84.812271,19.069759,2025-04-20,20250418,41,qcobs_profile_orig
-94.635406,19.375780,2025-04-21,20250418,36,qcobs_profile_orig
-89.354050,28.145651,2025-04-21,20250418,31,qcobs_profile_orig
-81.619591,23.384649,2025-04-21,20250418,35,qcobs_profile_orig
-91.361122,27.004499,2025-04-21,20250418,39,qcobs_profile_orig
-80.547348,23.783489,2025-04-21,20250418,30,qcobs_profile_orig
-85.009590,24.818670,2025-04-21,20250418,40,qcobs_profile_orig
-90.329269,27.108749,2025-04-22,20250418,38,qcobs_profile_orig
-84.172813,23.738350,2025-04-22,20250418,41,qcobs_profile_orig
-85.349289,24.479080,2025-04-22,20250418,40,qcobs_profile_orig
-86.132858,25.943810,2025-04-22,20250418,41,qcobs_profile_orig
-87.283951,25.890640,2025-04-22,20250418,41,qcobs_profile_orig
-96.165840,24.762621,2025-04-22,20250418,34,qcobs_profile_orig
-93.039040,24.605511,2025-04-15,20250419,41,qcobs_profile_orig
-94.610901,19.513241,2025-04-16,20250419,38,qcobs_profile_orig
-89.352379,28.148211,2025-04-16,20250419,31,qcobs_profile_orig
-81.613632,23.399010,2025-04-16,20250419,35,qcobs_profile_orig
-84.282829,23.798140,2025-04-16,20250419,41,qcobs_profile_orig
-91.356613,27.004980,2025-04-16,20250419,39,qcobs_profile_orig
-80.552231,23.777510,2025-04-16,20250419,30,qcobs_profile_orig
-84.739929,24.724880,2025-04-16,20250419,40,qcobs_profile_orig
-89.998421,27.225540,2025-04-17,20250419,40,qcobs_profile_orig
-84.780281,24.858971,2025-04-17,20250419,40,qcobs_profile_orig
-86.717850,26.137020,2025-04-17,20250419,41,qcobs_profile_orig
-88.573303,25.125990,2025-04-17,20250419,41,qcobs_profile_orig
-87.760696,26.012461,2025-04-17,20250419,41,qcobs_profile_orig
-96.172157,24.760380,2025-04-17,20250419,34,qcobs_profile_orig
-79.685036,19.686512,2025-04-17,20250419,32,qcobs_profile_orig
-87.859749,26.756620,2025-04-18,20250419,41,qcobs_profile_orig
-91.666252,25.936819,2025-04-18,20250419,41,qcobs_profile_orig
-84.317017,23.712339,2025-04-18,20250419,41,qcobs_profile_orig
-96.298248,23.220350,2025-04-18,20250419,41,qcobs_profile_orig
-87.102211,28.071140,2025-04-18,20250419,41,qcobs_profile_orig
-95.920509,20.637621,2025-04-19,20250419,41,qcobs_profile_orig
-95.828667,20.157320,2025-04-19,20250419,41,qcobs_profile_orig
-89.445961,27.701139,2025-04-19,20250419,34,qcobs_profile_orig
-87.291008,26.957581,2025-04-19,20250419,41,qcobs_profile_orig
-88.032707,27.143610,2025-04-19,20250419,41,qcobs_profile_orig
-93.308891,20.980339,2025-04-19,20250419,41,qcobs_profile_orig
-89.782867,25.019770,2025-04-19,20250419,41,qcobs_profile_orig
-87.994362,27.045080,2025-04-19,20250419,38,qcobs_profile_orig
-90.681602,25.484400,2025-04-19,20250419,39,qcobs_profile_orig
-92.478882,24.725420,2025-04-20,20250419,41,qcobs_profile_orig
-84.812271,19.069759,2025-04-20,20250419,41,qcobs_profile_orig
-94.635406,19.375780,2025-04-21,20250419,36,qcobs_profile_orig
-89.354050,28.145651,2025-04-21,20250419,31,qcobs_profile_orig
-81.619591,23.384649,2025-04-21,20250419,35,qcobs_profile_orig
-91.361122,27.004499,2025-04-21,20250419,39,qcobs_profile_orig
-80.547348,23.783489,2025-04-21,20250419,30,qcobs_profile_orig
-85.009590,24.818670,2025-04-21,20250419,40,qcobs_profile_orig
-90.329269,27.108749,2025-04-22,20250419,38,qcobs_profile_orig
-84.172813,23.738350,2025-04-22,20250419,41,qcobs_profile_orig
-85.349289,24.479080,2025-04-22,20250419,40,qcobs_profile_orig
-86.132858,25.943810,2025-04-22,20250419,41,qcobs_profile_orig
-87.283951,25.890640,2025-04-22,20250419,41,qcobs_profile_orig
-96.165840,24.762621,2025-04-22,20250419,34,qcobs_profile_orig
-88.177467,26.323681,2025-04-23,20250419,41,qcobs_profile_orig
-91.572510,25.908159,2025-04-23,20250419,41,qcobs_profile_orig
-84.379570,23.794090,2025-04-23,20250419,41,qcobs_profile_orig
-96.292679,23.211260,2025-04-23,20250419,41,qcobs_profile_orig
-88.780357,25.226570,2025-04-23,20250419,34,qcobs_profile_orig
-87.020363,28.124010,2025-04-23,20250419,41,qcobs_profile_orig
-94.610901,19.513241,2025-04-16,20250420,38,qcobs_profile_orig
-89.352379,28.148211,2025-04-16,20250420,31,qcobs_profile_orig
-81.613632,23.399010,2025-04-16,20250420,35,qcobs_profile_orig
-84.282829,23.798140,2025-04-16,20250420,41,qcobs_profile_orig
-91.356613,27.004980,2025-04-16,20250420,39,qcobs_profile_orig
-80.552231,23.777510,2025-04-16,20250420,30,qcobs_profile_orig
-84.739929,24.724880,2025-04-16,20250420,40,qcobs_profile_orig
-89.998421,27.225540,2025-04-17,20250420,40,qcobs_profile_orig
-84.780281,24.858971,2025-04-17,20250420,40,qcobs_profile_orig
-86.717850,26.137020,2025-04-17,20250420,41,qcobs_profile_orig
-88.573303,25.125990,2025-04-17,20250420,41,qcobs_profile_orig
-87.760696,26.012461,2025-04-17,20250420,41,qcobs_profile_orig
-96.172157,24.760380,2025-04-17,20250420,34,qcobs_profile_orig
-79.685036,19.686512,2025-04-17,20250420,32,qcobs_profile_orig
-87.859749,26.756620,2025-04-18,20250420,41,qcobs_profile_orig
-91.666252,25.936819,2025-04-18,20250420,41,qcobs_profile_orig
-84.317017,23.712339,2025-04-18,20250420,41,qcobs_profile_orig
-96.298248,23.220350,2025-04-18,20250420,41,qcobs_profile_orig
-87.102211,28.071140,2025-04-18,20250420,41,qcobs_profile_orig
-95.920509,20.637621,2025-04-19,20250420,41,qcobs_profile_orig
-95.828667,20.157320,2025-04-19,20250420,41,qcobs_profile_orig
-89.445961,27.701139,2025-04-19,20250420,34,qcobs_profile_orig
-87.291008,26.957581,2025-04-19,20250420,41,qcobs_profile_orig
-88.032707,27.143610,2025-04-19,20250420,41,qcobs_profile_orig
-93.308891,20.980339,2025-04-19,20250420,41,qcobs_profile_orig
-89.782867,25.019770,2025-04-19,20250420,41,qcobs_profile_orig
-87.994362,27.045080,2025-04-19,20250420,38,qcobs_profile_orig
-90.681602,25.484400,2025-04-19,20250420,39,qcobs_profile_orig
-92.478882,24.725420,2025-04-20,20250420,41,qcobs_profile_orig
-84.812271,19.069759,2025-04-20,20250420,41,qcobs_profile_orig
-94.635406,19.375780,2025-04-21,20250420,36,qcobs_profile_orig
-89.354050,28.145651,2025-04-21,20250420,31,qcobs_profile_orig
-81.619591,23.384649,2025-04-21,20250420,35,qcobs_profile_orig
-91.361122,27.004499,2025-04-21,20250420,39,qcobs_profile_orig
-80.547348,23.783489,2025-04-21,20250420,30,qcobs_profile_orig
-85.009590,24.818670,2025-04-21,20250420,40,qcobs_profile_orig
-90.329269,27.108749,2025-04-22,20250420,38,qcobs_profile_orig
-84.172813,23.738350,2025-04-22,20250420,41,qcobs_profile_orig
-85.349289,24.479080,2025-04-22,20250420,40,qcobs_profile_orig
-86.132858,25.943810,2025-04-22,20250420,41,qcobs_profile_orig
-87.283951,25.890640,2025-04-22,20250420,41,qcobs_profile_orig
-96.165840,24.762621,2025-04-22,20250420,34,qcobs_profile_orig
-88.177467,26.323681,2025-04-23,20250420,41,qcobs_profile_orig
-91.572510,25.908159,2025-04-23,20250420,41,qcobs_profile_orig
-84.379570,23.794090,2025-04-23,20250420,41,qcobs_profile_orig
-96.292679,23.211260,2025-04-23,20250420,41,qcobs_profile_orig
-88.780357,25.226570,2025-04-23,20250420,35,qcobs_profile_orig
-87.020363,28.124010,2025-04-23,20250420,41,qcobs_profile_orig
-95.918861,20.396120,2025-04-24,20250420,41,qcobs_profile_orig
-95.762238,20.554790,2025-04-24,20250420,41,qcobs_profile_orig
-89.448212,27.705050,2025-04-24,20250420,34,qcobs_profile_orig
-87.745697,26.472969,2025-04-24,20250420,41,qcobs_profile_orig
-93.285980,20.842951,2025-04-24,20250420,41,qcobs_profile_orig
-89.920517,24.553070,2025-04-24,20250420,41,qcobs_profile_orig
-88.322800,26.861910,2025-04-24,20250420,38,qcobs_profile_orig
-89.998421,27.225540,2025-04-17,20250421,40,qcobs_profile_orig
-84.780281,24.858971,2025-04-17,20250421,40,qcobs_profile_orig
-86.717850,26.137020,2025-04-17,20250421,41,qcobs_profile_orig
-88.573303,25.125990,2025-04-17,20250421,41,qcobs_profile_orig
-87.760696,26.012461,2025-04-17,20250421,41,qcobs_profile_orig
-96.172157,24.760380,2025-04-17,20250421,34,qcobs_profile_orig
-79.685036,19.686512,2025-04-17,20250421,32,qcobs_profile_orig
-87.859749,26.756620,2025-04-18,20250421,41,qcobs_profile_orig
-91.666252,25.936819,2025-04-18,20250421,41,qcobs_profile_orig
-84.317017,23.712339,2025-04-18,20250421,41,qcobs_profile_orig
-96.298248,23.220350,2025-04-18,20250421,41,qcobs_profile_orig
-87.102211,28.071140,2025-04-18,20250421,41,qcobs_profile_orig
-95.920509,20.637621,2025-04-19,20250421,41,qcobs_profile_orig
-95.828667,20.157320,2025-04-19,20250421,41,qcobs_profile_orig
-89.445961,27.701139,2025-04-19,20250421,34,qcobs_profile_orig
-87.291008,26.957581,2025-04-19,20250421,41,qcobs_profile_orig
-88.032707,27.143610,2025-04-19,20250421,41,qcobs_profile_orig
-93.308891,20.980339,2025-04-19,20250421,41,qcobs_profile_orig
-89.782867,25.019770,2025-04-19,20250421,41,qcobs_profile_orig
-87.994362,27.045080,2025-04-19,20250421,38,qcobs_profile_orig
-90.681602,25.484400,2025-04-19,20250421,39,qcobs_profile_orig
-92.478882,24.725420,2025-04-20,20250421,41,qcobs_profile_orig
-84.812271,19.069759,2025-04-20,20250421,41,qcobs_profile_orig
-94.635406,19.375780,2025-04-21,20250421,36,qcobs_profile_orig
-89.354050,28.145651,2025-04-21,20250421,31,qcobs_profile_orig
-81.619591,23.384649,2025-04-21,20250421,35,qcobs_profile_orig
-91.361122,27.004499,2025-04-21,20250421,39,qcobs_profile_orig
-80.547348,23.783489,2025-04-21,20250421,30,qcobs_profile_orig
-85.009590,24.818670,2025-04-21,20250421,40,qcobs_profile_orig
-90.329269,27.108749,2025-04-22,20250421,38,qcobs_profile_orig
-84.172813,23.738350,2025-04-22,20250421,41,qcobs_profile_orig
-85.349289,24.479080,2025-04-22,20250421,40,qcobs_profile_orig
-86.132858,25.943810,2025-04-22,20250421,41,qcobs_profile_orig
-87.283951,25.890640,2025-04-22,20250421,41,qcobs_profile_orig
-96.165840,24.762621,2025-04-22,20250421,34,qcobs_profile_orig
-88.177467,26.323681,2025-04-23,20250421,41,qcobs_profile_orig
-91.572510,25.908159,2025-04-23,20250421,41,qcobs_profile_orig
-84.379570,23.794090,2025-04-23,20250421,41,qcobs_profile_orig
-96.292679,23.211260,2025-04-23,20250421,41,qcobs_profile_orig
-88.780357,25.226570,2025-04-23,20250421,36,qcobs_profile_orig
-87.020363,28.124010,2025-04-23,20250421,41,qcobs_profile_orig
-95.918861,20.396120,2025-04-24,20250421,41,qcobs_profile_orig
-95.762238,20.554790,2025-04-24,20250421,41,qcobs_profile_orig
-89.448212,27.705050,2025-04-24,20250421,34,qcobs_profile_orig
-87.745697,26.472969,2025-04-24,20250421,41,qcobs_profile_orig
-93.285980,20.842951,2025-04-24,20250421,41,qcobs_profile_orig
-89.920517,24.553070,2025-04-24,20250421,41,qcobs_profile_orig
-88.322800,26.861910,2025-04-24,20250421,38,qcobs_profile_orig
-92.096046,24.925560,2025-04-25,20250421,41,qcobs_profile_orig
-88.197884,27.126329,2025-04-25,20250421,41,qcobs_profile_orig
-86.710899,26.876101,2025-04-25,20250421,40,qcobs_profile_orig
-87.859749,26.756620,2025-04-18,20250422,41,qcobs_profile_orig
-91.666252,25.936819,2025-04-18,20250422,41,qcobs_profile_orig
-84.317017,23.712339,2025-04-18,20250422,41,qcobs_profile_orig
-96.298248,23.220350,2025-04-18,20250422,41,qcobs_profile_orig
-87.102211,28.071140,2025-04-18,20250422,41,qcobs_profile_orig
-95.920509,20.637621,2025-04-19,20250422,41,qcobs_profile_orig
-95.828667,20.157320,2025-04-19,20250422,41,qcobs_profile_orig
-89.445961,27.701139,2025-04-19,20250422,34,qcobs_profile_orig
-87.291008,26.957581,2025-04-19,20250422,41,qcobs_profile_orig
-88.032707,27.143610,2025-04-19,20250422,41,qcobs_profile_orig
-93.308891,20.980339,2025-04-19,20250422,41,qcobs_profile_orig
-89.782867,25.019770,2025-04-19,20250422,41,qcobs_profile_orig
-87.994362,27.045080,2025-04-19,20250422,38,qcobs_profile_orig
-90.681602,25.484400,2025-04-19,20250422,39,qcobs_profile_orig
-92.478882,24.725420,2025-04-20,20250422,41,qcobs_profile_orig
-84.812271,19.069759,2025-04-20,20250422,41,qcobs_profile_orig
-94.635406,19.375780,2025-04-21,20250422,36,qcobs_profile_orig
-89.354050,28.145651,2025-04-21,20250422,31,qcobs_profile_orig
-81.619591,23.384649,2025-04-21,20250422,35,qcobs_profile_orig
-91.361122,27.004499,2025-04-21,20250422,39,qcobs_profile_orig
-80.547348,23.783489,2025-04-21,20250422,30,qcobs_profile_orig
-85.009590,24.818670,2025-04-21,20250422,40,qcobs_profile_orig
-90.329269,27.108749,2025-04-22,20250422,38,qcobs_profile_orig
-84.172813,23.738350,2025-04-22,20250422,41,qcobs_profile_orig
-85.349289,24.479080,2025-04-22,20250422,40,qcobs_profile_orig
-86.132858,25.943810,2025-04-22,20250422,41,qcobs_profile_orig
-87.283951,25.890640,2025-04-22,20250422,41,qcobs_profile_orig
-96.165840,24.762621,2025-04-22,20250422,34,qcobs_profile_orig
-88.177467,26.323681,2025-04-23,20250422,41,qcobs_profile_orig
-91.572510,25.908159,2025-04-23,20250422,41,qcobs_profile_orig
-84.379570,23.794090,2025-04-23,20250422,41,qcobs_profile_orig
-96.292679,23.211260,2025-04-23,20250422,41,qcobs_profile_orig
-88.780357,25.226570,2025-04-23,20250422,37,qcobs_profile_orig
-87.020363,28.124010,2025-04-23,20250422,41,qcobs_profile_orig
-95.918861,20.396120,2025-04-24,20250422,41,qcobs_profile_orig
-95.762238,20.554790,2025-04-24,20250422,41,qcobs_profile_orig
-89.448212,27.705050,2025-04-24,20250422,34,qcobs_profile_orig
-87.745697,26.472969,2025-04-24,20250422,41,qcobs_profile_orig
-93.285980,20.842951,2025-04-24,20250422,41,qcobs_profile_orig
-89.920517,24.553070,2025-04-24,20250422,41,qcobs_profile_orig
-88.322800,26.861910,2025-04-24,20250422,38,qcobs_profile_orig
-92.096046,24.925560,2025-04-25,20250422,41,qcobs_profile_orig
-88.197884,27.126329,2025-04-25,20250422,41,qcobs_profile_orig
-86.710899,26.876101,2025-04-25,20250422,40,qcobs_profile_orig
-94.621964,19.367451,2025-04-26,20250422,36,qcobs_profile_orig
-89.355301,28.143360,2025-04-26,20250422,32,qcobs_profile_orig
-81.630600,23.367491,2025-04-26,20250422,35,qcobs_profile_orig
-91.365540,27.073320,2025-04-27,20250422,38,qcobs_profile_orig
-80.546341,23.796730,2025-04-26,20250422,29,qcobs_profile_orig
-85.698082,24.111000,2025-04-26,20250422,40,qcobs_profile_orig
-84.838631,25.054670,2025-04-26,20250422,40,qcobs_profile_orig
-95.920509,20.637621,2025-04-19,20250423,41,qcobs_profile_orig
-95.828667,20.157320,2025-04-19,20250423,41,qcobs_profile_orig
-89.445961,27.701139,2025-04-19,20250423,34,qcobs_profile_orig
-87.291008,26.957581,2025-04-19,20250423,41,qcobs_profile_orig
-88.032707,27.143610,2025-04-19,20250423,41,qcobs_profile_orig
-93.308891,20.980339,2025-04-19,20250423,41,qcobs_profile_orig
-89.782867,25.019770,2025-04-19,20250423,41,qcobs_profile_orig
-87.994362,27.045080,2025-04-19,20250423,38,qcobs_profile_orig
-90.681602,25.484400,2025-04-19,20250423,39,qcobs_profile_orig
-92.478882,24.725420,2025-04-20,20250423,41,qcobs_profile_orig
-84.812271,19.069759,2025-04-20,20250423,41,qcobs_profile_orig
-94.635406,19.375780,2025-04-21,20250423,36,qcobs_profile_orig
-89.354050,28.145651,2025-04-21,20250423,31,qcobs_profile_orig
-81.619591,23.384649,2025-04-21,20250423,35,qcobs_profile_orig
-91.361122,27.004499,2025-04-21,20250423,39,qcobs_profile_orig
-80.547348,23.783489,2025-04-21,20250423,30,qcobs_profile_orig
-85.009590,24.818670,2025-04-21,20250423,40,qcobs_profile_orig
-90.329269,27.108749,2025-04-22,20250423,38,qcobs_profile_orig
-84.172813,23.738350,2025-04-22,20250423,41,qcobs_profile_orig
-85.349289,24.479080,2025-04-22,20250423,40,qcobs_profile_orig
-86.132858,25.943810,2025-04-22,20250423,41,qcobs_profile_orig
-87.283951,25.890640,2025-04-22,20250423,41,qcobs_profile_orig
-96.165840,24.762621,2025-04-22,20250423,34,qcobs_profile_orig
-88.177467,26.323681,2025-04-23,20250423,41,qcobs_profile_orig
-91.572510,25.908159,2025-04-23,20250423,41,qcobs_profile_orig
-84.379570,23.794090,2025-04-23,20250423,41,qcobs_profile_orig
-96.292679,23.211260,2025-04-23,20250423,41,qcobs_profile_orig
-88.780357,25.226570,2025-04-23,20250423,41,qcobs_profile_orig
-87.020363,28.124010,2025-04-23,20250423,41,qcobs_profile_orig
-95.918861,20.396120,2025-04-24,20250423,41,qcobs_profile_orig
-95.762238,20.554790,2025-04-24,20250423,41,qcobs_profile_orig
-89.448212,27.705050,2025-04-24,20250423,34,qcobs_profile_orig
-87.745697,26.472969,2025-04-24,20250423,41,qcobs_profile_orig
-93.285980,20.842951,2025-04-24,20250423,41,qcobs_profile_orig
-89.920517,24.553070,2025-04-24,20250423,41,qcobs_profile_orig
-88.322800,26.861910,2025-04-24,20250423,38,qcobs_profile_orig
-92.096046,24.925560,2025-04-25,20250423,41,qcobs_profile_orig
-88.197884,27.126329,2025-04-25,20250423,41,qcobs_profile_orig
-86.710899,26.876101,2025-04-25,20250423,40,qcobs_profile_orig
-94.621964,19.367451,2025-04-26,20250423,36,qcobs_profile_orig
-89.355301,28.143360,2025-04-26,20250423,32,qcobs_profile_orig
-81.630600,23.367491,2025-04-26,20250423,35,qcobs_profile_orig
-91.365540,27.073320,2025-04-27,20250423,38,qcobs_profile_orig
-80.546341,23.796730,2025-04-26,20250423,29,qcobs_profile_orig
-85.698082,24.111000,2025-04-26,20250423,40,qcobs_profile_orig
-84.838631,25.054670,2025-04-26,20250423,40,qcobs_profile_orig
-90.470863,26.919479,2025-04-27,20250423,41,qcobs_profile_orig
-83.993629,23.698980,2025-04-27,20250423,41,qcobs_profile_orig
-85.803810,25.208090,2025-04-27,20250423,41,qcobs_profile_orig
-86.635262,25.873859,2025-04-27,20250423,41,qcobs_profile_orig
-96.153313,24.761681,2025-04-27,20250423,34,qcobs_profile_orig
-79.710060,19.635141,2025-04-27,20250423,36,qcobs_profile_orig
-92.478882,24.725420,2025-04-20,20250424,41,qcobs_profile_orig
-84.812271,19.069759,2025-04-20,20250424,41,qcobs_profile_orig
-94.635406,19.375780,2025-04-21,20250424,36,qcobs_profile_orig
-89.354050,28.145651,2025-04-21,20250424,31,qcobs_profile_orig
-81.619591,23.384649,2025-04-21,20250424,35,qcobs_profile_orig
-91.361122,27.004499,2025-04-21,20250424,39,qcobs_profile_orig
-80.547348,23.783489,2025-04-21,20250424,30,qcobs_profile_orig
-85.009590,24.818670,2025-04-21,20250424,40,qcobs_profile_orig
-90.329269,27.108749,2025-04-22,20250424,38,qcobs_profile_orig
-84.172813,23.738350,2025-04-22,20250424,41,qcobs_profile_orig
-85.349289,24.479080,2025-04-22,20250424,40,qcobs_profile_orig
-86.132858,25.943810,2025-04-22,20250424,41,qcobs_profile_orig
-87.283951,25.890640,2025-04-22,20250424,41,qcobs_profile_orig
-96.165840,24.762621,2025-04-22,20250424,34,qcobs_profile_orig
-88.177467,26.323681,2025-04-23,20250424,41,qcobs_profile_orig
-91.572510,25.908159,2025-04-23,20250424,41,qcobs_profile_orig
-84.379570,23.794090,2025-04-23,20250424,41,qcobs_profile_orig
-96.292679,23.211260,2025-04-23,20250424,41,qcobs_profile_orig
-88.780357,25.226570,2025-04-23,20250424,41,qcobs_profile_orig
-87.020363,28.124010,2025-04-23,20250424,41,qcobs_profile_orig
-95.918861,20.396120,2025-04-24,20250424,41,qcobs_profile_orig
-95.762238,20.554790,2025-04-24,20250424,41,qcobs_profile_orig
-89.448212,27.705050,2025-04-24,20250424,34,qcobs_profile_orig
-87.745697,26.472969,2025-04-24,20250424,41,qcobs_profile_orig
-93.285980,20.842951,2025-04-24,20250424,41,qcobs_profile_orig
-89.920517,24.553070,2025-04-24,20250424,41,qcobs_profile_orig
-88.322800,26.861910,2025-04-24,20250424,38,qcobs_profile_orig
-92.096046,24.925560,2025-04-25,20250424,41,qcobs_profile_orig
-88.197884,27.126329,2025-04-25,20250424,41,qcobs_profile_orig
-86.710899,26.876101,2025-04-25,20250424,40,qcobs_profile_orig
-94.621964,19.367451,2025-04-26,20250424,36,qcobs_profile_orig
-89.355301,28.143360,2025-04-26,20250424,32,qcobs_profile_orig
-81.630600,23.367491,2025-04-26,20250424,35,qcobs_profile_orig
-91.365540,27.073320,2025-04-27,20250424,38,qcobs_profile_orig
-80.546341,23.796730,2025-04-26,20250424,29,qcobs_profile_orig
-85.698082,24.111000,2025-04-26,20250424,40,qcobs_profile_orig
-84.838631,25.054670,2025-04-26,20250424,40,qcobs_profile_orig
-90.470863,26.919479,2025-04-27,20250424,41,qcobs_profile_orig
-83.993629,23.698980,2025-04-27,20250424,41,qcobs_profile_orig
-85.803810,25.208090,2025-04-27,20250424,41,qcobs_profile_orig
-86.635262,25.873859,2025-04-27,20250424,41,qcobs_profile_orig
-96.153313,24.761681,2025-04-27,20250424,34,qcobs_profile_orig
-79.710060,19.635141,2025-04-27,20250424,36,qcobs_profile_orig
-88.800507,26.615320,2025-04-28,20250424,41,qcobs_profile_orig
-92.082199,26.147551,2025-04-28,20250424,41,qcobs_profile_orig
-84.173622,23.623711,2025-04-28,20250424,41,qcobs_profile_orig
-96.267799,23.153231,2025-04-28,20250424,41,qcobs_profile_orig
-88.991219,25.473061,2025-04-28,20250424,41,qcobs_profile_orig
-86.941330,28.132851,2025-04-28,20250424,41,qcobs_profile_orig
-94.635406,19.375780,2025-04-21,20250425,36,qcobs_profile_orig
-89.354050,28.145651,2025-04-21,20250425,31,qcobs_profile_orig
-81.619591,23.384649,2025-04-21,20250425,35,qcobs_profile_orig
-91.361122,27.004499,2025-04-21,20250425,39,qcobs_profile_orig
-80.547348,23.783489,2025-04-21,20250425,30,qcobs_profile_orig
-85.009590,24.818670,2025-04-21,20250425,40,qcobs_profile_orig
-90.329269,27.108749,2025-04-22,20250425,38,qcobs_profile_orig
-84.172813,23.738350,2025-04-22,20250425,41,qcobs_profile_orig
-85.349289,24.479080,2025-04-22,20250425,40,qcobs_profile_orig
-86.132858,25.943810,2025-04-22,20250425,41,qcobs_profile_orig
-87.283951,25.890640,2025-04-22,20250425,41,qcobs_profile_orig
-96.165840,24.762621,2025-04-22,20250425,34,qcobs_profile_orig
-88.177467,26.323681,2025-04-23,20250425,41,qcobs_profile_orig
-91.572510,25.908159,2025-04-23,20250425,41,qcobs_profile_orig
-84.379570,23.794090,2025-04-23,20250425,41,qcobs_profile_orig
-96.292679,23.211260,2025-04-23,20250425,41,qcobs_profile_orig
-88.780357,25.226570,2025-04-23,20250425,41,qcobs_profile_orig
-87.020363,28.124010,2025-04-23,20250425,41,qcobs_profile_orig
-95.918861,20.396120,2025-04-24,20250425,41,qcobs_profile_orig
-95.762238,20.554790,2025-04-24,20250425,41,qcobs_profile_orig
-89.448212,27.705050,2025-04-24,20250425,34,qcobs_profile_orig
-87.745697,26.472969,2025-04-24,20250425,41,qcobs_profile_orig
-93.285980,20.842951,2025-04-24,20250425,41,qcobs_profile_orig
-89.920517,24.553070,2025-04-24,20250425,41,qcobs_profile_orig
-88.322800,26.861910,2025-04-24,20250425,38,qcobs_profile_orig
-92.096046,24.925560,2025-04-25,20250425,41,qcobs_profile_orig
-88.197884,27.126329,2025-04-25,20250425,41,qcobs_profile_orig
-86.710899,26.876101,2025-04-25,20250425,40,qcobs_profile_orig
-94.621964,19.367451,2025-04-26,20250425,36,qcobs_profile_orig
-89.355301,28.143360,2025-04-26,20250425,32,qcobs_profile_orig
-81.630600,23.367491,2025-04-26,20250425,35,qcobs_profile_orig
-91.365540,27.073320,2025-04-27,20250425,38,qcobs_profile_orig
-80.546341,23.796730,2025-04-26,20250425,29,qcobs_profile_orig
-85.698082,24.111000,2025-04-26,20250425,40,qcobs_profile_orig
-84.838631,25.054670,2025-04-26,20250425,40,qcobs_profile_orig
-90.470863,26.919479,2025-04-27,20250425,41,qcobs_profile_orig
-83.993629,23.698980,2025-04-27,20250425,41,qcobs_profile_orig
-85.803810,25.208090,2025-04-27,20250425,41,qcobs_profile_orig
-86.635262,25.873859,2025-04-27,20250425,41,qcobs_profile_orig
-96.153313,24.761681,2025-04-27,20250425,34,qcobs_profile_orig
-79.710060,19.635141,2025-04-27,20250425,36,qcobs_profile_orig
-88.800507,26.615320,2025-04-28,20250425,41,qcobs_profile_orig
-92.082199,26.147551,2025-04-28,20250425,41,qcobs_profile_orig
-84.173622,23.623711,2025-04-28,20250425,41,qcobs_profile_orig
-96.267799,23.153231,2025-04-28,20250425,41,qcobs_profile_orig
-88.991219,25.473061,2025-04-28,20250425,41,qcobs_profile_orig
-86.941330,28.132851,2025-04-28,20250425,41,qcobs_profile_orig
-95.886917,20.271601,2025-04-29,20250425,41,qcobs_profile_orig
-95.909447,20.551300,2025-04-29,20250425,41,qcobs_profile_orig
-89.455521,27.710190,2025-04-29,20250425,34,qcobs_profile_orig
-87.971649,26.447479,2025-04-29,20250425,41,qcobs_profile_orig
-93.257912,20.808069,2025-04-29,20250425,41,qcobs_profile_orig
-89.389702,24.467331,2025-04-29,20250425,41,qcobs_profile_orig
-88.046631,27.076460,2025-04-29,20250425,38,qcobs_profile_orig
-90.329269,27.108749,2025-04-22,20250426,38,qcobs_profile_orig
-84.172813,23.738350,2025-04-22,20250426,41,qcobs_profile_orig
-85.349289,24.479080,2025-04-22,20250426,40,qcobs_profile_orig
-86.132858,25.943810,2025-04-22,20250426,41,qcobs_profile_orig
-87.283951,25.890640,2025-04-22,20250426,41,qcobs_profile_orig
-96.165840,24.762621,2025-04-22,20250426,34,qcobs_profile_orig
-88.177467,26.323681,2025-04-23,20250426,41,qcobs_profile_orig
-91.572510,25.908159,2025-04-23,20250426,41,qcobs_profile_orig
-84.379570,23.794090,2025-04-23,20250426,41,qcobs_profile_orig
-96.292679,23.211260,2025-04-23,20250426,41,qcobs_profile_orig
-88.780357,25.226570,2025-04-23,20250426,41,qcobs_profile_orig
-87.020363,28.124010,2025-04-23,20250426,41,qcobs_profile_orig
-95.918861,20.396120,2025-04-24,20250426,41,qcobs_profile_orig
-95.762238,20.554790,2025-04-24,20250426,41,qcobs_profile_orig
-89.448212,27.705050,2025-04-24,20250426,34,qcobs_profile_orig
-87.745697,26.472969,2025-04-24,20250426,41,qcobs_profile_orig
-93.285980,20.842951,2025-04-24,20250426,41,qcobs_profile_orig
-89.920517,24.553070,2025-04-24,20250426,41,qcobs_profile_orig
-88.322800,26.861910,2025-04-24,20250426,38,qcobs_profile_orig
-92.096046,24.925560,2025-04-25,20250426,41,qcobs_profile_orig
-88.197884,27.126329,2025-04-25,20250426,41,qcobs_profile_orig
-86.710899,26.876101,2025-04-25,20250426,40,qcobs_profile_orig
-94.621964,19.367451,2025-04-26,20250426,36,qcobs_profile_orig
-89.355301,28.143360,2025-04-26,20250426,32,qcobs_profile_orig
-81.630600,23.367491,2025-04-26,20250426,35,qcobs_profile_orig
-91.365540,27.073320,2025-04-27,20250426,38,qcobs_profile_orig
-80.546341,23.796730,2025-04-26,20250426,29,qcobs_profile_orig
-85.698082,24.111000,2025-04-26,20250426,40,qcobs_profile_orig
-84.838631,25.054670,2025-04-26,20250426,40,qcobs_profile_orig
-90.470863,26.919479,2025-04-27,20250426,41,qcobs_profile_orig
-83.993629,23.698980,2025-04-27,20250426,41,qcobs_profile_orig
-85.803810,25.208090,2025-04-27,20250426,41,qcobs_profile_orig
-86.635262,25.873859,2025-04-27,20250426,41,qcobs_profile_orig
-96.153313,24.761681,2025-04-27,20250426,34,qcobs_profile_orig
-79.710060,19.635141,2025-04-27,20250426,36,qcobs_profile_orig
-88.800507,26.615320,2025-04-28,20250426,41,qcobs_profile_orig
-92.082199,26.147551,2025-04-28,20250426,41,qcobs_profile_orig
-84.173622,23.623711,2025-04-28,20250426,41,qcobs_profile_orig
-96.267799,23.153231,2025-04-28,20250426,41,qcobs_profile_orig
-88.991219,25.473061,2025-04-28,20250426,41,qcobs_profile_orig
-86.941330,28.132851,2025-04-28,20250426,41,qcobs_profile_orig
-95.886917,20.271601,2025-04-29,20250426,41,qcobs_profile_orig
-95.909447,20.551300,2025-04-29,20250426,41,qcobs_profile_orig
-89.455521,27.710190,2025-04-29,20250426,34,qcobs_profile_orig
-87.971649,26.447479,2025-04-29,20250426,41,qcobs_profile_orig
-93.257912,20.808069,2025-04-29,20250426,41,qcobs_profile_orig
-89.389702,24.467331,2025-04-29,20250426,41,qcobs_profile_orig
-88.046631,27.076460,2025-04-29,20250426,38,qcobs_profile_orig
-91.912292,24.940531,2025-04-30,20250426,41,qcobs_profile_orig
-87.607063,27.428520,2025-04-30,20250426,41,qcobs_profile_orig
-81.911308,18.336620,2025-04-30,20250426,41,qcobs_profile_orig
-90.736397,24.913200,2025-04-30,20250426,39,qcobs_profile_orig
-88.177467,26.323681,2025-04-23,20250427,41,qcobs_profile_orig
-91.572510,25.908159,2025-04-23,20250427,41,qcobs_profile_orig
-84.379570,23.794090,2025-04-23,20250427,41,qcobs_profile_orig
-96.292679,23.211260,2025-04-23,20250427,41,qcobs_profile_orig
-88.780357,25.226570,2025-04-23,20250427,41,qcobs_profile_orig
-87.020363,28.124010,2025-04-23,20250427,41,qcobs_profile_orig
-95.918861,20.396120,2025-04-24,20250427,41,qcobs_profile_orig
-95.762238,20.554790,2025-04-24,20250427,41,qcobs_profile_orig
-89.448212,27.705050,2025-04-24,20250427,34,qcobs_profile_orig
-87.745697,26.472969,2025-04-24,20250427,41,qcobs_profile_orig
-93.285980,20.842951,2025-04-24,20250427,41,qcobs_profile_orig
-89.920517,24.553070,2025-04-24,20250427,41,qcobs_profile_orig
-88.322800,26.861910,2025-04-24,20250427,38,qcobs_profile_orig
-92.096046,24.925560,2025-04-25,20250427,41,qcobs_profile_orig
-88.197884,27.126329,2025-04-25,20250427,41,qcobs_profile_orig
-86.710899,26.876101,2025-04-25,20250427,40,qcobs_profile_orig
-94.621964,19.367451,2025-04-26,20250427,36,qcobs_profile_orig
-89.355301,28.143360,2025-04-26,20250427,32,qcobs_profile_orig
-81.630600,23.367491,2025-04-26,20250427,35,qcobs_profile_orig
-91.365540,27.073320,2025-04-27,20250427,38,qcobs_profile_orig
-80.546341,23.796730,2025-04-26,20250427,29,qcobs_profile_orig
-85.698082,24.111000,2025-04-26,20250427,40,qcobs_profile_orig
-84.838631,25.054670,2025-04-26,20250427,40,qcobs_profile_orig
-90.470863,26.919479,2025-04-27,20250427,41,qcobs_profile_orig
-83.993629,23.698980,2025-04-27,20250427,41,qcobs_profile_orig
-85.803810,25.208090,2025-04-27,20250427,41,qcobs_profile_orig
-86.635262,25.873859,2025-04-27,20250427,41,qcobs_profile_orig
-96.153313,24.761681,2025-04-27,20250427,34,qcobs_profile_orig
-79.710060,19.635141,2025-04-27,20250427,36,qcobs_profile_orig
-88.800507,26.615320,2025-04-28,20250427,41,qcobs_profile_orig
-92.082199,26.147551,2025-04-28,20250427,41,qcobs_profile_orig
-84.173622,23.623711,2025-04-28,20250427,41,qcobs_profile_orig
-96.267799,23.153231,2025-04-28,20250427,41,qcobs_profile_orig
-88.991219,25.473061,2025-04-28,20250427,41,qcobs_profile_orig
-86.941330,28.132851,2025-04-28,20250427,41,qcobs_profile_orig
-95.886917,20.271601,2025-04-29,20250427,41,qcobs_profile_orig
-95.909447,20.551300,2025-04-29,20250427,41,qcobs_profile_orig
-89.455521,27.710190,2025-04-29,20250427,34,qcobs_profile_orig
-87.971649,26.447479,2025-04-29,20250427,41,qcobs_profile_orig
-93.257912,20.808069,2025-04-29,20250427,41,qcobs_profile_orig
-89.389702,24.467331,2025-04-29,20250427,41,qcobs_profile_orig
-88.046631,27.076460,2025-04-29,20250427,38,qcobs_profile_orig
-91.912292,24.940531,2025-04-30,20250427,41,qcobs_profile_orig
-87.607063,27.428520,2025-04-30,20250427,41,qcobs_profile_orig
-81.911308,18.336620,2025-04-30,20250427,41,qcobs_profile_orig
-90.736397,24.913200,2025-04-30,20250427,39,qcobs_profile_orig
-94.593422,19.518000,2025-05-01,20250427,36,qcobs_profile_orig
-89.900818,27.083151,2025-05-01,20250427,41,qcobs_profile_orig
-89.350067,28.145990,2025-05-01,20250427,32,qcobs_profile_orig
-81.632660,23.376551,2025-05-01,20250427,35,qcobs_profile_orig
-80.542137,23.797501,2025-05-01,20250427,30,qcobs_profile_orig
-85.741089,23.917850,2025-05-01,20250427,40,qcobs_profile_orig
-84.634773,24.993971,2025-05-01,20250427,40,qcobs_profile_orig
-84.954941,18.799520,2025-05-01,20250427,41,qcobs_profile_orig
-95.918861,20.396120,2025-04-24,20250428,41,qcobs_profile_orig
-95.762238,20.554790,2025-04-24,20250428,41,qcobs_profile_orig
-89.448212,27.705050,2025-04-24,20250428,34,qcobs_profile_orig
-87.745697,26.472969,2025-04-24,20250428,41,qcobs_profile_orig
-93.285980,20.842951,2025-04-24,20250428,41,qcobs_profile_orig
-89.920517,24.553070,2025-04-24,20250428,41,qcobs_profile_orig
-88.322800,26.861910,2025-04-24,20250428,38,qcobs_profile_orig
-92.096046,24.925560,2025-04-25,20250428,41,qcobs_profile_orig
-88.197884,27.126329,2025-04-25,20250428,41,qcobs_profile_orig
-86.710899,26.876101,2025-04-25,20250428,40,qcobs_profile_orig
-94.621964,19.367451,2025-04-26,20250428,36,qcobs_profile_orig
-89.355301,28.143360,2025-04-26,20250428,32,qcobs_profile_orig
-81.630600,23.367491,2025-04-26,20250428,35,qcobs_profile_orig
-91.365540,27.073320,2025-04-27,20250428,38,qcobs_profile_orig
-80.546341,23.796730,2025-04-26,20250428,29,qcobs_profile_orig
-85.698082,24.111000,2025-04-26,20250428,40,qcobs_profile_orig
-84.838631,25.054670,2025-04-26,20250428,40,qcobs_profile_orig
-90.470863,26.919479,2025-04-27,20250428,41,qcobs_profile_orig
-83.993629,23.698980,2025-04-27,20250428,41,qcobs_profile_orig
-85.803810,25.208090,2025-04-27,20250428,41,qcobs_profile_orig
-86.635262,25.873859,2025-04-27,20250428,41,qcobs_profile_orig
-96.153313,24.761681,2025-04-27,20250428,34,qcobs_profile_orig
-79.710060,19.635141,2025-04-27,20250428,36,qcobs_profile_orig
-88.800507,26.615320,2025-04-28,20250428,41,qcobs_profile_orig
-92.082199,26.147551,2025-04-28,20250428,41,qcobs_profile_orig
-84.173622,23.623711,2025-04-28,20250428,41,qcobs_profile_orig
-96.267799,23.153231,2025-04-28,20250428,41,qcobs_profile_orig
-88.991219,25.473061,2025-04-28,20250428,41,qcobs_profile_orig
-86.941330,28.132851,2025-04-28,20250428,41,qcobs_profile_orig
-95.886917,20.271601,2025-04-29,20250428,41,qcobs_profile_orig
-95.909447,20.551300,2025-04-29,20250428,41,qcobs_profile_orig
-89.455521,27.710190,2025-04-29,20250428,34,qcobs_profile_orig
-87.971649,26.447479,2025-04-29,20250428,41,qcobs_profile_orig
-93.257912,20.808069,2025-04-29,20250428,41,qcobs_profile_orig
-89.389702,24.467331,2025-04-29,20250428,41,qcobs_profile_orig
-88.046631,27.076460,2025-04-29,20250428,38,qcobs_profile_orig
-91.912292,24.940531,2025-04-30,20250428,41,qcobs_profile_orig
-87.607063,27.428520,2025-04-30,20250428,41,qcobs_profile_orig
-81.911308,18.336620,2025-04-30,20250428,41,qcobs_profile_orig
-90.736397,24.913200,2025-04-30,20250428,39,qcobs_profile_orig
-94.593422,19.518000,2025-05-01,20250428,36,qcobs_profile_orig
-89.900818,27.083151,2025-05-01,20250428,41,qcobs_profile_orig
-89.350067,28.145990,2025-05-01,20250428,32,qcobs_profile_orig
-81.632660,23.376551,2025-05-01,20250428,35,qcobs_profile_orig
-80.542137,23.797501,2025-05-01,20250428,30,qcobs_profile_orig
-85.741089,23.917850,2025-05-01,20250428,40,qcobs_profile_orig
-84.634773,24.993971,2025-05-01,20250428,40,qcobs_profile_orig
-84.954941,18.799520,2025-05-01,20250428,41,qcobs_profile_orig
-83.972069,23.701710,2025-05-02,20250428,41,qcobs_profile_orig
-91.011177,26.955460,2025-05-02,20250428,38,qcobs_profile_orig
-85.657944,24.770700,2025-05-02,20250428,41,qcobs_profile_orig
-86.439774,25.418640,2025-05-02,20250428,41,qcobs_profile_orig
-96.182877,24.688150,2025-05-02,20250428,36,qcobs_profile_orig
-92.096046,24.925560,2025-04-25,20250429,41,qcobs_profile_orig
-88.197884,27.126329,2025-04-25,20250429,41,qcobs_profile_orig
-86.710899,26.876101,2025-04-25,20250429,40,qcobs_profile_orig
-94.621964,19.367451,2025-04-26,20250429,36,qcobs_profile_orig
-89.355301,28.143360,2025-04-26,20250429,32,qcobs_profile_orig
-81.630600,23.367491,2025-04-26,20250429,35,qcobs_profile_orig
-91.365540,27.073320,2025-04-27,20250429,38,qcobs_profile_orig
-80.546341,23.796730,2025-04-26,20250429,29,qcobs_profile_orig
-85.698082,24.111000,2025-04-26,20250429,40,qcobs_profile_orig
-84.838631,25.054670,2025-04-26,20250429,40,qcobs_profile_orig
-90.470863,26.919479,2025-04-27,20250429,41,qcobs_profile_orig
-83.993629,23.698980,2025-04-27,20250429,41,qcobs_profile_orig
-85.803810,25.208090,2025-04-27,20250429,41,qcobs_profile_orig
-86.635262,25.873859,2025-04-27,20250429,41,qcobs_profile_orig
-96.153313,24.761681,2025-04-27,20250429,34,qcobs_profile_orig
-79.710060,19.635141,2025-04-27,20250429,36,qcobs_profile_orig
-88.800507,26.615320,2025-04-28,20250429,41,qcobs_profile_orig
-92.082199,26.147551,2025-04-28,20250429,41,qcobs_profile_orig
-84.173622,23.623711,2025-04-28,20250429,41,qcobs_profile_orig
-96.267799,23.153231,2025-04-28,20250429,41,qcobs_profile_orig
-88.991219,25.473061,2025-04-28,20250429,41,qcobs_profile_orig
-86.941330,28.132851,2025-04-28,20250429,41,qcobs_profile_orig
-95.886917,20.271601,2025-04-29,20250429,41,qcobs_profile_orig
-95.909447,20.551300,2025-04-29,20250429,41,qcobs_profile_orig
-89.455521,27.710190,2025-04-29,20250429,34,qcobs_profile_orig
-87.971649,26.447479,2025-04-29,20250429,41,qcobs_profile_orig
-93.257912,20.808069,2025-04-29,20250429,41,qcobs_profile_orig
-89.389702,24.467331,2025-04-29,20250429,41,qcobs_profile_orig
-88.046631,27.076460,2025-04-29,20250429,38,qcobs_profile_orig
-91.912292,24.940531,2025-04-30,20250429,41,qcobs_profile_orig
-87.607063,27.428520,2025-04-30,20250429,41,qcobs_profile_orig
-81.911308,18.336620,2025-04-30,20250429,41,qcobs_profile_orig
-90.736397,24.913200,2025-04-30,20250429,39,qcobs_profile_orig
-94.593422,19.518000,2025-05-01,20250429,36,qcobs_profile_orig
-89.900818,27.083151,2025-05-01,20250429,41,qcobs_profile_orig
-89.350067,28.145990,2025-05-01,20250429,32,qcobs_profile_orig
-81.632660,23.376551,2025-05-01,20250429,35,qcobs_profile_orig
-80.542137,23.797501,2025-05-01,20250429,30,qcobs_profile_orig
-85.741089,23.917850,2025-05-01,20250429,40,qcobs_profile_orig
-84.634773,24.993971,2025-05-01,20250429,40,qcobs_profile_orig
-84.954941,18.799520,2025-05-01,20250429,41,qcobs_profile_orig
-83.972069,23.701710,2025-05-02,20250429,41,qcobs_profile_orig
-91.011177,26.955460,2025-05-02,20250429,38,qcobs_profile_orig
-85.657944,24.770700,2025-05-02,20250429,41,qcobs_profile_orig
-86.439774,25.418640,2025-05-02,20250429,41,qcobs_profile_orig
-96.182877,24.688150,2025-05-02,20250429,36,qcobs_profile_orig
-88.337219,26.656710,2025-05-03,20250429,41,qcobs_profile_orig
-92.309479,26.362249,2025-05-03,20250429,41,qcobs_profile_orig
-83.922760,23.345230,2025-05-03,20250429,41,qcobs_profile_orig
-96.193947,23.139700,2025-05-03,20250429,41,qcobs_profile_orig
-89.351540,25.905420,2025-05-03,20250429,41,qcobs_profile_orig
-87.107521,28.155689,2025-05-03,20250429,41,qcobs_profile_orig
-94.621964,19.367451,2025-04-26,20250430,36,qcobs_profile_orig
-89.355301,28.143360,2025-04-26,20250430,32,qcobs_profile_orig
-81.630600,23.367491,2025-04-26,20250430,35,qcobs_profile_orig
-91.365540,27.073320,2025-04-27,20250430,38,qcobs_profile_orig
-80.546341,23.796730,2025-04-26,20250430,29,qcobs_profile_orig
-85.698082,24.111000,2025-04-26,20250430,40,qcobs_profile_orig
-84.838631,25.054670,2025-04-26,20250430,40,qcobs_profile_orig
-90.470863,26.919479,2025-04-27,20250430,41,qcobs_profile_orig
-83.993629,23.698980,2025-04-27,20250430,41,qcobs_profile_orig
-85.803810,25.208090,2025-04-27,20250430,41,qcobs_profile_orig
-86.635262,25.873859,2025-04-27,20250430,41,qcobs_profile_orig
-96.153313,24.761681,2025-04-27,20250430,34,qcobs_profile_orig
-79.710060,19.635141,2025-04-27,20250430,36,qcobs_profile_orig
-88.800507,26.615320,2025-04-28,20250430,41,qcobs_profile_orig
-92.082199,26.147551,2025-04-28,20250430,41,qcobs_profile_orig
-84.173622,23.623711,2025-04-28,20250430,41,qcobs_profile_orig
-96.267799,23.153231,2025-04-28,20250430,41,qcobs_profile_orig
-88.991219,25.473061,2025-04-28,20250430,41,qcobs_profile_orig
-86.941330,28.132851,2025-04-28,20250430,41,qcobs_profile_orig
-95.886917,20.271601,2025-04-29,20250430,41,qcobs_profile_orig
-95.909447,20.551300,2025-04-29,20250430,41,qcobs_profile_orig
-89.455521,27.710190,2025-04-29,20250430,34,qcobs_profile_orig
-87.971649,26.447479,2025-04-29,20250430,41,qcobs_profile_orig
-93.257912,20.808069,2025-04-29,20250430,41,qcobs_profile_orig
-89.389702,24.467331,2025-04-29,20250430,41,qcobs_profile_orig
-88.046631,27.076460,2025-04-29,20250430,38,qcobs_profile_orig
-91.912292,24.940531,2025-04-30,20250430,41,qcobs_profile_orig
-87.607063,27.428520,2025-04-30,20250430,41,qcobs_profile_orig
-81.911308,18.336620,2025-04-30,20250430,41,qcobs_profile_orig
-90.736397,24.913200,2025-04-30,20250430,39,qcobs_profile_orig
-94.593422,19.518000,2025-05-01,20250430,36,qcobs_profile_orig
-89.900818,27.083151,2025-05-01,20250430,41,qcobs_profile_orig
-89.350067,28.145990,2025-05-01,20250430,32,qcobs_profile_orig
-81.632660,23.376551,2025-05-01,20250430,35,qcobs_profile_orig
-80.542137,23.797501,2025-05-01,20250430,30,qcobs_profile_orig
-85.741089,23.917850,2025-05-01,20250430,40,qcobs_profile_orig
-84.634773,24.993971,2025-05-01,20250430,40,qcobs_profile_orig
-84.954941,18.799520,2025-05-01,20250430,41,qcobs_profile_orig
-83.972069,23.701710,2025-05-02,20250430,41,qcobs_profile_orig
-91.011177,26.955460,2025-05-02,20250430,38,qcobs_profile_orig
-85.657944,24.770700,2025-05-02,20250430,41,qcobs_profile_orig
-86.439774,25.418640,2025-05-02,20250430,41,qcobs_profile_orig
-96.182877,24.688150,2025-05-02,20250430,36,qcobs_profile_orig
-88.337219,26.656710,2025-05-03,20250430,41,qcobs_profile_orig
-92.309479,26.362249,2025-05-03,20250430,41,qcobs_profile_orig
-83.922760,23.345230,2025-05-03,20250430,41,qcobs_profile_orig
-96.193947,23.139700,2025-05-03,20250430,41,qcobs_profile_orig
-89.351540,25.905420,2025-05-03,20250430,41,qcobs_profile_orig
-87.107521,28.155689,2025-05-03,20250430,41,qcobs_profile_orig
-95.725990,20.338079,2025-05-04,20250430,41,qcobs_profile_orig
-95.787003,20.335550,2025-05-04,20250430,41,qcobs_profile_orig
-89.461800,27.714121,2025-05-04,20250430,33,qcobs_profile_orig
-87.689270,26.825310,2025-05-04,20250430,41,qcobs_profile_orig
-93.224831,20.769199,2025-05-04,20250430,41,qcobs_profile_orig
-89.014343,24.796440,2025-05-04,20250430,41,qcobs_profile_orig
-87.462097,27.562340,2025-05-04,20250430,38,qcobs_profile_orig
-90.470863,26.919479,2025-04-27,20250501,41,qcobs_profile_orig
-83.993629,23.698980,2025-04-27,20250501,41,qcobs_profile_orig
-85.803810,25.208090,2025-04-27,20250501,41,qcobs_profile_orig
-86.635262,25.873859,2025-04-27,20250501,41,qcobs_profile_orig
-96.153313,24.761681,2025-04-27,20250501,34,qcobs_profile_orig
-79.710060,19.635141,2025-04-27,20250501,36,qcobs_profile_orig
-88.800507,26.615320,2025-04-28,20250501,41,qcobs_profile_orig
-92.082199,26.147551,2025-04-28,20250501,41,qcobs_profile_orig
-84.173622,23.623711,2025-04-28,20250501,41,qcobs_profile_orig
-96.267799,23.153231,2025-04-28,20250501,41,qcobs_profile_orig
-88.991219,25.473061,2025-04-28,20250501,41,qcobs_profile_orig
-86.941330,28.132851,2025-04-28,20250501,41,qcobs_profile_orig
-95.886917,20.271601,2025-04-29,20250501,41,qcobs_profile_orig
-95.909447,20.551300,2025-04-29,20250501,41,qcobs_profile_orig
-89.455521,27.710190,2025-04-29,20250501,34,qcobs_profile_orig
-87.971649,26.447479,2025-04-29,20250501,41,qcobs_profile_orig
-93.257912,20.808069,2025-04-29,20250501,41,qcobs_profile_orig
-89.389702,24.467331,2025-04-29,20250501,41,qcobs_profile_orig
-88.046631,27.076460,2025-04-29,20250501,38,qcobs_profile_orig
-91.912292,24.940531,2025-04-30,20250501,41,qcobs_profile_orig
-87.607063,27.428520,2025-04-30,20250501,41,qcobs_profile_orig
-81.911308,18.336620,2025-04-30,20250501,41,qcobs_profile_orig
-90.736397,24.913200,2025-04-30,20250501,39,qcobs_profile_orig
-94.593422,19.518000,2025-05-01,20250501,36,qcobs_profile_orig
-89.900818,27.083151,2025-05-01,20250501,41,qcobs_profile_orig
-89.350067,28.145990,2025-05-01,20250501,30,qcobs_profile_orig
-81.632660,23.376551,2025-05-01,20250501,35,qcobs_profile_orig
-80.542137,23.797501,2025-05-01,20250501,30,qcobs_profile_orig
-85.741089,23.917850,2025-05-01,20250501,40,qcobs_profile_orig
-84.634773,24.993971,2025-05-01,20250501,40,qcobs_profile_orig
-84.954941,18.799520,2025-05-01,20250501,41,qcobs_profile_orig
-83.972069,23.701710,2025-05-02,20250501,41,qcobs_profile_orig
-91.011177,26.955460,2025-05-02,20250501,38,qcobs_profile_orig
-85.657944,24.770700,2025-05-02,20250501,41,qcobs_profile_orig
-86.439774,25.418640,2025-05-02,20250501,41,qcobs_profile_orig
-96.182877,24.688150,2025-05-02,20250501,36,qcobs_profile_orig
-88.337219,26.656710,2025-05-03,20250501,41,qcobs_profile_orig
-92.309479,26.362249,2025-05-03,20250501,41,qcobs_profile_orig
-83.922760,23.345230,2025-05-03,20250501,41,qcobs_profile_orig
-96.193947,23.139700,2025-05-03,20250501,41,qcobs_profile_orig
-89.351540,25.905420,2025-05-03,20250501,41,qcobs_profile_orig
-87.107521,28.155689,2025-05-03,20250501,41,qcobs_profile_orig
-95.725990,20.338079,2025-05-04,20250501,41,qcobs_profile_orig
-95.787003,20.335550,2025-05-04,20250501,41,qcobs_profile_orig
-89.461800,27.714121,2025-05-04,20250501,33,qcobs_profile_orig
-87.689270,26.825310,2025-05-04,20250501,41,qcobs_profile_orig
-93.224831,20.769199,2025-05-04,20250501,41,qcobs_profile_orig
-89.014343,24.796440,2025-05-04,20250501,41,qcobs_profile_orig
-87.462097,27.562340,2025-05-04,20250501,38,qcobs_profile_orig
-89.343521,28.154760,2025-05-05,20250501,29,qcobs_profile_orig
-91.781380,24.891411,2025-05-05,20250501,41,qcobs_profile_orig
-87.828217,27.788000,2025-05-05,20250501,41,qcobs_profile_orig
-87.319199,26.295700,2025-05-05,20250501,40,qcobs_profile_orig
-88.800507,26.615320,2025-04-28,20250502,41,qcobs_profile_orig
-92.082199,26.147551,2025-04-28,20250502,41,qcobs_profile_orig
-84.173622,23.623711,2025-04-28,20250502,41,qcobs_profile_orig
-96.267799,23.153231,2025-04-28,20250502,41,qcobs_profile_orig
-88.991219,25.473061,2025-04-28,20250502,41,qcobs_profile_orig
-86.941330,28.132851,2025-04-28,20250502,41,qcobs_profile_orig
-95.886917,20.271601,2025-04-29,20250502,41,qcobs_profile_orig
-95.909447,20.551300,2025-04-29,20250502,41,qcobs_profile_orig
-89.455521,27.710190,2025-04-29,20250502,34,qcobs_profile_orig
-87.971649,26.447479,2025-04-29,20250502,41,qcobs_profile_orig
-93.257912,20.808069,2025-04-29,20250502,41,qcobs_profile_orig
-89.389702,24.467331,2025-04-29,20250502,41,qcobs_profile_orig
-88.046631,27.076460,2025-04-29,20250502,38,qcobs_profile_orig
-91.912292,24.940531,2025-04-30,20250502,41,qcobs_profile_orig
-87.607063,27.428520,2025-04-30,20250502,41,qcobs_profile_orig
-81.911308,18.336620,2025-04-30,20250502,41,qcobs_profile_orig
-90.736397,24.913200,2025-04-30,20250502,39,qcobs_profile_orig
-94.593422,19.518000,2025-05-01,20250502,36,qcobs_profile_orig
-89.900818,27.083151,2025-05-01,20250502,41,qcobs_profile_orig
-89.350067,28.145990,2025-05-01,20250502,30,qcobs_profile_orig
-81.632660,23.376551,2025-05-01,20250502,35,qcobs_profile_orig
-80.542137,23.797501,2025-05-01,20250502,30,qcobs_profile_orig
-85.741089,23.917850,2025-05-01,20250502,40,qcobs_profile_orig
-84.634773,24.993971,2025-05-01,20250502,40,qcobs_profile_orig
-84.954941,18.799520,2025-05-01,20250502,41,qcobs_profile_orig
-83.972069,23.701710,2025-05-02,20250502,41,qcobs_profile_orig
-91.011177,26.955460,2025-05-02,20250502,38,qcobs_profile_orig
-85.657944,24.770700,2025-05-02,20250502,41,qcobs_profile_orig
-86.439774,25.418640,2025-05-02,20250502,41,qcobs_profile_orig
-96.182877,24.688150,2025-05-02,20250502,36,qcobs_profile_orig
-88.337219,26.656710,2025-05-03,20250502,41,qcobs_profile_orig
-92.309479,26.362249,2025-05-03,20250502,41,qcobs_profile_orig
-83.922760,23.345230,2025-05-03,20250502,41,qcobs_profile_orig
-96.193947,23.139700,2025-05-03,20250502,41,qcobs_profile_orig
-89.351540,25.905420,2025-05-03,20250502,41,qcobs_profile_orig
-87.107521,28.155689,2025-05-03,20250502,41,qcobs_profile_orig
-95.725990,20.338079,2025-05-04,20250502,41,qcobs_profile_orig
-95.787003,20.335550,2025-05-04,20250502,41,qcobs_profile_orig
-89.461800,27.714121,2025-05-04,20250502,33,qcobs_profile_orig
-87.689270,26.825310,2025-05-04,20250502,41,qcobs_profile_orig
-93.224831,20.769199,2025-05-04,20250502,41,qcobs_profile_orig
-89.014343,24.796440,2025-05-04,20250502,41,qcobs_profile_orig
-87.462097,27.562340,2025-05-04,20250502,38,qcobs_profile_orig
-89.343521,28.154760,2025-05-05,20250502,29,qcobs_profile_orig
-91.781380,24.891411,2025-05-05,20250502,41,qcobs_profile_orig
-87.828217,27.788000,2025-05-05,20250502,41,qcobs_profile_orig
-87.319199,26.295700,2025-05-05,20250502,40,qcobs_profile_orig
-94.544640,19.687149,2025-05-06,20250502,36,qcobs_profile_orig
-89.380890,27.142160,2025-05-06,20250502,41,qcobs_profile_orig
-81.657181,23.381310,2025-05-06,20250502,35,qcobs_profile_orig
-80.535912,23.785120,2025-05-06,20250502,29,qcobs_profile_orig
-85.511208,23.742399,2025-05-06,20250502,40,qcobs_profile_orig
-84.620377,24.687170,2025-05-06,20250502,40,qcobs_profile_orig
-95.886917,20.271601,2025-04-29,20250503,41,qcobs_profile_orig
-95.909447,20.551300,2025-04-29,20250503,41,qcobs_profile_orig
-89.455521,27.710190,2025-04-29,20250503,34,qcobs_profile_orig
-87.971649,26.447479,2025-04-29,20250503,41,qcobs_profile_orig
-93.257912,20.808069,2025-04-29,20250503,41,qcobs_profile_orig
-89.389702,24.467331,2025-04-29,20250503,41,qcobs_profile_orig
-88.046631,27.076460,2025-04-29,20250503,38,qcobs_profile_orig
-91.912292,24.940531,2025-04-30,20250503,41,qcobs_profile_orig
-87.607063,27.428520,2025-04-30,20250503,41,qcobs_profile_orig
-81.911308,18.336620,2025-04-30,20250503,41,qcobs_profile_orig
-90.736397,24.913200,2025-04-30,20250503,39,qcobs_profile_orig
-94.593422,19.518000,2025-05-01,20250503,36,qcobs_profile_orig
-89.900818,27.083151,2025-05-01,20250503,41,qcobs_profile_orig
-89.350067,28.145990,2025-05-01,20250503,31,qcobs_profile_orig
-81.632660,23.376551,2025-05-01,20250503,35,qcobs_profile_orig
-80.542137,23.797501,2025-05-01,20250503,30,qcobs_profile_orig
-85.741089,23.917850,2025-05-01,20250503,40,qcobs_profile_orig
-84.634773,24.993971,2025-05-01,20250503,40,qcobs_profile_orig
-84.954941,18.799520,2025-05-01,20250503,41,qcobs_profile_orig
-83.972069,23.701710,2025-05-02,20250503,41,qcobs_profile_orig
-91.011177,26.955460,2025-05-02,20250503,38,qcobs_profile_orig
-85.657944,24.770700,2025-05-02,20250503,41,qcobs_profile_orig
-86.439774,25.418640,2025-05-02,20250503,41,qcobs_profile_orig
-96.182877,24.688150,2025-05-02,20250503,36,qcobs_profile_orig
-88.337219,26.656710,2025-05-03,20250503,41,qcobs_profile_orig
-92.309479,26.362249,2025-05-03,20250503,41,qcobs_profile_orig
-83.922760,23.345230,2025-05-03,20250503,41,qcobs_profile_orig
-96.193947,23.139700,2025-05-03,20250503,41,qcobs_profile_orig
-89.351540,25.905420,2025-05-03,20250503,41,qcobs_profile_orig
-87.107521,28.155689,2025-05-03,20250503,41,qcobs_profile_orig
-95.725990,20.338079,2025-05-04,20250503,41,qcobs_profile_orig
-95.787003,20.335550,2025-05-04,20250503,41,qcobs_profile_orig
-89.461800,27.714121,2025-05-04,20250503,33,qcobs_profile_orig
-87.689270,26.825310,2025-05-04,20250503,41,qcobs_profile_orig
-93.224831,20.769199,2025-05-04,20250503,41,qcobs_profile_orig
-89.014343,24.796440,2025-05-04,20250503,41,qcobs_profile_orig
-87.462097,27.562340,2025-05-04,20250503,38,qcobs_profile_orig
-89.343521,28.154760,2025-05-05,20250503,31,qcobs_profile_orig
-91.781380,24.891411,2025-05-05,20250503,41,qcobs_profile_orig
-87.828217,27.788000,2025-05-05,20250503,41,qcobs_profile_orig
-87.319199,26.295700,2025-05-05,20250503,40,qcobs_profile_orig
-94.544640,19.687149,2025-05-06,20250503,36,qcobs_profile_orig
-89.380890,27.142160,2025-05-06,20250503,41,qcobs_profile_orig
-81.657181,23.381310,2025-05-06,20250503,35,qcobs_profile_orig
-80.535912,23.785120,2025-05-06,20250503,29,qcobs_profile_orig
-85.511208,23.742399,2025-05-06,20250503,40,qcobs_profile_orig
-84.620377,24.687170,2025-05-06,20250503,40,qcobs_profile_orig
-84.198738,23.807510,2025-05-07,20250503,40,qcobs_profile_orig
-90.946609,26.953300,2025-05-07,20250503,38,qcobs_profile_orig
-85.486702,24.815060,2025-05-07,20250503,41,qcobs_profile_orig
-86.444168,25.100250,2025-05-07,20250503,41,qcobs_profile_orig
-96.255821,24.492140,2025-05-07,20250503,36,qcobs_profile_orig
-91.912292,24.940531,2025-04-30,20250504,41,qcobs_profile_orig
-87.607063,27.428520,2025-04-30,20250504,41,qcobs_profile_orig
-81.911308,18.336620,2025-04-30,20250504,41,qcobs_profile_orig
-90.736397,24.913200,2025-04-30,20250504,39,qcobs_profile_orig
-94.593422,19.518000,2025-05-01,20250504,36,qcobs_profile_orig
-89.900818,27.083151,2025-05-01,20250504,41,qcobs_profile_orig
-89.350067,28.145990,2025-05-01,20250504,32,qcobs_profile_orig
-81.632660,23.376551,2025-05-01,20250504,35,qcobs_profile_orig
-80.542137,23.797501,2025-05-01,20250504,30,qcobs_profile_orig
-85.741089,23.917850,2025-05-01,20250504,40,qcobs_profile_orig
-84.634773,24.993971,2025-05-01,20250504,40,qcobs_profile_orig
-84.954941,18.799520,2025-05-01,20250504,41,qcobs_profile_orig
-83.972069,23.701710,2025-05-02,20250504,41,qcobs_profile_orig
-91.011177,26.955460,2025-05-02,20250504,38,qcobs_profile_orig
-85.657944,24.770700,2025-05-02,20250504,41,qcobs_profile_orig
-86.439774,25.418640,2025-05-02,20250504,41,qcobs_profile_orig
-96.182877,24.688150,2025-05-02,20250504,36,qcobs_profile_orig
-88.337219,26.656710,2025-05-03,20250504,41,qcobs_profile_orig
-92.309479,26.362249,2025-05-03,20250504,41,qcobs_profile_orig
-83.922760,23.345230,2025-05-03,20250504,41,qcobs_profile_orig
-96.193947,23.139700,2025-05-03,20250504,41,qcobs_profile_orig
-89.351540,25.905420,2025-05-03,20250504,41,qcobs_profile_orig
-87.107521,28.155689,2025-05-03,20250504,41,qcobs_profile_orig
-95.725990,20.338079,2025-05-04,20250504,41,qcobs_profile_orig
-95.787003,20.335550,2025-05-04,20250504,41,qcobs_profile_orig
-89.461800,27.714121,2025-05-04,20250504,33,qcobs_profile_orig
-87.689270,26.825310,2025-05-04,20250504,41,qcobs_profile_orig
-93.224831,20.769199,2025-05-04,20250504,41,qcobs_profile_orig
-89.014343,24.796440,2025-05-04,20250504,41,qcobs_profile_orig
-87.462097,27.562340,2025-05-04,20250504,38,qcobs_profile_orig
-89.343521,28.154760,2025-05-05,20250504,31,qcobs_profile_orig
-91.781380,24.891411,2025-05-05,20250504,41,qcobs_profile_orig
-87.828217,27.788000,2025-05-05,20250504,41,qcobs_profile_orig
-87.319199,26.295700,2025-05-05,20250504,40,qcobs_profile_orig
-94.544640,19.687149,2025-05-06,20250504,36,qcobs_profile_orig
-89.380890,27.142160,2025-05-06,20250504,41,qcobs_profile_orig
-81.657181,23.381310,2025-05-06,20250504,35,qcobs_profile_orig
-80.535912,23.785120,2025-05-06,20250504,29,qcobs_profile_orig
-85.511208,23.742399,2025-05-06,20250504,40,qcobs_profile_orig
-84.620377,24.687170,2025-05-06,20250504,40,qcobs_profile_orig
-84.198738,23.807510,2025-05-07,20250504,41,qcobs_profile_orig
-90.946609,26.953300,2025-05-07,20250504,38,qcobs_profile_orig
-85.486702,24.815060,2025-05-07,20250504,41,qcobs_profile_orig
-86.444168,25.100250,2025-05-07,20250504,41,qcobs_profile_orig
-96.255821,24.492140,2025-05-07,20250504,36,qcobs_profile_orig
-88.321404,27.188850,2025-05-08,20250504,41,qcobs_profile_orig
-91.990929,26.353901,2025-05-08,20250504,41,qcobs_profile_orig
-83.824089,23.392179,2025-05-08,20250504,41,qcobs_profile_orig
-89.431419,26.206249,2025-05-08,20250504,41,qcobs_profile_orig
-87.267113,28.123070,2025-05-08,20250504,41,qcobs_profile_orig
-94.593422,19.518000,2025-05-01,20250505,36,qcobs_profile_orig
-89.900818,27.083151,2025-05-01,20250505,41,qcobs_profile_orig
-89.350067,28.145990,2025-05-01,20250505,32,qcobs_profile_orig
-81.632660,23.376551,2025-05-01,20250505,35,qcobs_profile_orig
-80.542137,23.797501,2025-05-01,20250505,30,qcobs_profile_orig
-85.741089,23.917850,2025-05-01,20250505,40,qcobs_profile_orig
-84.634773,24.993971,2025-05-01,20250505,40,qcobs_profile_orig
-84.954941,18.799520,2025-05-01,20250505,41,qcobs_profile_orig
-83.972069,23.701710,2025-05-02,20250505,41,qcobs_profile_orig
-91.011177,26.955460,2025-05-02,20250505,38,qcobs_profile_orig
-85.657944,24.770700,2025-05-02,20250505,41,qcobs_profile_orig
-86.439774,25.418640,2025-05-02,20250505,41,qcobs_profile_orig
-96.182877,24.688150,2025-05-02,20250505,36,qcobs_profile_orig
-88.337219,26.656710,2025-05-03,20250505,41,qcobs_profile_orig
-92.309479,26.362249,2025-05-03,20250505,41,qcobs_profile_orig
-83.922760,23.345230,2025-05-03,20250505,41,qcobs_profile_orig
-96.193947,23.139700,2025-05-03,20250505,41,qcobs_profile_orig
-89.351540,25.905420,2025-05-03,20250505,41,qcobs_profile_orig
-87.107521,28.155689,2025-05-03,20250505,41,qcobs_profile_orig
-95.725990,20.338079,2025-05-04,20250505,41,qcobs_profile_orig
-95.787003,20.335550,2025-05-04,20250505,41,qcobs_profile_orig
-89.461800,27.714121,2025-05-04,20250505,33,qcobs_profile_orig
-87.689270,26.825310,2025-05-04,20250505,41,qcobs_profile_orig
-93.224831,20.769199,2025-05-04,20250505,41,qcobs_profile_orig
-89.014343,24.796440,2025-05-04,20250505,41,qcobs_profile_orig
-87.462097,27.562340,2025-05-04,20250505,38,qcobs_profile_orig
-89.343521,28.154760,2025-05-05,20250505,31,qcobs_profile_orig
-91.781380,24.891411,2025-05-05,20250505,41,qcobs_profile_orig
-87.828217,27.788000,2025-05-05,20250505,41,qcobs_profile_orig
-87.319199,26.295700,2025-05-05,20250505,40,qcobs_profile_orig
-94.544640,19.687149,2025-05-06,20250505,36,qcobs_profile_orig
-89.380890,27.142160,2025-05-06,20250505,41,qcobs_profile_orig
-81.657181,23.381310,2025-05-06,20250505,35,qcobs_profile_orig
-80.535912,23.785120,2025-05-06,20250505,29,qcobs_profile_orig
-85.511208,23.742399,2025-05-06,20250505,40,qcobs_profile_orig
-84.620377,24.687170,2025-05-06,20250505,40,qcobs_profile_orig
-84.198738,23.807510,2025-05-07,20250505,41,qcobs_profile_orig
-90.946609,26.953300,2025-05-07,20250505,38,qcobs_profile_orig
-85.486702,24.815060,2025-05-07,20250505,41,qcobs_profile_orig
-86.444168,25.100250,2025-05-07,20250505,41,qcobs_profile_orig
-96.255821,24.492140,2025-05-07,20250505,36,qcobs_profile_orig
-88.321404,27.188850,2025-05-08,20250505,41,qcobs_profile_orig
-91.990929,26.353901,2025-05-08,20250505,41,qcobs_profile_orig
-83.824089,23.392179,2025-05-08,20250505,41,qcobs_profile_orig
-89.431419,26.206249,2025-05-08,20250505,41,qcobs_profile_orig
-87.267113,28.123070,2025-05-08,20250505,41,qcobs_profile_orig
-95.806427,20.523100,2025-05-09,20250505,41,qcobs_profile_orig
-95.900612,20.362320,2025-05-09,20250505,41,qcobs_profile_orig
-89.467773,27.715790,2025-05-09,20250505,33,qcobs_profile_orig
-87.471252,27.351919,2025-05-09,20250505,41,qcobs_profile_orig
-93.178391,20.707979,2025-05-09,20250505,41,qcobs_profile_orig
-89.014168,24.841841,2025-05-09,20250505,41,qcobs_profile_orig
-87.362892,27.670420,2025-05-09,20250505,41,qcobs_profile_orig
-96.108307,23.064970,2025-05-09,20250505,41,qcobs_profile_orig
-83.972069,23.701710,2025-05-02,20250506,41,qcobs_profile_orig
-91.011177,26.955460,2025-05-02,20250506,38,qcobs_profile_orig
-85.657944,24.770700,2025-05-02,20250506,41,qcobs_profile_orig
-86.439774,25.418640,2025-05-02,20250506,41,qcobs_profile_orig
-96.182877,24.688150,2025-05-02,20250506,36,qcobs_profile_orig
-88.337219,26.656710,2025-05-03,20250506,41,qcobs_profile_orig
-92.309479,26.362249,2025-05-03,20250506,41,qcobs_profile_orig
-83.922760,23.345230,2025-05-03,20250506,41,qcobs_profile_orig
-96.193947,23.139700,2025-05-03,20250506,41,qcobs_profile_orig
-89.351540,25.905420,2025-05-03,20250506,41,qcobs_profile_orig
-87.107521,28.155689,2025-05-03,20250506,41,qcobs_profile_orig
-95.725990,20.338079,2025-05-04,20250506,41,qcobs_profile_orig
-95.787003,20.335550,2025-05-04,20250506,41,qcobs_profile_orig
-89.461800,27.714121,2025-05-04,20250506,33,qcobs_profile_orig
-87.689270,26.825310,2025-05-04,20250506,41,qcobs_profile_orig
-93.224831,20.769199,2025-05-04,20250506,41,qcobs_profile_orig
-89.014343,24.796440,2025-05-04,20250506,41,qcobs_profile_orig
-87.462097,27.562340,2025-05-04,20250506,38,qcobs_profile_orig
-89.343521,28.154760,2025-05-05,20250506,31,qcobs_profile_orig
-91.781380,24.891411,2025-05-05,20250506,41,qcobs_profile_orig
-87.828217,27.788000,2025-05-05,20250506,41,qcobs_profile_orig
-87.319199,26.295700,2025-05-05,20250506,40,qcobs_profile_orig
-94.544640,19.687149,2025-05-06,20250506,36,qcobs_profile_orig
-89.380890,27.142160,2025-05-06,20250506,41,qcobs_profile_orig
-81.657181,23.381310,2025-05-06,20250506,35,qcobs_profile_orig
-80.535912,23.785120,2025-05-06,20250506,29,qcobs_profile_orig
-85.511208,23.742399,2025-05-06,20250506,40,qcobs_profile_orig
-84.620377,24.687170,2025-05-06,20250506,40,qcobs_profile_orig
-84.198738,23.807510,2025-05-07,20250506,41,qcobs_profile_orig
-90.946609,26.953300,2025-05-07,20250506,38,qcobs_profile_orig
-85.486702,24.815060,2025-05-07,20250506,41,qcobs_profile_orig
-86.444168,25.100250,2025-05-07,20250506,41,qcobs_profile_orig
-96.255821,24.492140,2025-05-07,20250506,36,qcobs_profile_orig
-88.321404,27.188850,2025-05-08,20250506,41,qcobs_profile_orig
-91.990929,26.353901,2025-05-08,20250506,41,qcobs_profile_orig
-83.824089,23.392179,2025-05-08,20250506,41,qcobs_profile_orig
-89.431419,26.206249,2025-05-08,20250506,41,qcobs_profile_orig
-87.267113,28.123070,2025-05-08,20250506,41,qcobs_profile_orig
-95.806427,20.523100,2025-05-09,20250506,41,qcobs_profile_orig
-95.900612,20.362320,2025-05-09,20250506,41,qcobs_profile_orig
-89.467773,27.715790,2025-05-09,20250506,33,qcobs_profile_orig
-87.471252,27.351919,2025-05-09,20250506,41,qcobs_profile_orig
-93.178391,20.707979,2025-05-09,20250506,41,qcobs_profile_orig
-89.014168,24.841841,2025-05-09,20250506,41,qcobs_profile_orig
-87.362892,27.670420,2025-05-09,20250506,41,qcobs_profile_orig
-96.108307,23.064970,2025-05-09,20250506,41,qcobs_profile_orig
-89.338692,28.159719,2025-05-10,20250506,31,qcobs_profile_orig
-91.978630,24.794649,2025-05-10,20250506,41,qcobs_profile_orig
-88.065140,27.691839,2025-05-10,20250506,41,qcobs_profile_orig
-82.032860,18.513611,2025-05-10,20250506,41,qcobs_profile_orig
-90.934303,24.505100,2025-05-10,20250506,39,qcobs_profile_orig
-88.337219,26.656710,2025-05-03,20250507,41,qcobs_profile_orig
-92.309479,26.362249,2025-05-03,20250507,41,qcobs_profile_orig
-83.922760,23.345230,2025-05-03,20250507,41,qcobs_profile_orig
-96.193947,23.139700,2025-05-03,20250507,41,qcobs_profile_orig
-89.351540,25.905420,2025-05-03,20250507,41,qcobs_profile_orig
-87.107521,28.155689,2025-05-03,20250507,41,qcobs_profile_orig
-95.725990,20.338079,2025-05-04,20250507,41,qcobs_profile_orig
-95.787003,20.335550,2025-05-04,20250507,41,qcobs_profile_orig
-89.461800,27.714121,2025-05-04,20250507,33,qcobs_profile_orig
-87.689270,26.825310,2025-05-04,20250507,41,qcobs_profile_orig
-93.224831,20.769199,2025-05-04,20250507,41,qcobs_profile_orig
-89.014343,24.796440,2025-05-04,20250507,41,qcobs_profile_orig
-87.462097,27.562340,2025-05-04,20250507,38,qcobs_profile_orig
-89.343521,28.154760,2025-05-05,20250507,31,qcobs_profile_orig
-91.781380,24.891411,2025-05-05,20250507,41,qcobs_profile_orig
-87.828217,27.788000,2025-05-05,20250507,41,qcobs_profile_orig
-87.319199,26.295700,2025-05-05,20250507,40,qcobs_profile_orig
-94.544640,19.687149,2025-05-06,20250507,36,qcobs_profile_orig
-89.380890,27.142160,2025-05-06,20250507,41,qcobs_profile_orig
-81.657181,23.381310,2025-05-06,20250507,35,qcobs_profile_orig
-80.535912,23.785120,2025-05-06,20250507,29,qcobs_profile_orig
-85.511208,23.742399,2025-05-06,20250507,40,qcobs_profile_orig
-84.620377,24.687170,2025-05-06,20250507,40,qcobs_profile_orig
-84.198738,23.807510,2025-05-07,20250507,41,qcobs_profile_orig
-90.946609,26.953300,2025-05-07,20250507,38,qcobs_profile_orig
-85.486702,24.815060,2025-05-07,20250507,41,qcobs_profile_orig
-86.444168,25.100250,2025-05-07,20250507,41,qcobs_profile_orig
-96.255821,24.492140,2025-05-07,20250507,36,qcobs_profile_orig
-88.321404,27.188850,2025-05-08,20250507,41,qcobs_profile_orig
-91.990929,26.353901,2025-05-08,20250507,41,qcobs_profile_orig
-83.824089,23.392179,2025-05-08,20250507,41,qcobs_profile_orig
-89.431419,26.206249,2025-05-08,20250507,41,qcobs_profile_orig
-87.267113,28.123070,2025-05-08,20250507,41,qcobs_profile_orig
-95.806427,20.523100,2025-05-09,20250507,41,qcobs_profile_orig
-95.900612,20.362320,2025-05-09,20250507,41,qcobs_profile_orig
-89.467773,27.715790,2025-05-09,20250507,33,qcobs_profile_orig
-87.471252,27.351919,2025-05-09,20250507,41,qcobs_profile_orig
-93.178391,20.707979,2025-05-09,20250507,41,qcobs_profile_orig
-89.014168,24.841841,2025-05-09,20250507,41,qcobs_profile_orig
-87.362892,27.670420,2025-05-09,20250507,41,qcobs_profile_orig
-96.108307,23.064970,2025-05-09,20250507,41,qcobs_profile_orig
-89.338692,28.159719,2025-05-10,20250507,31,qcobs_profile_orig
-91.978630,24.794649,2025-05-10,20250507,41,qcobs_profile_orig
-88.065140,27.691839,2025-05-10,20250507,41,qcobs_profile_orig
-82.032860,18.513611,2025-05-10,20250507,41,qcobs_profile_orig
-90.934303,24.505100,2025-05-10,20250507,39,qcobs_profile_orig
-94.582550,19.656469,2025-05-11,20250507,35,qcobs_profile_orig
-89.477837,27.005220,2025-05-11,20250507,41,qcobs_profile_orig
-81.672600,23.381639,2025-05-11,20250507,35,qcobs_profile_orig
-80.524773,23.761511,2025-05-11,20250507,29,qcobs_profile_orig
-85.379883,23.432911,2025-05-11,20250507,31,qcobs_profile_orig
-84.779243,24.699360,2025-05-11,20250507,40,qcobs_profile_orig
-85.140846,18.722410,2025-05-11,20250507,41,qcobs_profile_orig
-95.725990,20.338079,2025-05-04,20250508,41,qcobs_profile_orig
-95.787003,20.335550,2025-05-04,20250508,41,qcobs_profile_orig
-89.461800,27.714121,2025-05-04,20250508,33,qcobs_profile_orig
-87.689270,26.825310,2025-05-04,20250508,41,qcobs_profile_orig
-93.224831,20.769199,2025-05-04,20250508,41,qcobs_profile_orig
-89.014343,24.796440,2025-05-04,20250508,41,qcobs_profile_orig
-87.462097,27.562340,2025-05-04,20250508,38,qcobs_profile_orig
-89.343521,28.154760,2025-05-05,20250508,31,qcobs_profile_orig
-91.781380,24.891411,2025-05-05,20250508,41,qcobs_profile_orig
-87.828217,27.788000,2025-05-05,20250508,41,qcobs_profile_orig
-87.319199,26.295700,2025-05-05,20250508,40,qcobs_profile_orig
-94.544640,19.687149,2025-05-06,20250508,36,qcobs_profile_orig
-89.380890,27.142160,2025-05-06,20250508,41,qcobs_profile_orig
-81.657181,23.381310,2025-05-06,20250508,35,qcobs_profile_orig
-80.535912,23.785120,2025-05-06,20250508,29,qcobs_profile_orig
-85.511208,23.742399,2025-05-06,20250508,40,qcobs_profile_orig
-84.620377,24.687170,2025-05-06,20250508,40,qcobs_profile_orig
-84.198738,23.807510,2025-05-07,20250508,41,qcobs_profile_orig
-90.946609,26.953300,2025-05-07,20250508,38,qcobs_profile_orig
-85.486702,24.815060,2025-05-07,20250508,41,qcobs_profile_orig
-86.444168,25.100250,2025-05-07,20250508,41,qcobs_profile_orig
-96.255821,24.492140,2025-05-07,20250508,36,qcobs_profile_orig
-88.321404,27.188850,2025-05-08,20250508,41,qcobs_profile_orig
-91.990929,26.353901,2025-05-08,20250508,41,qcobs_profile_orig
-83.824089,23.392179,2025-05-08,20250508,41,qcobs_profile_orig
-89.431419,26.206249,2025-05-08,20250508,41,qcobs_profile_orig
-87.267113,28.123070,2025-05-08,20250508,41,qcobs_profile_orig
-95.806427,20.523100,2025-05-09,20250508,41,qcobs_profile_orig
-95.900612,20.362320,2025-05-09,20250508,41,qcobs_profile_orig
-89.467773,27.715790,2025-05-09,20250508,33,qcobs_profile_orig
-87.471252,27.351919,2025-05-09,20250508,41,qcobs_profile_orig
-93.178391,20.707979,2025-05-09,20250508,41,qcobs_profile_orig
-89.014168,24.841841,2025-05-09,20250508,41,qcobs_profile_orig
-87.362892,27.670420,2025-05-09,20250508,41,qcobs_profile_orig
-96.108307,23.064970,2025-05-09,20250508,41,qcobs_profile_orig
-89.338692,28.159719,2025-05-10,20250508,31,qcobs_profile_orig
-91.978630,24.794649,2025-05-10,20250508,41,qcobs_profile_orig
-88.065140,27.691839,2025-05-10,20250508,41,qcobs_profile_orig
-82.032860,18.513611,2025-05-10,20250508,41,qcobs_profile_orig
-90.934303,24.505100,2025-05-10,20250508,39,qcobs_profile_orig
-94.582550,19.656469,2025-05-11,20250508,35,qcobs_profile_orig
-89.477837,27.005220,2025-05-11,20250508,41,qcobs_profile_orig
-81.672600,23.381639,2025-05-11,20250508,35,qcobs_profile_orig
-80.524773,23.761511,2025-05-11,20250508,29,qcobs_profile_orig
-85.379883,23.432911,2025-05-11,20250508,31,qcobs_profile_orig
-84.779243,24.699360,2025-05-11,20250508,40,qcobs_profile_orig
-85.140846,18.722410,2025-05-11,20250508,41,qcobs_profile_orig
-83.905670,23.721880,2025-05-12,20250508,41,qcobs_profile_orig
-90.865067,26.896219,2025-05-12,20250508,39,qcobs_profile_orig
-85.092461,25.256981,2025-05-12,20250508,41,qcobs_profile_orig
-86.130417,25.006840,2025-05-12,20250508,41,qcobs_profile_orig
-96.348648,24.374201,2025-05-12,20250508,38,qcobs_profile_orig
-89.343521,28.154760,2025-05-05,20250509,31,qcobs_profile_orig
-91.781380,24.891411,2025-05-05,20250509,41,qcobs_profile_orig
-87.828217,27.788000,2025-05-05,20250509,41,qcobs_profile_orig
-87.319199,26.295700,2025-05-05,20250509,40,qcobs_profile_orig
-94.544640,19.687149,2025-05-06,20250509,36,qcobs_profile_orig
-89.380890,27.142160,2025-05-06,20250509,41,qcobs_profile_orig
-81.657181,23.381310,2025-05-06,20250509,35,qcobs_profile_orig
-80.535912,23.785120,2025-05-06,20250509,29,qcobs_profile_orig
-85.511208,23.742399,2025-05-06,20250509,40,qcobs_profile_orig
-84.620377,24.687170,2025-05-06,20250509,40,qcobs_profile_orig
-84.198738,23.807510,2025-05-07,20250509,41,qcobs_profile_orig
-90.946609,26.953300,2025-05-07,20250509,38,qcobs_profile_orig
-85.486702,24.815060,2025-05-07,20250509,41,qcobs_profile_orig
-86.444168,25.100250,2025-05-07,20250509,41,qcobs_profile_orig
-96.255821,24.492140,2025-05-07,20250509,36,qcobs_profile_orig
-88.321404,27.188850,2025-05-08,20250509,41,qcobs_profile_orig
-91.990929,26.353901,2025-05-08,20250509,41,qcobs_profile_orig
-83.824089,23.392179,2025-05-08,20250509,41,qcobs_profile_orig
-89.431419,26.206249,2025-05-08,20250509,41,qcobs_profile_orig
-87.267113,28.123070,2025-05-08,20250509,41,qcobs_profile_orig
-95.806427,20.523100,2025-05-09,20250509,41,qcobs_profile_orig
-95.900612,20.362320,2025-05-09,20250509,41,qcobs_profile_orig
-89.467773,27.715790,2025-05-09,20250509,33,qcobs_profile_orig
-87.471252,27.351919,2025-05-09,20250509,41,qcobs_profile_orig
-93.178391,20.707979,2025-05-09,20250509,41,qcobs_profile_orig
-89.014168,24.841841,2025-05-09,20250509,41,qcobs_profile_orig
-87.362892,27.670420,2025-05-09,20250509,41,qcobs_profile_orig
-96.108307,23.064970,2025-05-09,20250509,41,qcobs_profile_orig
-89.338692,28.159719,2025-05-10,20250509,31,qcobs_profile_orig
-91.978630,24.794649,2025-05-10,20250509,41,qcobs_profile_orig
-88.065140,27.691839,2025-05-10,20250509,41,qcobs_profile_orig
-82.032860,18.513611,2025-05-10,20250509,41,qcobs_profile_orig
-90.934303,24.505100,2025-05-10,20250509,39,qcobs_profile_orig
-94.582550,19.656469,2025-05-11,20250509,35,qcobs_profile_orig
-89.477837,27.005220,2025-05-11,20250509,41,qcobs_profile_orig
-81.672600,23.381639,2025-05-11,20250509,35,qcobs_profile_orig
-80.524773,23.761511,2025-05-11,20250509,29,qcobs_profile_orig
-85.379883,23.432911,2025-05-11,20250509,31,qcobs_profile_orig
-84.779243,24.699360,2025-05-11,20250509,40,qcobs_profile_orig
-85.140846,18.722410,2025-05-11,20250509,41,qcobs_profile_orig
-83.905670,23.721880,2025-05-12,20250509,41,qcobs_profile_orig
-90.865067,26.896219,2025-05-12,20250509,39,qcobs_profile_orig
-85.092461,25.256981,2025-05-12,20250509,41,qcobs_profile_orig
-86.130417,25.006840,2025-05-12,20250509,41,qcobs_profile_orig
-96.348648,24.374201,2025-05-12,20250509,38,qcobs_profile_orig
-89.113487,26.990070,2025-05-13,20250509,41,qcobs_profile_orig
-91.828827,26.252310,2025-05-13,20250509,41,qcobs_profile_orig
-83.795403,23.418221,2025-05-13,20250509,39,qcobs_profile_orig
-89.318840,25.984110,2025-05-13,20250509,41,qcobs_profile_orig
-87.502853,28.132589,2025-05-13,20250509,41,qcobs_profile_orig
-94.544640,19.687149,2025-05-06,20250510,36,qcobs_profile_orig
-89.380890,27.142160,2025-05-06,20250510,41,qcobs_profile_orig
-81.657181,23.381310,2025-05-06,20250510,35,qcobs_profile_orig
-80.535912,23.785120,2025-05-06,20250510,29,qcobs_profile_orig
-85.511208,23.742399,2025-05-06,20250510,40,qcobs_profile_orig
-84.620377,24.687170,2025-05-06,20250510,40,qcobs_profile_orig
-84.198738,23.807510,2025-05-07,20250510,41,qcobs_profile_orig
-90.946609,26.953300,2025-05-07,20250510,38,qcobs_profile_orig
-85.486702,24.815060,2025-05-07,20250510,41,qcobs_profile_orig
-86.444168,25.100250,2025-05-07,20250510,41,qcobs_profile_orig
-96.255821,24.492140,2025-05-07,20250510,36,qcobs_profile_orig
-88.321404,27.188850,2025-05-08,20250510,41,qcobs_profile_orig
-91.990929,26.353901,2025-05-08,20250510,41,qcobs_profile_orig
-83.824089,23.392179,2025-05-08,20250510,41,qcobs_profile_orig
-89.431419,26.206249,2025-05-08,20250510,41,qcobs_profile_orig
-87.267113,28.123070,2025-05-08,20250510,41,qcobs_profile_orig
-95.806427,20.523100,2025-05-09,20250510,41,qcobs_profile_orig
-95.900612,20.362320,2025-05-09,20250510,41,qcobs_profile_orig
-89.467773,27.715790,2025-05-09,20250510,33,qcobs_profile_orig
-87.471252,27.351919,2025-05-09,20250510,41,qcobs_profile_orig
-93.178391,20.707979,2025-05-09,20250510,41,qcobs_profile_orig
-89.014168,24.841841,2025-05-09,20250510,41,qcobs_profile_orig
-87.362892,27.670420,2025-05-09,20250510,41,qcobs_profile_orig
-96.108307,23.064970,2025-05-09,20250510,41,qcobs_profile_orig
-89.338692,28.159719,2025-05-10,20250510,31,qcobs_profile_orig
-91.978630,24.794649,2025-05-10,20250510,41,qcobs_profile_orig
-88.065140,27.691839,2025-05-10,20250510,41,qcobs_profile_orig
-82.032860,18.513611,2025-05-10,20250510,41,qcobs_profile_orig
-90.934303,24.505100,2025-05-10,20250510,39,qcobs_profile_orig
-94.582550,19.656469,2025-05-11,20250510,35,qcobs_profile_orig
-89.477837,27.005220,2025-05-11,20250510,41,qcobs_profile_orig
-81.672600,23.381639,2025-05-11,20250510,35,qcobs_profile_orig
-80.524773,23.761511,2025-05-11,20250510,29,qcobs_profile_orig
-85.379883,23.432911,2025-05-11,20250510,31,qcobs_profile_orig
-84.779243,24.699360,2025-05-11,20250510,40,qcobs_profile_orig
-85.140846,18.722410,2025-05-11,20250510,41,qcobs_profile_orig
-83.905670,23.721880,2025-05-12,20250510,41,qcobs_profile_orig
-90.865067,26.896219,2025-05-12,20250510,39,qcobs_profile_orig
-85.092461,25.256981,2025-05-12,20250510,41,qcobs_profile_orig
-86.130417,25.006840,2025-05-12,20250510,41,qcobs_profile_orig
-96.348648,24.374201,2025-05-12,20250510,38,qcobs_profile_orig
-89.113487,26.990070,2025-05-13,20250510,41,qcobs_profile_orig
-91.828827,26.252310,2025-05-13,20250510,41,qcobs_profile_orig
-83.795403,23.418221,2025-05-13,20250510,39,qcobs_profile_orig
-89.318840,25.984110,2025-05-13,20250510,41,qcobs_profile_orig
-87.502853,28.132589,2025-05-13,20250510,41,qcobs_profile_orig
-95.714996,20.555370,2025-05-14,20250510,41,qcobs_profile_orig
-95.905029,20.099091,2025-05-14,20250510,41,qcobs_profile_orig
-89.480911,27.714109,2025-05-14,20250510,33,qcobs_profile_orig
-93.159492,20.658199,2025-05-14,20250510,41,qcobs_profile_orig
-88.970444,24.643311,2025-05-14,20250510,41,qcobs_profile_orig
-96.101921,22.888720,2025-05-14,20250510,41,qcobs_profile_orig
-84.198738,23.807510,2025-05-07,20250511,41,qcobs_profile_orig
-90.946609,26.953300,2025-05-07,20250511,38,qcobs_profile_orig
-85.486702,24.815060,2025-05-07,20250511,41,qcobs_profile_orig
-86.444168,25.100250,2025-05-07,20250511,41,qcobs_profile_orig
-96.255821,24.492140,2025-05-07,20250511,36,qcobs_profile_orig
-88.321404,27.188850,2025-05-08,20250511,41,qcobs_profile_orig
-91.990929,26.353901,2025-05-08,20250511,41,qcobs_profile_orig
-83.824089,23.392179,2025-05-08,20250511,41,qcobs_profile_orig
-89.431419,26.206249,2025-05-08,20250511,41,qcobs_profile_orig
-87.267113,28.123070,2025-05-08,20250511,41,qcobs_profile_orig
-95.806427,20.523100,2025-05-09,20250511,41,qcobs_profile_orig
-95.900612,20.362320,2025-05-09,20250511,41,qcobs_profile_orig
-89.467773,27.715790,2025-05-09,20250511,33,qcobs_profile_orig
-87.471252,27.351919,2025-05-09,20250511,41,qcobs_profile_orig
-93.178391,20.707979,2025-05-09,20250511,41,qcobs_profile_orig
-89.014168,24.841841,2025-05-09,20250511,41,qcobs_profile_orig
-87.362892,27.670420,2025-05-09,20250511,41,qcobs_profile_orig
-96.108307,23.064970,2025-05-09,20250511,41,qcobs_profile_orig
-89.338692,28.159719,2025-05-10,20250511,31,qcobs_profile_orig
-91.978630,24.794649,2025-05-10,20250511,41,qcobs_profile_orig
-88.065140,27.691839,2025-05-10,20250511,41,qcobs_profile_orig
-82.032860,18.513611,2025-05-10,20250511,41,qcobs_profile_orig
-90.934303,24.505100,2025-05-10,20250511,39,qcobs_profile_orig
-94.582550,19.656469,2025-05-11,20250511,35,qcobs_profile_orig
-89.477837,27.005220,2025-05-11,20250511,41,qcobs_profile_orig
-81.672600,23.381639,2025-05-11,20250511,35,qcobs_profile_orig
-80.524773,23.761511,2025-05-11,20250511,29,qcobs_profile_orig
-85.379883,23.432911,2025-05-11,20250511,31,qcobs_profile_orig
-84.779243,24.699360,2025-05-11,20250511,40,qcobs_profile_orig
-85.140846,18.722410,2025-05-11,20250511,41,qcobs_profile_orig
-83.905670,23.721880,2025-05-12,20250511,41,qcobs_profile_orig
-90.865067,26.896219,2025-05-12,20250511,39,qcobs_profile_orig
-85.092461,25.256981,2025-05-12,20250511,41,qcobs_profile_orig
-86.130417,25.006840,2025-05-12,20250511,41,qcobs_profile_orig
-96.348648,24.374201,2025-05-12,20250511,38,qcobs_profile_orig
-89.113487,26.990070,2025-05-13,20250511,41,qcobs_profile_orig
-91.828827,26.252310,2025-05-13,20250511,41,qcobs_profile_orig
-83.795403,23.418221,2025-05-13,20250511,39,qcobs_profile_orig
-89.318840,25.984110,2025-05-13,20250511,41,qcobs_profile_orig
-87.502853,28.132589,2025-05-13,20250511,41,qcobs_profile_orig
-95.714996,20.555370,2025-05-14,20250511,41,qcobs_profile_orig
-95.905029,20.099091,2025-05-14,20250511,41,qcobs_profile_orig
-89.480911,27.714109,2025-05-14,20250511,33,qcobs_profile_orig
-93.159492,20.658199,2025-05-14,20250511,41,qcobs_profile_orig
-88.970444,24.643311,2025-05-14,20250511,41,qcobs_profile_orig
-96.101921,22.888720,2025-05-14,20250511,41,qcobs_profile_orig
-89.333679,28.157141,2025-05-15,20250511,31,qcobs_profile_orig
-87.179176,27.465561,2025-05-15,20250511,41,qcobs_profile_orig
-85.371674,23.285000,2025-05-15,20250511,31,qcobs_profile_orig
-92.187019,24.601521,2025-05-15,20250511,41,qcobs_profile_orig
-88.028236,27.575020,2025-05-15,20250511,41,qcobs_profile_orig
-87.215157,27.744200,2025-05-15,20250511,41,qcobs_profile_orig
-87.676003,26.591999,2025-05-15,20250511,40,qcobs_profile_orig
-88.321404,27.188850,2025-05-08,20250512,41,qcobs_profile_orig
-91.990929,26.353901,2025-05-08,20250512,41,qcobs_profile_orig
-83.824089,23.392179,2025-05-08,20250512,41,qcobs_profile_orig
-89.431419,26.206249,2025-05-08,20250512,41,qcobs_profile_orig
-87.267113,28.123070,2025-05-08,20250512,41,qcobs_profile_orig
-95.806427,20.523100,2025-05-09,20250512,41,qcobs_profile_orig
-95.900612,20.362320,2025-05-09,20250512,41,qcobs_profile_orig
-89.467773,27.715790,2025-05-09,20250512,33,qcobs_profile_orig
-87.471252,27.351919,2025-05-09,20250512,41,qcobs_profile_orig
-93.178391,20.707979,2025-05-09,20250512,41,qcobs_profile_orig
-89.014168,24.841841,2025-05-09,20250512,41,qcobs_profile_orig
-87.362892,27.670420,2025-05-09,20250512,41,qcobs_profile_orig
-96.108307,23.064970,2025-05-09,20250512,41,qcobs_profile_orig
-89.338692,28.159719,2025-05-10,20250512,31,qcobs_profile_orig
-91.978630,24.794649,2025-05-10,20250512,41,qcobs_profile_orig
-88.065140,27.691839,2025-05-10,20250512,41,qcobs_profile_orig
-82.032860,18.513611,2025-05-10,20250512,41,qcobs_profile_orig
-90.934303,24.505100,2025-05-10,20250512,39,qcobs_profile_orig
-94.582550,19.656469,2025-05-11,20250512,35,qcobs_profile_orig
-89.477837,27.005220,2025-05-11,20250512,41,qcobs_profile_orig
-81.672600,23.381639,2025-05-11,20250512,35,qcobs_profile_orig
-80.524773,23.761511,2025-05-11,20250512,29,qcobs_profile_orig
-85.379883,23.432911,2025-05-11,20250512,31,qcobs_profile_orig
-84.779243,24.699360,2025-05-11,20250512,40,qcobs_profile_orig
-85.140846,18.722410,2025-05-11,20250512,41,qcobs_profile_orig
-83.905670,23.721880,2025-05-12,20250512,41,qcobs_profile_orig
-90.865067,26.896219,2025-05-12,20250512,39,qcobs_profile_orig
-85.092461,25.256981,2025-05-12,20250512,41,qcobs_profile_orig
-86.130417,25.006840,2025-05-12,20250512,41,qcobs_profile_orig
-96.348648,24.374201,2025-05-12,20250512,38,qcobs_profile_orig
-89.113487,26.990070,2025-05-13,20250512,41,qcobs_profile_orig
-91.828827,26.252310,2025-05-13,20250512,41,qcobs_profile_orig
-83.795403,23.418221,2025-05-13,20250512,39,qcobs_profile_orig
-89.318840,25.984110,2025-05-13,20250512,41,qcobs_profile_orig
-87.502853,28.132589,2025-05-13,20250512,41,qcobs_profile_orig
-95.714996,20.555370,2025-05-14,20250512,41,qcobs_profile_orig
-95.905029,20.099091,2025-05-14,20250512,41,qcobs_profile_orig
-89.480911,27.714109,2025-05-14,20250512,33,qcobs_profile_orig
-93.159492,20.658199,2025-05-14,20250512,41,qcobs_profile_orig
-88.970444,24.643311,2025-05-14,20250512,41,qcobs_profile_orig
-96.101921,22.888720,2025-05-14,20250512,41,qcobs_profile_orig
-89.333679,28.157141,2025-05-15,20250512,31,qcobs_profile_orig
-87.179176,27.465561,2025-05-15,20250512,41,qcobs_profile_orig
-85.371674,23.285000,2025-05-15,20250512,31,qcobs_profile_orig
-92.187019,24.601521,2025-05-15,20250512,41,qcobs_profile_orig
-88.028236,27.575020,2025-05-15,20250512,41,qcobs_profile_orig
-87.215157,27.744200,2025-05-15,20250512,41,qcobs_profile_orig
-87.676003,26.591999,2025-05-15,20250512,40,qcobs_profile_orig
-94.522072,19.622160,2025-05-16,20250512,36,qcobs_profile_orig
-89.778961,26.703369,2025-05-16,20250512,41,qcobs_profile_orig
-81.696831,23.377279,2025-05-16,20250512,35,qcobs_profile_orig
-80.524490,23.745171,2025-05-16,20250512,28,qcobs_profile_orig
-84.790161,24.807220,2025-05-16,20250512,40,qcobs_profile_orig
-95.806427,20.523100,2025-05-09,20250513,41,qcobs_profile_orig
-95.900612,20.362320,2025-05-09,20250513,41,qcobs_profile_orig
-89.467773,27.715790,2025-05-09,20250513,33,qcobs_profile_orig
-87.471252,27.351919,2025-05-09,20250513,41,qcobs_profile_orig
-93.178391,20.707979,2025-05-09,20250513,41,qcobs_profile_orig
-89.014168,24.841841,2025-05-09,20250513,41,qcobs_profile_orig
-87.362892,27.670420,2025-05-09,20250513,41,qcobs_profile_orig
-96.108307,23.064970,2025-05-09,20250513,41,qcobs_profile_orig
-89.338692,28.159719,2025-05-10,20250513,31,qcobs_profile_orig
-91.978630,24.794649,2025-05-10,20250513,41,qcobs_profile_orig
-88.065140,27.691839,2025-05-10,20250513,41,qcobs_profile_orig
-82.032860,18.513611,2025-05-10,20250513,41,qcobs_profile_orig
-90.934303,24.505100,2025-05-10,20250513,39,qcobs_profile_orig
-94.582550,19.656469,2025-05-11,20250513,35,qcobs_profile_orig
-89.477837,27.005220,2025-05-11,20250513,41,qcobs_profile_orig
-81.672600,23.381639,2025-05-11,20250513,35,qcobs_profile_orig
-80.524773,23.761511,2025-05-11,20250513,29,qcobs_profile_orig
-85.379883,23.432911,2025-05-11,20250513,31,qcobs_profile_orig
-84.779243,24.699360,2025-05-11,20250513,40,qcobs_profile_orig
-85.140846,18.722410,2025-05-11,20250513,41,qcobs_profile_orig
-83.905670,23.721880,2025-05-12,20250513,41,qcobs_profile_orig
-90.865067,26.896219,2025-05-12,20250513,39,qcobs_profile_orig
-85.092461,25.256981,2025-05-12,20250513,41,qcobs_profile_orig
-86.130417,25.006840,2025-05-12,20250513,41,qcobs_profile_orig
-96.348648,24.374201,2025-05-12,20250513,38,qcobs_profile_orig
-89.113487,26.990070,2025-05-13,20250513,41,qcobs_profile_orig
-91.828827,26.252310,2025-05-13,20250513,41,qcobs_profile_orig
-83.795403,23.418221,2025-05-13,20250513,39,qcobs_profile_orig
-89.318840,25.984110,2025-05-13,20250513,41,qcobs_profile_orig
-87.502853,28.132589,2025-05-13,20250513,41,qcobs_profile_orig
-95.714996,20.555370,2025-05-14,20250513,41,qcobs_profile_orig
-95.905029,20.099091,2025-05-14,20250513,41,qcobs_profile_orig
-89.480911,27.714109,2025-05-14,20250513,33,qcobs_profile_orig
-93.159492,20.658199,2025-05-14,20250513,41,qcobs_profile_orig
-88.970444,24.643311,2025-05-14,20250513,41,qcobs_profile_orig
-96.101921,22.888720,2025-05-14,20250513,41,qcobs_profile_orig
-89.333679,28.157141,2025-05-15,20250513,31,qcobs_profile_orig
-87.179176,27.465561,2025-05-15,20250513,41,qcobs_profile_orig
-85.371674,23.285000,2025-05-15,20250513,31,qcobs_profile_orig
-92.187019,24.601521,2025-05-15,20250513,41,qcobs_profile_orig
-88.028236,27.575020,2025-05-15,20250513,41,qcobs_profile_orig
-87.215157,27.744200,2025-05-15,20250513,41,qcobs_profile_orig
-87.676003,26.591999,2025-05-15,20250513,40,qcobs_profile_orig
-94.522072,19.622160,2025-05-16,20250513,36,qcobs_profile_orig
-89.778961,26.703369,2025-05-16,20250513,41,qcobs_profile_orig
-81.696831,23.377279,2025-05-16,20250513,35,qcobs_profile_orig
-80.524490,23.745171,2025-05-16,20250513,28,qcobs_profile_orig
-84.790161,24.807220,2025-05-16,20250513,40,qcobs_profile_orig
-83.974388,23.589020,2025-05-17,20250513,41,qcobs_profile_orig
-90.976868,26.970819,2025-05-17,20250513,38,qcobs_profile_orig
-85.312012,26.144449,2025-05-17,20250513,41,qcobs_profile_orig
-85.387047,25.134991,2025-05-17,20250513,41,qcobs_profile_orig
-96.454117,24.346081,2025-05-17,20250513,35,qcobs_profile_orig
-79.666840,19.768036,2025-05-17,20250513,31,qcobs_profile_orig
-89.338692,28.159719,2025-05-10,20250514,31,qcobs_profile_orig
-91.978630,24.794649,2025-05-10,20250514,41,qcobs_profile_orig
-88.065140,27.691839,2025-05-10,20250514,41,qcobs_profile_orig
-82.032860,18.513611,2025-05-10,20250514,41,qcobs_profile_orig
-90.934303,24.505100,2025-05-10,20250514,39,qcobs_profile_orig
-94.582550,19.656469,2025-05-11,20250514,35,qcobs_profile_orig
-89.477837,27.005220,2025-05-11,20250514,41,qcobs_profile_orig
-81.672600,23.381639,2025-05-11,20250514,35,qcobs_profile_orig
-80.524773,23.761511,2025-05-11,20250514,29,qcobs_profile_orig
-85.379883,23.432911,2025-05-11,20250514,31,qcobs_profile_orig
-84.779243,24.699360,2025-05-11,20250514,40,qcobs_profile_orig
-85.140846,18.722410,2025-05-11,20250514,41,qcobs_profile_orig
-83.905670,23.721880,2025-05-12,20250514,41,qcobs_profile_orig
-90.865067,26.896219,2025-05-12,20250514,39,qcobs_profile_orig
-85.092461,25.256981,2025-05-12,20250514,41,qcobs_profile_orig
-86.130417,25.006840,2025-05-12,20250514,41,qcobs_profile_orig
-96.348648,24.374201,2025-05-12,20250514,38,qcobs_profile_orig
-89.113487,26.990070,2025-05-13,20250514,41,qcobs_profile_orig
-91.828827,26.252310,2025-05-13,20250514,41,qcobs_profile_orig
-83.795403,23.418221,2025-05-13,20250514,39,qcobs_profile_orig
-89.318840,25.984110,2025-05-13,20250514,41,qcobs_profile_orig
-87.502853,28.132589,2025-05-13,20250514,41,qcobs_profile_orig
-95.714996,20.555370,2025-05-14,20250514,41,qcobs_profile_orig
-95.905029,20.099091,2025-05-14,20250514,41,qcobs_profile_orig
-89.480911,27.714109,2025-05-14,20250514,33,qcobs_profile_orig
-93.159492,20.658199,2025-05-14,20250514,41,qcobs_profile_orig
-88.970444,24.643311,2025-05-14,20250514,41,qcobs_profile_orig
-96.101921,22.888720,2025-05-14,20250514,41,qcobs_profile_orig
-89.333679,28.157141,2025-05-15,20250514,31,qcobs_profile_orig
-87.179176,27.465561,2025-05-15,20250514,41,qcobs_profile_orig
-85.371674,23.285000,2025-05-15,20250514,31,qcobs_profile_orig
-92.187019,24.601521,2025-05-15,20250514,41,qcobs_profile_orig
-88.028236,27.575020,2025-05-15,20250514,41,qcobs_profile_orig
-87.215157,27.744200,2025-05-15,20250514,41,qcobs_profile_orig
-87.676003,26.591999,2025-05-15,20250514,40,qcobs_profile_orig
-94.522072,19.622160,2025-05-16,20250514,36,qcobs_profile_orig
-89.778961,26.703369,2025-05-16,20250514,41,qcobs_profile_orig
-81.696831,23.377279,2025-05-16,20250514,35,qcobs_profile_orig
-80.524490,23.745171,2025-05-16,20250514,28,qcobs_profile_orig
-84.790161,24.807220,2025-05-16,20250514,40,qcobs_profile_orig
-83.974388,23.589020,2025-05-17,20250514,41,qcobs_profile_orig
-90.976868,26.970819,2025-05-17,20250514,38,qcobs_profile_orig
-85.312012,26.144449,2025-05-17,20250514,41,qcobs_profile_orig
-85.387047,25.134991,2025-05-17,20250514,41,qcobs_profile_orig
-96.454117,24.346081,2025-05-17,20250514,35,qcobs_profile_orig
-79.666840,19.768036,2025-05-17,20250514,31,qcobs_profile_orig
-89.359589,27.261709,2025-05-18,20250514,41,qcobs_profile_orig
-89.490570,27.709141,2025-05-18,20250514,33,qcobs_profile_orig
-91.877289,26.359930,2025-05-18,20250514,41,qcobs_profile_orig
-83.761871,23.426510,2025-05-18,20250514,37,qcobs_profile_orig
-89.154198,25.485210,2025-05-18,20250514,41,qcobs_profile_orig
-87.698090,28.107830,2025-05-18,20250514,41,qcobs_profile_orig
-94.582550,19.656469,2025-05-11,20250515,35,qcobs_profile_orig
-89.477837,27.005220,2025-05-11,20250515,41,qcobs_profile_orig
-81.672600,23.381639,2025-05-11,20250515,35,qcobs_profile_orig
-80.524773,23.761511,2025-05-11,20250515,29,qcobs_profile_orig
-85.379883,23.432911,2025-05-11,20250515,31,qcobs_profile_orig
-84.779243,24.699360,2025-05-11,20250515,40,qcobs_profile_orig
-85.140846,18.722410,2025-05-11,20250515,41,qcobs_profile_orig
-83.905670,23.721880,2025-05-12,20250515,41,qcobs_profile_orig
-90.865067,26.896219,2025-05-12,20250515,39,qcobs_profile_orig
-85.092461,25.256981,2025-05-12,20250515,41,qcobs_profile_orig
-86.130417,25.006840,2025-05-12,20250515,41,qcobs_profile_orig
-96.348648,24.374201,2025-05-12,20250515,38,qcobs_profile_orig
-89.113487,26.990070,2025-05-13,20250515,41,qcobs_profile_orig
-91.828827,26.252310,2025-05-13,20250515,41,qcobs_profile_orig
-83.795403,23.418221,2025-05-13,20250515,39,qcobs_profile_orig
-89.318840,25.984110,2025-05-13,20250515,41,qcobs_profile_orig
-87.502853,28.132589,2025-05-13,20250515,41,qcobs_profile_orig
-95.714996,20.555370,2025-05-14,20250515,41,qcobs_profile_orig
-95.905029,20.099091,2025-05-14,20250515,41,qcobs_profile_orig
-89.480911,27.714109,2025-05-14,20250515,33,qcobs_profile_orig
-93.159492,20.658199,2025-05-14,20250515,41,qcobs_profile_orig
-88.970444,24.643311,2025-05-14,20250515,41,qcobs_profile_orig
-96.101921,22.888720,2025-05-14,20250515,41,qcobs_profile_orig
-89.333679,28.157141,2025-05-15,20250515,31,qcobs_profile_orig
-87.179176,27.465561,2025-05-15,20250515,41,qcobs_profile_orig
-85.371674,23.285000,2025-05-15,20250515,31,qcobs_profile_orig
-92.187019,24.601521,2025-05-15,20250515,41,qcobs_profile_orig
-88.028236,27.575020,2025-05-15,20250515,41,qcobs_profile_orig
-87.215157,27.744200,2025-05-15,20250515,41,qcobs_profile_orig
-87.676003,26.591999,2025-05-15,20250515,40,qcobs_profile_orig
-94.522072,19.622160,2025-05-16,20250515,36,qcobs_profile_orig
-89.778961,26.703369,2025-05-16,20250515,41,qcobs_profile_orig
-81.696831,23.377279,2025-05-16,20250515,35,qcobs_profile_orig
-80.524490,23.745171,2025-05-16,20250515,28,qcobs_profile_orig
-84.790161,24.807220,2025-05-16,20250515,40,qcobs_profile_orig
-83.974388,23.589020,2025-05-17,20250515,41,qcobs_profile_orig
-90.976868,26.970819,2025-05-17,20250515,38,qcobs_profile_orig
-85.312012,26.144449,2025-05-17,20250515,41,qcobs_profile_orig
-85.387047,25.134991,2025-05-17,20250515,41,qcobs_profile_orig
-96.454117,24.346081,2025-05-17,20250515,35,qcobs_profile_orig
-79.666840,19.768036,2025-05-17,20250515,31,qcobs_profile_orig
-89.359589,27.261709,2025-05-18,20250515,41,qcobs_profile_orig
-89.490570,27.709141,2025-05-18,20250515,33,qcobs_profile_orig
-91.877289,26.359930,2025-05-18,20250515,41,qcobs_profile_orig
-83.761871,23.426510,2025-05-18,20250515,37,qcobs_profile_orig
-89.154198,25.485210,2025-05-18,20250515,41,qcobs_profile_orig
-87.698090,28.107830,2025-05-18,20250515,41,qcobs_profile_orig
-95.734848,20.256960,2025-05-19,20250515,41,qcobs_profile_orig
-93.105362,20.654470,2025-05-19,20250515,41,qcobs_profile_orig
-88.989304,24.397341,2025-05-19,20250515,41,qcobs_profile_orig
-96.203690,22.674410,2025-05-19,20250515,41,qcobs_profile_orig
-83.905670,23.721880,2025-05-12,20250516,41,qcobs_profile_orig
-90.865067,26.896219,2025-05-12,20250516,39,qcobs_profile_orig
-85.092461,25.256981,2025-05-12,20250516,41,qcobs_profile_orig
-86.130417,25.006840,2025-05-12,20250516,41,qcobs_profile_orig
-96.348648,24.374201,2025-05-12,20250516,38,qcobs_profile_orig
-89.113487,26.990070,2025-05-13,20250516,41,qcobs_profile_orig
-91.828827,26.252310,2025-05-13,20250516,41,qcobs_profile_orig
-83.795403,23.418221,2025-05-13,20250516,39,qcobs_profile_orig
-89.318840,25.984110,2025-05-13,20250516,41,qcobs_profile_orig
-87.502853,28.132589,2025-05-13,20250516,41,qcobs_profile_orig
-95.714996,20.555370,2025-05-14,20250516,41,qcobs_profile_orig
-95.905029,20.099091,2025-05-14,20250516,41,qcobs_profile_orig
-89.480911,27.714109,2025-05-14,20250516,33,qcobs_profile_orig
-93.159492,20.658199,2025-05-14,20250516,41,qcobs_profile_orig
-88.970444,24.643311,2025-05-14,20250516,41,qcobs_profile_orig
-96.101921,22.888720,2025-05-14,20250516,41,qcobs_profile_orig
-89.333679,28.157141,2025-05-15,20250516,31,qcobs_profile_orig
-87.179176,27.465561,2025-05-15,20250516,41,qcobs_profile_orig
-85.371674,23.285000,2025-05-15,20250516,31,qcobs_profile_orig
-92.187019,24.601521,2025-05-15,20250516,41,qcobs_profile_orig
-88.028236,27.575020,2025-05-15,20250516,41,qcobs_profile_orig
-87.215157,27.744200,2025-05-15,20250516,41,qcobs_profile_orig
-87.676003,26.591999,2025-05-15,20250516,40,qcobs_profile_orig
-94.522072,19.622160,2025-05-16,20250516,36,qcobs_profile_orig
-89.778961,26.703369,2025-05-16,20250516,41,qcobs_profile_orig
-81.696831,23.377279,2025-05-16,20250516,35,qcobs_profile_orig
-80.524490,23.745171,2025-05-16,20250516,28,qcobs_profile_orig
-84.790161,24.807220,2025-05-16,20250516,40,qcobs_profile_orig
-83.974388,23.589020,2025-05-17,20250516,41,qcobs_profile_orig
-90.976868,26.970819,2025-05-17,20250516,38,qcobs_profile_orig
-85.312012,26.144449,2025-05-17,20250516,41,qcobs_profile_orig
-85.387047,25.134991,2025-05-17,20250516,41,qcobs_profile_orig
-96.454117,24.346081,2025-05-17,20250516,35,qcobs_profile_orig
-79.666840,19.768036,2025-05-17,20250516,31,qcobs_profile_orig
-89.359589,27.261709,2025-05-18,20250516,41,qcobs_profile_orig
-89.490570,27.709141,2025-05-18,20250516,33,qcobs_profile_orig
-91.877289,26.359930,2025-05-18,20250516,41,qcobs_profile_orig
-83.761871,23.426510,2025-05-18,20250516,37,qcobs_profile_orig
-89.154198,25.485210,2025-05-18,20250516,41,qcobs_profile_orig
-87.698090,28.107830,2025-05-18,20250516,41,qcobs_profile_orig
-95.734848,20.256960,2025-05-19,20250516,41,qcobs_profile_orig
-93.105362,20.654470,2025-05-19,20250516,41,qcobs_profile_orig
-88.989304,24.397341,2025-05-19,20250516,41,qcobs_profile_orig
-96.203690,22.674410,2025-05-19,20250516,41,qcobs_profile_orig
-94.502220,19.714849,2025-05-21,20250516,36,qcobs_profile_orig
-95.562813,19.687550,2025-05-20,20250516,40,qcobs_profile_orig
-89.334282,28.157860,2025-05-20,20250516,31,qcobs_profile_orig
-87.204041,27.619020,2025-05-20,20250516,41,qcobs_profile_orig
-85.464661,23.249149,2025-05-20,20250516,31,qcobs_profile_orig
-92.218567,24.673140,2025-05-20,20250516,41,qcobs_profile_orig
-88.213707,27.232960,2025-05-20,20250516,41,qcobs_profile_orig
-87.391937,27.826000,2025-05-20,20250516,41,qcobs_profile_orig
-91.196602,25.218700,2025-05-20,20250516,39,qcobs_profile_orig
-89.113487,26.990070,2025-05-13,20250517,41,qcobs_profile_orig
-91.828827,26.252310,2025-05-13,20250517,41,qcobs_profile_orig
-83.795403,23.418221,2025-05-13,20250517,39,qcobs_profile_orig
-89.318840,25.984110,2025-05-13,20250517,41,qcobs_profile_orig
-87.502853,28.132589,2025-05-13,20250517,41,qcobs_profile_orig
-95.714996,20.555370,2025-05-14,20250517,41,qcobs_profile_orig
-95.905029,20.099091,2025-05-14,20250517,41,qcobs_profile_orig
-89.480911,27.714109,2025-05-14,20250517,33,qcobs_profile_orig
-93.159492,20.658199,2025-05-14,20250517,41,qcobs_profile_orig
-88.970444,24.643311,2025-05-14,20250517,41,qcobs_profile_orig
-96.101921,22.888720,2025-05-14,20250517,41,qcobs_profile_orig
-89.333679,28.157141,2025-05-15,20250517,31,qcobs_profile_orig
-87.179176,27.465561,2025-05-15,20250517,41,qcobs_profile_orig
-85.371674,23.285000,2025-05-15,20250517,31,qcobs_profile_orig
-92.187019,24.601521,2025-05-15,20250517,41,qcobs_profile_orig
-88.028236,27.575020,2025-05-15,20250517,41,qcobs_profile_orig
-87.215157,27.744200,2025-05-15,20250517,41,qcobs_profile_orig
-87.676003,26.591999,2025-05-15,20250517,40,qcobs_profile_orig
-94.522072,19.622160,2025-05-16,20250517,36,qcobs_profile_orig
-89.778961,26.703369,2025-05-16,20250517,41,qcobs_profile_orig
-81.696831,23.377279,2025-05-16,20250517,35,qcobs_profile_orig
-80.524490,23.745171,2025-05-16,20250517,28,qcobs_profile_orig
-84.790161,24.807220,2025-05-16,20250517,40,qcobs_profile_orig
-83.974388,23.589020,2025-05-17,20250517,41,qcobs_profile_orig
-90.976868,26.970819,2025-05-17,20250517,38,qcobs_profile_orig
-85.312012,26.144449,2025-05-17,20250517,41,qcobs_profile_orig
-85.387047,25.134991,2025-05-17,20250517,41,qcobs_profile_orig
-96.454117,24.346081,2025-05-17,20250517,35,qcobs_profile_orig
-79.666840,19.768036,2025-05-17,20250517,31,qcobs_profile_orig
-89.359589,27.261709,2025-05-18,20250517,41,qcobs_profile_orig
-89.490570,27.709141,2025-05-18,20250517,33,qcobs_profile_orig
-91.877289,26.359930,2025-05-18,20250517,41,qcobs_profile_orig
-83.761871,23.426510,2025-05-18,20250517,37,qcobs_profile_orig
-89.154198,25.485210,2025-05-18,20250517,41,qcobs_profile_orig
-87.698090,28.107830,2025-05-18,20250517,41,qcobs_profile_orig
-95.734848,20.256960,2025-05-19,20250517,41,qcobs_profile_orig
-93.105362,20.654470,2025-05-19,20250517,41,qcobs_profile_orig
-88.989304,24.397341,2025-05-19,20250517,41,qcobs_profile_orig
-96.203690,22.674410,2025-05-19,20250517,41,qcobs_profile_orig
-94.502220,19.714849,2025-05-21,20250517,36,qcobs_profile_orig
-95.562813,19.687550,2025-05-20,20250517,40,qcobs_profile_orig
-89.334282,28.157860,2025-05-20,20250517,31,qcobs_profile_orig
-87.204041,27.619020,2025-05-20,20250517,41,qcobs_profile_orig
-85.464661,23.249149,2025-05-20,20250517,31,qcobs_profile_orig
-92.218567,24.673140,2025-05-20,20250517,41,qcobs_profile_orig
-88.213707,27.232960,2025-05-20,20250517,41,qcobs_profile_orig
-87.391937,27.826000,2025-05-20,20250517,41,qcobs_profile_orig
-91.196602,25.218700,2025-05-20,20250517,39,qcobs_profile_orig
-90.212936,26.856649,2025-05-21,20250517,41,qcobs_profile_orig
-81.716209,23.376070,2025-05-21,20250517,35,qcobs_profile_orig
-80.534393,23.734720,2025-05-21,20250517,28,qcobs_profile_orig
-84.628868,24.733509,2025-05-21,20250517,40,qcobs_profile_orig
-82.112610,18.647289,2025-05-21,20250517,41,qcobs_profile_orig
-85.459930,18.597219,2025-05-21,20250517,41,qcobs_profile_orig
-95.714996,20.555370,2025-05-14,20250518,41,qcobs_profile_orig
-95.905029,20.099091,2025-05-14,20250518,41,qcobs_profile_orig
-89.480911,27.714109,2025-05-14,20250518,33,qcobs_profile_orig
-93.159492,20.658199,2025-05-14,20250518,41,qcobs_profile_orig
-88.970444,24.643311,2025-05-14,20250518,41,qcobs_profile_orig
-96.101921,22.888720,2025-05-14,20250518,41,qcobs_profile_orig
-89.333679,28.157141,2025-05-15,20250518,31,qcobs_profile_orig
-87.179176,27.465561,2025-05-15,20250518,41,qcobs_profile_orig
-85.371674,23.285000,2025-05-15,20250518,31,qcobs_profile_orig
-92.187019,24.601521,2025-05-15,20250518,41,qcobs_profile_orig
-88.028236,27.575020,2025-05-15,20250518,41,qcobs_profile_orig
-87.215157,27.744200,2025-05-15,20250518,41,qcobs_profile_orig
-87.676003,26.591999,2025-05-15,20250518,40,qcobs_profile_orig
-94.522072,19.622160,2025-05-16,20250518,36,qcobs_profile_orig
-89.778961,26.703369,2025-05-16,20250518,41,qcobs_profile_orig
-81.696831,23.377279,2025-05-16,20250518,35,qcobs_profile_orig
-80.524490,23.745171,2025-05-16,20250518,28,qcobs_profile_orig
-84.790161,24.807220,2025-05-16,20250518,40,qcobs_profile_orig
-83.974388,23.589020,2025-05-17,20250518,41,qcobs_profile_orig
-90.976868,26.970819,2025-05-17,20250518,38,qcobs_profile_orig
-85.312012,26.144449,2025-05-17,20250518,41,qcobs_profile_orig
-85.387047,25.134991,2025-05-17,20250518,41,qcobs_profile_orig
-96.454117,24.346081,2025-05-17,20250518,35,qcobs_profile_orig
-79.666840,19.768036,2025-05-17,20250518,31,qcobs_profile_orig
-89.359589,27.261709,2025-05-18,20250518,41,qcobs_profile_orig
-89.490570,27.709141,2025-05-18,20250518,33,qcobs_profile_orig
-91.877289,26.359930,2025-05-18,20250518,41,qcobs_profile_orig
-83.761871,23.426510,2025-05-18,20250518,37,qcobs_profile_orig
-89.154198,25.485210,2025-05-18,20250518,41,qcobs_profile_orig
-87.698090,28.107830,2025-05-18,20250518,41,qcobs_profile_orig
-95.734848,20.256960,2025-05-19,20250518,41,qcobs_profile_orig
-93.105362,20.654470,2025-05-19,20250518,41,qcobs_profile_orig
-88.989304,24.397341,2025-05-19,20250518,41,qcobs_profile_orig
-96.203690,22.674410,2025-05-19,20250518,41,qcobs_profile_orig
-94.502220,19.714849,2025-05-21,20250518,36,qcobs_profile_orig
-95.562813,19.687550,2025-05-20,20250518,40,qcobs_profile_orig
-89.334282,28.157860,2025-05-20,20250518,31,qcobs_profile_orig
-87.204041,27.619020,2025-05-20,20250518,41,qcobs_profile_orig
-85.464661,23.249149,2025-05-20,20250518,31,qcobs_profile_orig
-92.218567,24.673140,2025-05-20,20250518,41,qcobs_profile_orig
-88.213707,27.232960,2025-05-20,20250518,41,qcobs_profile_orig
-87.391937,27.826000,2025-05-20,20250518,41,qcobs_profile_orig
-91.196602,25.218700,2025-05-20,20250518,39,qcobs_profile_orig
-90.212936,26.856649,2025-05-21,20250518,41,qcobs_profile_orig
-81.716209,23.376070,2025-05-21,20250518,35,qcobs_profile_orig
-80.534393,23.734720,2025-05-21,20250518,28,qcobs_profile_orig
-84.628868,24.733509,2025-05-21,20250518,40,qcobs_profile_orig
-82.112610,18.647289,2025-05-21,20250518,41,qcobs_profile_orig
-85.459930,18.597219,2025-05-21,20250518,41,qcobs_profile_orig
-84.076698,23.589560,2025-05-22,20250518,41,qcobs_profile_orig
-90.856812,27.114651,2025-05-22,20250518,37,qcobs_profile_orig
-89.333679,28.157141,2025-05-15,20250519,31,qcobs_profile_orig
-87.179176,27.465561,2025-05-15,20250519,41,qcobs_profile_orig
-85.371674,23.285000,2025-05-15,20250519,31,qcobs_profile_orig
-92.187019,24.601521,2025-05-15,20250519,41,qcobs_profile_orig
-88.028236,27.575020,2025-05-15,20250519,41,qcobs_profile_orig
-87.215157,27.744200,2025-05-15,20250519,41,qcobs_profile_orig
-87.676003,26.591999,2025-05-15,20250519,40,qcobs_profile_orig
-94.522072,19.622160,2025-05-16,20250519,36,qcobs_profile_orig
-89.778961,26.703369,2025-05-16,20250519,41,qcobs_profile_orig
-81.696831,23.377279,2025-05-16,20250519,35,qcobs_profile_orig
-80.524490,23.745171,2025-05-16,20250519,28,qcobs_profile_orig
-84.790161,24.807220,2025-05-16,20250519,40,qcobs_profile_orig
-83.974388,23.589020,2025-05-17,20250519,41,qcobs_profile_orig
-90.976868,26.970819,2025-05-17,20250519,38,qcobs_profile_orig
-85.312012,26.144449,2025-05-17,20250519,41,qcobs_profile_orig
-85.387047,25.134991,2025-05-17,20250519,41,qcobs_profile_orig
-96.454117,24.346081,2025-05-17,20250519,35,qcobs_profile_orig
-79.666840,19.768036,2025-05-17,20250519,31,qcobs_profile_orig
-89.359589,27.261709,2025-05-18,20250519,41,qcobs_profile_orig
-89.490570,27.709141,2025-05-18,20250519,33,qcobs_profile_orig
-91.877289,26.359930,2025-05-18,20250519,41,qcobs_profile_orig
-83.761871,23.426510,2025-05-18,20250519,37,qcobs_profile_orig
-89.154198,25.485210,2025-05-18,20250519,41,qcobs_profile_orig
-87.698090,28.107830,2025-05-18,20250519,41,qcobs_profile_orig
-95.734848,20.256960,2025-05-19,20250519,41,qcobs_profile_orig
-93.105362,20.654470,2025-05-19,20250519,41,qcobs_profile_orig
-88.989304,24.397341,2025-05-19,20250519,41,qcobs_profile_orig
-96.203690,22.674410,2025-05-19,20250519,41,qcobs_profile_orig
-94.502220,19.714849,2025-05-21,20250519,36,qcobs_profile_orig
-95.562813,19.687550,2025-05-20,20250519,40,qcobs_profile_orig
-89.334282,28.157860,2025-05-20,20250519,31,qcobs_profile_orig
-87.204041,27.619020,2025-05-20,20250519,41,qcobs_profile_orig
-85.464661,23.249149,2025-05-20,20250519,31,qcobs_profile_orig
-92.218567,24.673140,2025-05-20,20250519,41,qcobs_profile_orig
-88.213707,27.232960,2025-05-20,20250519,41,qcobs_profile_orig
-87.391937,27.826000,2025-05-20,20250519,41,qcobs_profile_orig
-91.196602,25.218700,2025-05-20,20250519,39,qcobs_profile_orig
-90.212936,26.856649,2025-05-21,20250519,41,qcobs_profile_orig
-81.716209,23.376070,2025-05-21,20250519,35,qcobs_profile_orig
-80.534393,23.734720,2025-05-21,20250519,28,qcobs_profile_orig
-84.628868,24.733509,2025-05-21,20250519,40,qcobs_profile_orig
-82.112610,18.647289,2025-05-21,20250519,41,qcobs_profile_orig
-85.459930,18.597219,2025-05-21,20250519,41,qcobs_profile_orig
-84.076698,23.589560,2025-05-22,20250519,41,qcobs_profile_orig
-90.856812,27.114651,2025-05-22,20250519,37,qcobs_profile_orig
-90.387398,26.739000,2025-05-23,20250519,36,qcobs_profile_orig
-90.432899,26.708401,2025-05-23,20250519,36,qcobs_profile_orig
-89.094177,27.046600,2025-05-23,20250519,41,qcobs_profile_orig
-89.495781,27.706051,2025-05-23,20250519,33,qcobs_profile_orig
-83.830719,23.347990,2025-05-23,20250519,37,qcobs_profile_orig
-88.811157,25.534740,2025-05-23,20250519,41,qcobs_profile_orig
-87.742249,28.086620,2025-05-23,20250519,41,qcobs_profile_orig
-94.522072,19.622160,2025-05-16,20250520,36,qcobs_profile_orig
-89.778961,26.703369,2025-05-16,20250520,41,qcobs_profile_orig
-81.696831,23.377279,2025-05-16,20250520,35,qcobs_profile_orig
-80.524490,23.745171,2025-05-16,20250520,28,qcobs_profile_orig
-84.790161,24.807220,2025-05-16,20250520,40,qcobs_profile_orig
-83.974388,23.589020,2025-05-17,20250520,41,qcobs_profile_orig
-90.976868,26.970819,2025-05-17,20250520,38,qcobs_profile_orig
-85.312012,26.144449,2025-05-17,20250520,41,qcobs_profile_orig
-85.387047,25.134991,2025-05-17,20250520,41,qcobs_profile_orig
-96.454117,24.346081,2025-05-17,20250520,35,qcobs_profile_orig
-79.666840,19.768036,2025-05-17,20250520,31,qcobs_profile_orig
-89.359589,27.261709,2025-05-18,20250520,41,qcobs_profile_orig
-89.490570,27.709141,2025-05-18,20250520,33,qcobs_profile_orig
-91.877289,26.359930,2025-05-18,20250520,41,qcobs_profile_orig
-83.761871,23.426510,2025-05-18,20250520,37,qcobs_profile_orig
-89.154198,25.485210,2025-05-18,20250520,41,qcobs_profile_orig
-87.698090,28.107830,2025-05-18,20250520,41,qcobs_profile_orig
-95.734848,20.256960,2025-05-19,20250520,41,qcobs_profile_orig
-93.105362,20.654470,2025-05-19,20250520,41,qcobs_profile_orig
-88.989304,24.397341,2025-05-19,20250520,41,qcobs_profile_orig
-96.203690,22.674410,2025-05-19,20250520,41,qcobs_profile_orig
-94.502220,19.714849,2025-05-21,20250520,36,qcobs_profile_orig
-95.562813,19.687550,2025-05-20,20250520,40,qcobs_profile_orig
-89.334282,28.157860,2025-05-20,20250520,31,qcobs_profile_orig
-87.204041,27.619020,2025-05-20,20250520,41,qcobs_profile_orig
-85.464661,23.249149,2025-05-20,20250520,31,qcobs_profile_orig
-92.218567,24.673140,2025-05-20,20250520,41,qcobs_profile_orig
-88.213707,27.232960,2025-05-20,20250520,41,qcobs_profile_orig
-87.391937,27.826000,2025-05-20,20250520,41,qcobs_profile_orig
-91.196602,25.218700,2025-05-20,20250520,39,qcobs_profile_orig
-90.212936,26.856649,2025-05-21,20250520,41,qcobs_profile_orig
-81.716209,23.376070,2025-05-21,20250520,35,qcobs_profile_orig
-80.534393,23.734720,2025-05-21,20250520,28,qcobs_profile_orig
-84.628868,24.733509,2025-05-21,20250520,40,qcobs_profile_orig
-82.112610,18.647289,2025-05-21,20250520,41,qcobs_profile_orig
-85.459930,18.597219,2025-05-21,20250520,41,qcobs_profile_orig
-84.076698,23.589560,2025-05-22,20250520,41,qcobs_profile_orig
-90.856812,27.114651,2025-05-22,20250520,37,qcobs_profile_orig
-90.387398,26.739000,2025-05-23,20250520,36,qcobs_profile_orig
-90.432899,26.708401,2025-05-23,20250520,36,qcobs_profile_orig
-89.094177,27.046600,2025-05-23,20250520,41,qcobs_profile_orig
-89.495781,27.706051,2025-05-23,20250520,33,qcobs_profile_orig
-83.830719,23.347990,2025-05-23,20250520,41,qcobs_profile_orig
-88.811157,25.534740,2025-05-23,20250520,41,qcobs_profile_orig
-87.742249,28.086620,2025-05-23,20250520,41,qcobs_profile_orig
-94.129204,26.008699,2025-05-24,20250520,34,qcobs_profile_orig
-94.216400,25.969700,2025-05-24,20250520,35,qcobs_profile_orig
-95.539848,19.728239,2025-05-24,20250520,40,qcobs_profile_orig
-93.093018,20.687670,2025-05-24,20250520,39,qcobs_profile_orig
-88.993668,24.271870,2025-05-24,20250520,41,qcobs_profile_orig
-91.866432,26.424459,2025-05-24,20250520,40,qcobs_profile_orig
-96.325333,22.493879,2025-05-24,20250520,41,qcobs_profile_orig
-83.974388,23.589020,2025-05-17,20250521,41,qcobs_profile_orig
-90.976868,26.970819,2025-05-17,20250521,38,qcobs_profile_orig
-85.312012,26.144449,2025-05-17,20250521,41,qcobs_profile_orig
-85.387047,25.134991,2025-05-17,20250521,41,qcobs_profile_orig
-96.454117,24.346081,2025-05-17,20250521,35,qcobs_profile_orig
-79.666840,19.768036,2025-05-17,20250521,31,qcobs_profile_orig
-89.359589,27.261709,2025-05-18,20250521,41,qcobs_profile_orig
-89.490570,27.709141,2025-05-18,20250521,33,qcobs_profile_orig
-91.877289,26.359930,2025-05-18,20250521,41,qcobs_profile_orig
-83.761871,23.426510,2025-05-18,20250521,37,qcobs_profile_orig
-89.154198,25.485210,2025-05-18,20250521,41,qcobs_profile_orig
-87.698090,28.107830,2025-05-18,20250521,41,qcobs_profile_orig
-95.734848,20.256960,2025-05-19,20250521,41,qcobs_profile_orig
-93.105362,20.654470,2025-05-19,20250521,41,qcobs_profile_orig
-88.989304,24.397341,2025-05-19,20250521,41,qcobs_profile_orig
-96.203690,22.674410,2025-05-19,20250521,41,qcobs_profile_orig
-94.502220,19.714849,2025-05-21,20250521,36,qcobs_profile_orig
-95.562813,19.687550,2025-05-20,20250521,40,qcobs_profile_orig
-89.334282,28.157860,2025-05-20,20250521,31,qcobs_profile_orig
-87.204041,27.619020,2025-05-20,20250521,41,qcobs_profile_orig
-85.464661,23.249149,2025-05-20,20250521,31,qcobs_profile_orig
-92.218567,24.673140,2025-05-20,20250521,41,qcobs_profile_orig
-88.213707,27.232960,2025-05-20,20250521,41,qcobs_profile_orig
-87.391937,27.826000,2025-05-20,20250521,41,qcobs_profile_orig
-91.196602,25.218700,2025-05-20,20250521,39,qcobs_profile_orig
-90.212936,26.856649,2025-05-21,20250521,41,qcobs_profile_orig
-81.716209,23.376070,2025-05-21,20250521,35,qcobs_profile_orig
-80.534393,23.734720,2025-05-21,20250521,28,qcobs_profile_orig
-84.628868,24.733509,2025-05-21,20250521,40,qcobs_profile_orig
-82.112610,18.647289,2025-05-21,20250521,41,qcobs_profile_orig
-85.459930,18.597219,2025-05-21,20250521,41,qcobs_profile_orig
-84.076698,23.589560,2025-05-22,20250521,41,qcobs_profile_orig
-90.856812,27.114651,2025-05-22,20250521,37,qcobs_profile_orig
-90.387398,26.739000,2025-05-23,20250521,36,qcobs_profile_orig
-90.432899,26.708401,2025-05-23,20250521,36,qcobs_profile_orig
-89.094177,27.046600,2025-05-23,20250521,41,qcobs_profile_orig
-89.495781,27.706051,2025-05-23,20250521,33,qcobs_profile_orig
-83.830719,23.347990,2025-05-23,20250521,41,qcobs_profile_orig
-88.811157,25.534740,2025-05-23,20250521,41,qcobs_profile_orig
-87.742249,28.086620,2025-05-23,20250521,41,qcobs_profile_orig
-94.129204,26.008699,2025-05-24,20250521,34,qcobs_profile_orig
-94.216400,25.969700,2025-05-24,20250521,35,qcobs_profile_orig
-95.539848,19.728239,2025-05-24,20250521,40,qcobs_profile_orig
-93.093018,20.687670,2025-05-24,20250521,39,qcobs_profile_orig
-88.993668,24.271870,2025-05-24,20250521,41,qcobs_profile_orig
-91.866432,26.424459,2025-05-24,20250521,40,qcobs_profile_orig
-96.325333,22.493879,2025-05-24,20250521,41,qcobs_profile_orig
-94.309196,25.929600,2025-05-25,20250521,36,qcobs_profile_orig
-94.406303,25.877300,2025-05-25,20250521,35,qcobs_profile_orig
-94.338509,20.019400,2025-05-25,20250521,37,qcobs_profile_orig
-95.050720,19.253410,2025-05-25,20250521,39,qcobs_profile_orig
-89.336098,28.156509,2025-05-25,20250521,31,qcobs_profile_orig
-87.747543,27.641939,2025-05-25,20250521,41,qcobs_profile_orig
-85.501732,23.301510,2025-05-25,20250521,31,qcobs_profile_orig
-92.464478,24.956619,2025-05-25,20250521,41,qcobs_profile_orig
-88.341026,27.014931,2025-05-25,20250521,41,qcobs_profile_orig
-87.705948,27.775730,2025-05-25,20250521,41,qcobs_profile_orig
-89.359589,27.261709,2025-05-18,20250522,41,qcobs_profile_orig
-89.490570,27.709141,2025-05-18,20250522,33,qcobs_profile_orig
-91.877289,26.359930,2025-05-18,20250522,41,qcobs_profile_orig
-83.761871,23.426510,2025-05-18,20250522,37,qcobs_profile_orig
-89.154198,25.485210,2025-05-18,20250522,41,qcobs_profile_orig
-87.698090,28.107830,2025-05-18,20250522,41,qcobs_profile_orig
-95.734848,20.256960,2025-05-19,20250522,41,qcobs_profile_orig
-93.105362,20.654470,2025-05-19,20250522,41,qcobs_profile_orig
-88.989304,24.397341,2025-05-19,20250522,41,qcobs_profile_orig
-96.203690,22.674410,2025-05-19,20250522,41,qcobs_profile_orig
-94.502220,19.714849,2025-05-21,20250522,36,qcobs_profile_orig
-95.562813,19.687550,2025-05-20,20250522,40,qcobs_profile_orig
-89.334282,28.157860,2025-05-20,20250522,31,qcobs_profile_orig
-87.204041,27.619020,2025-05-20,20250522,41,qcobs_profile_orig
-85.464661,23.249149,2025-05-20,20250522,31,qcobs_profile_orig
-92.218567,24.673140,2025-05-20,20250522,41,qcobs_profile_orig
-88.213707,27.232960,2025-05-20,20250522,41,qcobs_profile_orig
-87.391937,27.826000,2025-05-20,20250522,41,qcobs_profile_orig
-91.196602,25.218700,2025-05-20,20250522,39,qcobs_profile_orig
-90.212936,26.856649,2025-05-21,20250522,41,qcobs_profile_orig
-81.716209,23.376070,2025-05-21,20250522,35,qcobs_profile_orig
-80.534393,23.734720,2025-05-21,20250522,28,qcobs_profile_orig
-84.628868,24.733509,2025-05-21,20250522,40,qcobs_profile_orig
-82.112610,18.647289,2025-05-21,20250522,41,qcobs_profile_orig
-85.459930,18.597219,2025-05-21,20250522,41,qcobs_profile_orig
-84.076698,23.589560,2025-05-22,20250522,41,qcobs_profile_orig
-90.856812,27.114651,2025-05-22,20250522,37,qcobs_profile_orig
-90.387398,26.739000,2025-05-23,20250522,36,qcobs_profile_orig
-90.432899,26.708401,2025-05-23,20250522,36,qcobs_profile_orig
-89.094177,27.046600,2025-05-23,20250522,41,qcobs_profile_orig
-89.495781,27.706051,2025-05-23,20250522,33,qcobs_profile_orig
-83.830719,23.347990,2025-05-23,20250522,41,qcobs_profile_orig
-88.811157,25.534740,2025-05-23,20250522,41,qcobs_profile_orig
-87.742249,28.086620,2025-05-23,20250522,41,qcobs_profile_orig
-94.129204,26.008699,2025-05-24,20250522,34,qcobs_profile_orig
-94.216400,25.969700,2025-05-24,20250522,35,qcobs_profile_orig
-95.539848,19.728239,2025-05-24,20250522,40,qcobs_profile_orig
-93.093018,20.687670,2025-05-24,20250522,39,qcobs_profile_orig
-88.993668,24.271870,2025-05-24,20250522,41,qcobs_profile_orig
-91.866432,26.424459,2025-05-24,20250522,40,qcobs_profile_orig
-96.325333,22.493879,2025-05-24,20250522,41,qcobs_profile_orig
-94.309196,25.929600,2025-05-25,20250522,36,qcobs_profile_orig
-94.406303,25.877300,2025-05-25,20250522,35,qcobs_profile_orig
-94.338509,20.019400,2025-05-25,20250522,37,qcobs_profile_orig
-95.050720,19.253410,2025-05-25,20250522,39,qcobs_profile_orig
-89.336098,28.156509,2025-05-25,20250522,31,qcobs_profile_orig
-87.747543,27.641939,2025-05-25,20250522,41,qcobs_profile_orig
-85.501732,23.301510,2025-05-25,20250522,31,qcobs_profile_orig
-92.464478,24.956619,2025-05-25,20250522,41,qcobs_profile_orig
-88.341026,27.014931,2025-05-25,20250522,41,qcobs_profile_orig
-87.705948,27.775730,2025-05-25,20250522,41,qcobs_profile_orig
-94.485802,25.829300,2025-05-26,20250522,35,qcobs_profile_orig
-94.558296,25.782101,2025-05-26,20250522,35,qcobs_profile_orig
-90.215919,27.011780,2025-05-26,20250522,41,qcobs_profile_orig
-81.666870,23.487780,2025-05-26,20250522,36,qcobs_profile_orig
-80.547897,23.735050,2025-05-26,20250522,29,qcobs_profile_orig
-84.685204,24.789101,2025-05-26,20250522,40,qcobs_profile_orig
-86.750000,27.430599,2025-05-26,20250522,40,qcobs_profile_orig
-95.734848,20.256960,2025-05-19,20250523,41,qcobs_profile_orig
-93.105362,20.654470,2025-05-19,20250523,41,qcobs_profile_orig
-88.989304,24.397341,2025-05-19,20250523,41,qcobs_profile_orig
-96.203690,22.674410,2025-05-19,20250523,41,qcobs_profile_orig
-94.502220,19.714849,2025-05-21,20250523,36,qcobs_profile_orig
-95.562813,19.687550,2025-05-20,20250523,40,qcobs_profile_orig
-89.334282,28.157860,2025-05-20,20250523,31,qcobs_profile_orig
-87.204041,27.619020,2025-05-20,20250523,41,qcobs_profile_orig
-85.464661,23.249149,2025-05-20,20250523,31,qcobs_profile_orig
-92.218567,24.673140,2025-05-20,20250523,41,qcobs_profile_orig
-88.213707,27.232960,2025-05-20,20250523,41,qcobs_profile_orig
-87.391937,27.826000,2025-05-20,20250523,41,qcobs_profile_orig
-91.196602,25.218700,2025-05-20,20250523,39,qcobs_profile_orig
-90.212936,26.856649,2025-05-21,20250523,41,qcobs_profile_orig
-81.716209,23.376070,2025-05-21,20250523,35,qcobs_profile_orig
-80.534393,23.734720,2025-05-21,20250523,28,qcobs_profile_orig
-84.628868,24.733509,2025-05-21,20250523,40,qcobs_profile_orig
-82.112610,18.647289,2025-05-21,20250523,41,qcobs_profile_orig
-85.459930,18.597219,2025-05-21,20250523,41,qcobs_profile_orig
-84.076698,23.589560,2025-05-22,20250523,41,qcobs_profile_orig
-90.856812,27.114651,2025-05-22,20250523,37,qcobs_profile_orig
-90.387398,26.739000,2025-05-23,20250523,36,qcobs_profile_orig
-90.432899,26.708401,2025-05-23,20250523,36,qcobs_profile_orig
-89.094177,27.046600,2025-05-23,20250523,41,qcobs_profile_orig
-89.495781,27.706051,2025-05-23,20250523,33,qcobs_profile_orig
-83.830719,23.347990,2025-05-23,20250523,41,qcobs_profile_orig
-88.811157,25.534740,2025-05-23,20250523,41,qcobs_profile_orig
-87.742249,28.086620,2025-05-23,20250523,41,qcobs_profile_orig
-94.129204,26.008699,2025-05-24,20250523,34,qcobs_profile_orig
-94.216400,25.969700,2025-05-24,20250523,35,qcobs_profile_orig
-95.539848,19.728239,2025-05-24,20250523,40,qcobs_profile_orig
-93.093018,20.687670,2025-05-24,20250523,39,qcobs_profile_orig
-88.993668,24.271870,2025-05-24,20250523,41,qcobs_profile_orig
-91.866432,26.424459,2025-05-24,20250523,40,qcobs_profile_orig
-96.325333,22.493879,2025-05-24,20250523,41,qcobs_profile_orig
-94.309196,25.929600,2025-05-25,20250523,36,qcobs_profile_orig
-94.406303,25.877300,2025-05-25,20250523,35,qcobs_profile_orig
-94.338509,20.019400,2025-05-25,20250523,37,qcobs_profile_orig
-95.050720,19.253410,2025-05-25,20250523,39,qcobs_profile_orig
-89.336098,28.156509,2025-05-25,20250523,31,qcobs_profile_orig
-87.747543,27.641939,2025-05-25,20250523,41,qcobs_profile_orig
-85.501732,23.301510,2025-05-25,20250523,31,qcobs_profile_orig
-92.464478,24.956619,2025-05-25,20250523,41,qcobs_profile_orig
-88.341026,27.014931,2025-05-25,20250523,41,qcobs_profile_orig
-87.705948,27.775730,2025-05-25,20250523,41,qcobs_profile_orig
-94.485802,25.829300,2025-05-26,20250523,35,qcobs_profile_orig
-94.558296,25.782101,2025-05-26,20250523,35,qcobs_profile_orig
-90.215919,27.011780,2025-05-26,20250523,41,qcobs_profile_orig
-81.666870,23.487780,2025-05-26,20250523,36,qcobs_profile_orig
-80.547897,23.735050,2025-05-26,20250523,29,qcobs_profile_orig
-84.685204,24.789101,2025-05-26,20250523,40,qcobs_profile_orig
-86.750000,27.430599,2025-05-26,20250523,40,qcobs_profile_orig
-84.173317,23.549170,2025-05-27,20250523,41,qcobs_profile_orig
-90.544327,27.070801,2025-05-27,20250523,37,qcobs_profile_orig
-86.681000,25.207090,2025-05-27,20250523,41,qcobs_profile_orig
-96.498070,24.558710,2025-05-27,20250523,30,qcobs_profile_orig
-94.502220,19.714849,2025-05-21,20250524,36,qcobs_profile_orig
-95.562813,19.687550,2025-05-20,20250524,40,qcobs_profile_orig
-89.334282,28.157860,2025-05-20,20250524,31,qcobs_profile_orig
-87.204041,27.619020,2025-05-20,20250524,41,qcobs_profile_orig
-85.464661,23.249149,2025-05-20,20250524,31,qcobs_profile_orig
-92.218567,24.673140,2025-05-20,20250524,41,qcobs_profile_orig
-88.213707,27.232960,2025-05-20,20250524,41,qcobs_profile_orig
-87.391937,27.826000,2025-05-20,20250524,41,qcobs_profile_orig
-91.196602,25.218700,2025-05-20,20250524,39,qcobs_profile_orig
-90.212936,26.856649,2025-05-21,20250524,41,qcobs_profile_orig
-81.716209,23.376070,2025-05-21,20250524,35,qcobs_profile_orig
-80.534393,23.734720,2025-05-21,20250524,28,qcobs_profile_orig
-84.628868,24.733509,2025-05-21,20250524,40,qcobs_profile_orig
-82.112610,18.647289,2025-05-21,20250524,41,qcobs_profile_orig
-85.459930,18.597219,2025-05-21,20250524,41,qcobs_profile_orig
-84.076698,23.589560,2025-05-22,20250524,41,qcobs_profile_orig
-90.856812,27.114651,2025-05-22,20250524,37,qcobs_profile_orig
-90.387398,26.739000,2025-05-23,20250524,36,qcobs_profile_orig
-90.432899,26.708401,2025-05-23,20250524,36,qcobs_profile_orig
-89.094177,27.046600,2025-05-23,20250524,41,qcobs_profile_orig
-89.495781,27.706051,2025-05-23,20250524,33,qcobs_profile_orig
-83.830719,23.347990,2025-05-23,20250524,41,qcobs_profile_orig
-88.811157,25.534740,2025-05-23,20250524,41,qcobs_profile_orig
-87.742249,28.086620,2025-05-23,20250524,41,qcobs_profile_orig
-94.129204,26.008699,2025-05-24,20250524,34,qcobs_profile_orig
-94.216400,25.969700,2025-05-24,20250524,35,qcobs_profile_orig
-95.539848,19.728239,2025-05-24,20250524,40,qcobs_profile_orig
-93.093018,20.687670,2025-05-24,20250524,39,qcobs_profile_orig
-88.993668,24.271870,2025-05-24,20250524,41,qcobs_profile_orig
-91.866432,26.424459,2025-05-24,20250524,40,qcobs_profile_orig
-96.325333,22.493879,2025-05-24,20250524,41,qcobs_profile_orig
-94.309196,25.929600,2025-05-25,20250524,36,qcobs_profile_orig
-94.406303,25.877300,2025-05-25,20250524,35,qcobs_profile_orig
-94.338509,20.019400,2025-05-25,20250524,37,qcobs_profile_orig
-95.050720,19.253410,2025-05-25,20250524,39,qcobs_profile_orig
-89.336098,28.156509,2025-05-25,20250524,31,qcobs_profile_orig
-87.747543,27.641939,2025-05-25,20250524,41,qcobs_profile_orig
-85.501732,23.301510,2025-05-25,20250524,31,qcobs_profile_orig
-92.464478,24.956619,2025-05-25,20250524,41,qcobs_profile_orig
-88.341026,27.014931,2025-05-25,20250524,41,qcobs_profile_orig
-87.705948,27.775730,2025-05-25,20250524,41,qcobs_profile_orig
-94.485802,25.829300,2025-05-26,20250524,35,qcobs_profile_orig
-94.558296,25.782101,2025-05-26,20250524,35,qcobs_profile_orig
-90.215919,27.011780,2025-05-26,20250524,41,qcobs_profile_orig
-81.666870,23.487780,2025-05-26,20250524,36,qcobs_profile_orig
-80.547897,23.735050,2025-05-26,20250524,29,qcobs_profile_orig
-84.685204,24.789101,2025-05-26,20250524,40,qcobs_profile_orig
-86.750000,27.430599,2025-05-26,20250524,40,qcobs_profile_orig
-84.173317,23.549170,2025-05-27,20250524,41,qcobs_profile_orig
-90.544327,27.070801,2025-05-27,20250524,37,qcobs_profile_orig
-86.681000,25.207090,2025-05-27,20250524,41,qcobs_profile_orig
-96.498070,24.558710,2025-05-27,20250524,30,qcobs_profile_orig
-88.553123,26.706619,2025-05-28,20250524,41,qcobs_profile_orig
-89.498360,27.702379,2025-05-28,20250524,33,qcobs_profile_orig
-86.918053,25.277929,2025-05-28,20250524,41,qcobs_profile_orig
-83.974716,23.301840,2025-05-28,20250524,41,qcobs_profile_orig
-88.992599,25.965910,2025-05-28,20250524,41,qcobs_profile_orig
-87.739761,28.077271,2025-05-28,20250524,41,qcobs_profile_orig
-79.575592,19.732368,2025-05-28,20250524,32,qcobs_profile_orig
-90.212936,26.856649,2025-05-21,20250525,41,qcobs_profile_orig
-81.716209,23.376070,2025-05-21,20250525,35,qcobs_profile_orig
-80.534393,23.734720,2025-05-21,20250525,28,qcobs_profile_orig
-84.628868,24.733509,2025-05-21,20250525,40,qcobs_profile_orig
-82.112610,18.647289,2025-05-21,20250525,41,qcobs_profile_orig
-85.459930,18.597219,2025-05-21,20250525,41,qcobs_profile_orig
-84.076698,23.589560,2025-05-22,20250525,41,qcobs_profile_orig
-90.856812,27.114651,2025-05-22,20250525,37,qcobs_profile_orig
-90.387398,26.739000,2025-05-23,20250525,36,qcobs_profile_orig
-90.432899,26.708401,2025-05-23,20250525,36,qcobs_profile_orig
-89.094177,27.046600,2025-05-23,20250525,41,qcobs_profile_orig
-89.495781,27.706051,2025-05-23,20250525,33,qcobs_profile_orig
-83.830719,23.347990,2025-05-23,20250525,41,qcobs_profile_orig
-88.811157,25.534740,2025-05-23,20250525,41,qcobs_profile_orig
-87.742249,28.086620,2025-05-23,20250525,41,qcobs_profile_orig
-94.129204,26.008699,2025-05-24,20250525,34,qcobs_profile_orig
-94.216400,25.969700,2025-05-24,20250525,35,qcobs_profile_orig
-95.539848,19.728239,2025-05-24,20250525,40,qcobs_profile_orig
-93.093018,20.687670,2025-05-24,20250525,39,qcobs_profile_orig
-88.993668,24.271870,2025-05-24,20250525,41,qcobs_profile_orig
-91.866432,26.424459,2025-05-24,20250525,40,qcobs_profile_orig
-96.325333,22.493879,2025-05-24,20250525,41,qcobs_profile_orig
-94.309196,25.929600,2025-05-25,20250525,36,qcobs_profile_orig
-94.406303,25.877300,2025-05-25,20250525,35,qcobs_profile_orig
-94.338509,20.019400,2025-05-25,20250525,37,qcobs_profile_orig
-95.050720,19.253410,2025-05-25,20250525,39,qcobs_profile_orig
-89.336098,28.156509,2025-05-25,20250525,31,qcobs_profile_orig
-87.747543,27.641939,2025-05-25,20250525,41,qcobs_profile_orig
-85.501732,23.301510,2025-05-25,20250525,31,qcobs_profile_orig
-92.464478,24.956619,2025-05-25,20250525,41,qcobs_profile_orig
-88.341026,27.014931,2025-05-25,20250525,41,qcobs_profile_orig
-87.705948,27.775730,2025-05-25,20250525,41,qcobs_profile_orig
-94.485802,25.829300,2025-05-26,20250525,35,qcobs_profile_orig
-94.558296,25.782101,2025-05-26,20250525,35,qcobs_profile_orig
-90.215919,27.011780,2025-05-26,20250525,41,qcobs_profile_orig
-81.666870,23.487780,2025-05-26,20250525,36,qcobs_profile_orig
-80.547897,23.735050,2025-05-26,20250525,29,qcobs_profile_orig
-84.685204,24.789101,2025-05-26,20250525,40,qcobs_profile_orig
-86.750000,27.430599,2025-05-26,20250525,40,qcobs_profile_orig
-84.173317,23.549170,2025-05-27,20250525,41,qcobs_profile_orig
-90.544327,27.070801,2025-05-27,20250525,37,qcobs_profile_orig
-86.681000,25.207090,2025-05-27,20250525,41,qcobs_profile_orig
-96.498070,24.558710,2025-05-27,20250525,30,qcobs_profile_orig
-88.553123,26.706619,2025-05-28,20250525,41,qcobs_profile_orig
-89.498360,27.702379,2025-05-28,20250525,33,qcobs_profile_orig
-86.918053,25.277929,2025-05-28,20250525,41,qcobs_profile_orig
-83.974716,23.301840,2025-05-28,20250525,41,qcobs_profile_orig
-88.992599,25.965910,2025-05-28,20250525,41,qcobs_profile_orig
-87.739761,28.077271,2025-05-28,20250525,41,qcobs_profile_orig
-79.575592,19.732368,2025-05-28,20250525,32,qcobs_profile_orig
-95.227409,19.294189,2025-05-29,20250525,39,qcobs_profile_orig
-85.495308,23.439550,2025-05-29,20250525,31,qcobs_profile_orig
-93.047394,20.736259,2025-05-29,20250525,40,qcobs_profile_orig
-88.989304,24.226549,2025-05-29,20250525,41,qcobs_profile_orig
-91.811653,26.408970,2025-05-29,20250525,41,qcobs_profile_orig
-96.424026,22.380430,2025-05-29,20250525,41,qcobs_profile_orig
-84.076698,23.589560,2025-05-22,20250526,41,qcobs_profile_orig
-90.856812,27.114651,2025-05-22,20250526,37,qcobs_profile_orig
-90.387398,26.739000,2025-05-23,20250526,36,qcobs_profile_orig
-90.432899,26.708401,2025-05-23,20250526,36,qcobs_profile_orig
-89.094177,27.046600,2025-05-23,20250526,41,qcobs_profile_orig
-89.495781,27.706051,2025-05-23,20250526,33,qcobs_profile_orig
-83.830719,23.347990,2025-05-23,20250526,41,qcobs_profile_orig
-88.811157,25.534740,2025-05-23,20250526,41,qcobs_profile_orig
-87.742249,28.086620,2025-05-23,20250526,41,qcobs_profile_orig
-94.129204,26.008699,2025-05-24,20250526,34,qcobs_profile_orig
-94.216400,25.969700,2025-05-24,20250526,35,qcobs_profile_orig
-95.539848,19.728239,2025-05-24,20250526,40,qcobs_profile_orig
-93.093018,20.687670,2025-05-24,20250526,39,qcobs_profile_orig
-88.993668,24.271870,2025-05-24,20250526,41,qcobs_profile_orig
-91.866432,26.424459,2025-05-24,20250526,40,qcobs_profile_orig
-96.325333,22.493879,2025-05-24,20250526,41,qcobs_profile_orig
-94.309196,25.929600,2025-05-25,20250526,36,qcobs_profile_orig
-94.406303,25.877300,2025-05-25,20250526,35,qcobs_profile_orig
-94.338509,20.019400,2025-05-25,20250526,37,qcobs_profile_orig
-95.050720,19.253410,2025-05-25,20250526,39,qcobs_profile_orig
-89.336098,28.156509,2025-05-25,20250526,31,qcobs_profile_orig
-87.747543,27.641939,2025-05-25,20250526,41,qcobs_profile_orig
-85.501732,23.301510,2025-05-25,20250526,31,qcobs_profile_orig
-92.464478,24.956619,2025-05-25,20250526,41,qcobs_profile_orig
-88.341026,27.014931,2025-05-25,20250526,41,qcobs_profile_orig
-87.705948,27.775730,2025-05-25,20250526,41,qcobs_profile_orig
-94.485802,25.829300,2025-05-26,20250526,35,qcobs_profile_orig
-94.558296,25.782101,2025-05-26,20250526,35,qcobs_profile_orig
-90.215919,27.011780,2025-05-26,20250526,41,qcobs_profile_orig
-81.666870,23.487780,2025-05-26,20250526,36,qcobs_profile_orig
-80.547897,23.735050,2025-05-26,20250526,29,qcobs_profile_orig
-84.685204,24.789101,2025-05-26,20250526,40,qcobs_profile_orig
-86.750000,27.430599,2025-05-26,20250526,40,qcobs_profile_orig
-84.173317,23.549170,2025-05-27,20250526,41,qcobs_profile_orig
-90.544327,27.070801,2025-05-27,20250526,37,qcobs_profile_orig
-86.681000,25.207090,2025-05-27,20250526,41,qcobs_profile_orig
-96.498070,24.558710,2025-05-27,20250526,30,qcobs_profile_orig
-88.553123,26.706619,2025-05-28,20250526,41,qcobs_profile_orig
-89.498360,27.702379,2025-05-28,20250526,33,qcobs_profile_orig
-86.918053,25.277929,2025-05-28,20250526,41,qcobs_profile_orig
-83.974716,23.301840,2025-05-28,20250526,41,qcobs_profile_orig
-88.992599,25.965910,2025-05-28,20250526,41,qcobs_profile_orig
-87.739761,28.077271,2025-05-28,20250526,41,qcobs_profile_orig
-79.575592,19.732368,2025-05-28,20250526,32,qcobs_profile_orig
-95.227409,19.294189,2025-05-29,20250526,39,qcobs_profile_orig
-85.495308,23.439550,2025-05-29,20250526,31,qcobs_profile_orig
-93.047394,20.736259,2025-05-29,20250526,40,qcobs_profile_orig
-88.989304,24.226549,2025-05-29,20250526,41,qcobs_profile_orig
-91.811653,26.408970,2025-05-29,20250526,41,qcobs_profile_orig
-96.424026,22.380430,2025-05-29,20250526,41,qcobs_profile_orig
-94.301971,20.061510,2025-05-30,20250526,38,qcobs_profile_orig
-94.632118,19.495930,2025-05-30,20250526,38,qcobs_profile_orig
-89.344193,28.151510,2025-05-30,20250526,31,qcobs_profile_orig
-88.203659,27.143970,2025-05-30,20250526,41,qcobs_profile_orig
-92.752548,25.219900,2025-05-30,20250526,41,qcobs_profile_orig
-88.430779,26.716209,2025-05-30,20250526,41,qcobs_profile_orig
-87.895714,27.577841,2025-05-30,20250526,41,qcobs_profile_orig
-90.387398,26.739000,2025-05-23,20250527,36,qcobs_profile_orig
-90.432899,26.708401,2025-05-23,20250527,36,qcobs_profile_orig
-89.094177,27.046600,2025-05-23,20250527,41,qcobs_profile_orig
-89.495781,27.706051,2025-05-23,20250527,33,qcobs_profile_orig
-83.830719,23.347990,2025-05-23,20250527,41,qcobs_profile_orig
-88.811157,25.534740,2025-05-23,20250527,41,qcobs_profile_orig
-87.742249,28.086620,2025-05-23,20250527,41,qcobs_profile_orig
-94.129204,26.008699,2025-05-24,20250527,34,qcobs_profile_orig
-94.216400,25.969700,2025-05-24,20250527,35,qcobs_profile_orig
-95.539848,19.728239,2025-05-24,20250527,40,qcobs_profile_orig
-93.093018,20.687670,2025-05-24,20250527,39,qcobs_profile_orig
-88.993668,24.271870,2025-05-24,20250527,41,qcobs_profile_orig
-91.866432,26.424459,2025-05-24,20250527,40,qcobs_profile_orig
-96.325333,22.493879,2025-05-24,20250527,41,qcobs_profile_orig
-94.309196,25.929600,2025-05-25,20250527,36,qcobs_profile_orig
-94.406303,25.877300,2025-05-25,20250527,35,qcobs_profile_orig
-94.338509,20.019400,2025-05-25,20250527,37,qcobs_profile_orig
-95.050720,19.253410,2025-05-25,20250527,39,qcobs_profile_orig
-89.336098,28.156509,2025-05-25,20250527,31,qcobs_profile_orig
-87.747543,27.641939,2025-05-25,20250527,41,qcobs_profile_orig
-85.501732,23.301510,2025-05-25,20250527,31,qcobs_profile_orig
-92.464478,24.956619,2025-05-25,20250527,41,qcobs_profile_orig
-88.341026,27.014931,2025-05-25,20250527,41,qcobs_profile_orig
-87.705948,27.775730,2025-05-25,20250527,41,qcobs_profile_orig
-94.485802,25.829300,2025-05-26,20250527,35,qcobs_profile_orig
-94.558296,25.782101,2025-05-26,20250527,35,qcobs_profile_orig
-90.215919,27.011780,2025-05-26,20250527,41,qcobs_profile_orig
-81.666870,23.487780,2025-05-26,20250527,36,qcobs_profile_orig
-80.547897,23.735050,2025-05-26,20250527,29,qcobs_profile_orig
-84.685204,24.789101,2025-05-26,20250527,40,qcobs_profile_orig
-86.750000,27.430599,2025-05-26,20250527,40,qcobs_profile_orig
-84.173317,23.549170,2025-05-27,20250527,41,qcobs_profile_orig
-90.544327,27.070801,2025-05-27,20250527,37,qcobs_profile_orig
-86.681000,25.207090,2025-05-27,20250527,41,qcobs_profile_orig
-96.498070,24.558710,2025-05-27,20250527,30,qcobs_profile_orig
-88.553123,26.706619,2025-05-28,20250527,41,qcobs_profile_orig
-89.498360,27.702379,2025-05-28,20250527,33,qcobs_profile_orig
-86.918053,25.277929,2025-05-28,20250527,41,qcobs_profile_orig
-83.974716,23.301840,2025-05-28,20250527,41,qcobs_profile_orig
-88.992599,25.965910,2025-05-28,20250527,41,qcobs_profile_orig
-87.739761,28.077271,2025-05-28,20250527,41,qcobs_profile_orig
-79.575592,19.732368,2025-05-28,20250527,32,qcobs_profile_orig
-95.227409,19.294189,2025-05-29,20250527,39,qcobs_profile_orig
-85.495308,23.439550,2025-05-29,20250527,31,qcobs_profile_orig
-93.047394,20.736259,2025-05-29,20250527,40,qcobs_profile_orig
-88.989304,24.226549,2025-05-29,20250527,41,qcobs_profile_orig
-91.811653,26.408970,2025-05-29,20250527,41,qcobs_profile_orig
-96.424026,22.380430,2025-05-29,20250527,41,qcobs_profile_orig
-94.301971,20.061510,2025-05-30,20250527,38,qcobs_profile_orig
-94.632118,19.495930,2025-05-30,20250527,38,qcobs_profile_orig
-89.344193,28.151510,2025-05-30,20250527,31,qcobs_profile_orig
-88.203659,27.143970,2025-05-30,20250527,41,qcobs_profile_orig
-92.752548,25.219900,2025-05-30,20250527,41,qcobs_profile_orig
-88.430779,26.716209,2025-05-30,20250527,41,qcobs_profile_orig
-87.895714,27.577841,2025-05-30,20250527,41,qcobs_profile_orig
-89.740662,26.911480,2025-05-31,20250527,41,qcobs_profile_orig
-80.562187,23.771481,2025-05-31,20250527,29,qcobs_profile_orig
-85.159760,25.191010,2025-05-31,20250527,40,qcobs_profile_orig
-82.197990,18.891750,2025-05-31,20250527,41,qcobs_profile_orig
-90.507698,25.024000,2025-05-31,20250527,39,qcobs_profile_orig
-94.129204,26.008699,2025-05-24,20250528,34,qcobs_profile_orig
-94.216400,25.969700,2025-05-24,20250528,35,qcobs_profile_orig
-95.539848,19.728239,2025-05-24,20250528,40,qcobs_profile_orig
-93.093018,20.687670,2025-05-24,20250528,39,qcobs_profile_orig
-88.993668,24.271870,2025-05-24,20250528,41,qcobs_profile_orig
-91.866432,26.424459,2025-05-24,20250528,40,qcobs_profile_orig
-96.325333,22.493879,2025-05-24,20250528,41,qcobs_profile_orig
-94.309196,25.929600,2025-05-25,20250528,36,qcobs_profile_orig
-94.406303,25.877300,2025-05-25,20250528,35,qcobs_profile_orig
-94.338509,20.019400,2025-05-25,20250528,37,qcobs_profile_orig
-95.050720,19.253410,2025-05-25,20250528,39,qcobs_profile_orig
-89.336098,28.156509,2025-05-25,20250528,31,qcobs_profile_orig
-87.747543,27.641939,2025-05-25,20250528,41,qcobs_profile_orig
-85.501732,23.301510,2025-05-25,20250528,31,qcobs_profile_orig
-92.464478,24.956619,2025-05-25,20250528,41,qcobs_profile_orig
-88.341026,27.014931,2025-05-25,20250528,41,qcobs_profile_orig
-87.705948,27.775730,2025-05-25,20250528,41,qcobs_profile_orig
-94.485802,25.829300,2025-05-26,20250528,35,qcobs_profile_orig
-94.558296,25.782101,2025-05-26,20250528,35,qcobs_profile_orig
-90.215919,27.011780,2025-05-26,20250528,41,qcobs_profile_orig
-81.666870,23.487780,2025-05-26,20250528,36,qcobs_profile_orig
-80.547897,23.735050,2025-05-26,20250528,29,qcobs_profile_orig
-84.685204,24.789101,2025-05-26,20250528,40,qcobs_profile_orig
-86.750000,27.430599,2025-05-26,20250528,40,qcobs_profile_orig
-84.173317,23.549170,2025-05-27,20250528,41,qcobs_profile_orig
-90.544327,27.070801,2025-05-27,20250528,37,qcobs_profile_orig
-86.681000,25.207090,2025-05-27,20250528,41,qcobs_profile_orig
-96.498070,24.558710,2025-05-27,20250528,30,qcobs_profile_orig
-88.553123,26.706619,2025-05-28,20250528,41,qcobs_profile_orig
-89.498360,27.702379,2025-05-28,20250528,33,qcobs_profile_orig
-86.918053,25.277929,2025-05-28,20250528,41,qcobs_profile_orig
-83.974716,23.301840,2025-05-28,20250528,41,qcobs_profile_orig
-88.992599,25.965910,2025-05-28,20250528,41,qcobs_profile_orig
-87.739761,28.077271,2025-05-28,20250528,41,qcobs_profile_orig
-79.575592,19.732368,2025-05-28,20250528,32,qcobs_profile_orig
-95.227409,19.294189,2025-05-29,20250528,39,qcobs_profile_orig
-85.495308,23.439550,2025-05-29,20250528,31,qcobs_profile_orig
-93.047394,20.736259,2025-05-29,20250528,40,qcobs_profile_orig
-88.989304,24.226549,2025-05-29,20250528,41,qcobs_profile_orig
-91.811653,26.408970,2025-05-29,20250528,41,qcobs_profile_orig
-96.424026,22.380430,2025-05-29,20250528,41,qcobs_profile_orig
-94.301971,20.061510,2025-05-30,20250528,38,qcobs_profile_orig
-94.632118,19.495930,2025-05-30,20250528,38,qcobs_profile_orig
-89.344193,28.151510,2025-05-30,20250528,31,qcobs_profile_orig
-88.203659,27.143970,2025-05-30,20250528,41,qcobs_profile_orig
-92.752548,25.219900,2025-05-30,20250528,41,qcobs_profile_orig
-88.430779,26.716209,2025-05-30,20250528,41,qcobs_profile_orig
-87.895714,27.577841,2025-05-30,20250528,41,qcobs_profile_orig
-89.740662,26.911480,2025-05-31,20250528,41,qcobs_profile_orig
-80.562187,23.771481,2025-05-31,20250528,29,qcobs_profile_orig
-85.159760,25.191010,2025-05-31,20250528,40,qcobs_profile_orig
-82.197990,18.891750,2025-05-31,20250528,41,qcobs_profile_orig
-90.507698,25.024000,2025-05-31,20250528,39,qcobs_profile_orig
-81.558594,23.559650,2025-06-01,20250528,35,qcobs_profile_orig
-84.213181,23.667080,2025-06-01,20250528,41,qcobs_profile_orig
-90.552887,27.126160,2025-06-01,20250528,35,qcobs_profile_orig
-96.471992,24.527849,2025-06-01,20250528,31,qcobs_profile_orig
-85.913620,18.751490,2025-06-01,20250528,41,qcobs_profile_orig
-94.309196,25.929600,2025-05-25,20250529,36,qcobs_profile_orig
-94.406303,25.877300,2025-05-25,20250529,35,qcobs_profile_orig
-94.338509,20.019400,2025-05-25,20250529,37,qcobs_profile_orig
-95.050720,19.253410,2025-05-25,20250529,39,qcobs_profile_orig
-89.336098,28.156509,2025-05-25,20250529,31,qcobs_profile_orig
-87.747543,27.641939,2025-05-25,20250529,41,qcobs_profile_orig
-85.501732,23.301510,2025-05-25,20250529,31,qcobs_profile_orig
-92.464478,24.956619,2025-05-25,20250529,41,qcobs_profile_orig
-88.341026,27.014931,2025-05-25,20250529,41,qcobs_profile_orig
-87.705948,27.775730,2025-05-25,20250529,41,qcobs_profile_orig
-94.485802,25.829300,2025-05-26,20250529,35,qcobs_profile_orig
-94.558296,25.782101,2025-05-26,20250529,35,qcobs_profile_orig
-90.215919,27.011780,2025-05-26,20250529,41,qcobs_profile_orig
-81.666870,23.487780,2025-05-26,20250529,36,qcobs_profile_orig
-80.547897,23.735050,2025-05-26,20250529,29,qcobs_profile_orig
-84.685204,24.789101,2025-05-26,20250529,40,qcobs_profile_orig
-86.750000,27.430599,2025-05-26,20250529,40,qcobs_profile_orig
-84.173317,23.549170,2025-05-27,20250529,41,qcobs_profile_orig
-90.544327,27.070801,2025-05-27,20250529,37,qcobs_profile_orig
-86.681000,25.207090,2025-05-27,20250529,41,qcobs_profile_orig
-96.498070,24.558710,2025-05-27,20250529,30,qcobs_profile_orig
-88.553123,26.706619,2025-05-28,20250529,41,qcobs_profile_orig
-89.498360,27.702379,2025-05-28,20250529,33,qcobs_profile_orig
-86.918053,25.277929,2025-05-28,20250529,41,qcobs_profile_orig
-83.974716,23.301840,2025-05-28,20250529,41,qcobs_profile_orig
-88.992599,25.965910,2025-05-28,20250529,41,qcobs_profile_orig
-87.739761,28.077271,2025-05-28,20250529,41,qcobs_profile_orig
-79.575592,19.732368,2025-05-28,20250529,32,qcobs_profile_orig
-95.227409,19.294189,2025-05-29,20250529,39,qcobs_profile_orig
-85.495308,23.439550,2025-05-29,20250529,31,qcobs_profile_orig
-93.047394,20.736259,2025-05-29,20250529,40,qcobs_profile_orig
-88.989304,24.226549,2025-05-29,20250529,41,qcobs_profile_orig
-91.811653,26.408970,2025-05-29,20250529,41,qcobs_profile_orig
-96.424026,22.380430,2025-05-29,20250529,41,qcobs_profile_orig
-94.301971,20.061510,2025-05-30,20250529,38,qcobs_profile_orig
-94.632118,19.495930,2025-05-30,20250529,38,qcobs_profile_orig
-89.344193,28.151510,2025-05-30,20250529,31,qcobs_profile_orig
-88.203659,27.143970,2025-05-30,20250529,41,qcobs_profile_orig
-92.752548,25.219900,2025-05-30,20250529,41,qcobs_profile_orig
-88.430779,26.716209,2025-05-30,20250529,41,qcobs_profile_orig
-87.895714,27.577841,2025-05-30,20250529,41,qcobs_profile_orig
-89.740662,26.911480,2025-05-31,20250529,41,qcobs_profile_orig
-80.562187,23.771481,2025-05-31,20250529,29,qcobs_profile_orig
-85.159760,25.191010,2025-05-31,20250529,40,qcobs_profile_orig
-82.197990,18.891750,2025-05-31,20250529,41,qcobs_profile_orig
-90.507698,25.024000,2025-05-31,20250529,39,qcobs_profile_orig
-81.558594,23.559650,2025-06-01,20250529,35,qcobs_profile_orig
-84.213181,23.667080,2025-06-01,20250529,41,qcobs_profile_orig
-90.552887,27.126160,2025-06-01,20250529,35,qcobs_profile_orig
-96.471992,24.527849,2025-06-01,20250529,31,qcobs_profile_orig
-85.913620,18.751490,2025-06-01,20250529,41,qcobs_profile_orig
-90.062798,26.897301,2025-06-02,20250529,36,qcobs_profile_orig
-88.838081,26.645550,2025-06-02,20250529,41,qcobs_profile_orig
-89.500137,27.703199,2025-06-02,20250529,33,qcobs_profile_orig
-87.471748,25.451151,2025-06-02,20250529,41,qcobs_profile_orig
-84.088310,23.340010,2025-06-02,20250529,41,qcobs_profile_orig
-89.087662,26.007401,2025-06-02,20250529,41,qcobs_profile_orig
-87.232071,25.168369,2025-06-02,20250529,41,qcobs_profile_orig
-87.770653,28.136810,2025-06-02,20250529,41,qcobs_profile_orig
-94.485802,25.829300,2025-05-26,20250530,35,qcobs_profile_orig
-94.558296,25.782101,2025-05-26,20250530,35,qcobs_profile_orig
-90.215919,27.011780,2025-05-26,20250530,41,qcobs_profile_orig
-81.666870,23.487780,2025-05-26,20250530,36,qcobs_profile_orig
-80.547897,23.735050,2025-05-26,20250530,29,qcobs_profile_orig
-84.685204,24.789101,2025-05-26,20250530,40,qcobs_profile_orig
-86.750000,27.430599,2025-05-26,20250530,40,qcobs_profile_orig
-84.173317,23.549170,2025-05-27,20250530,41,qcobs_profile_orig
-90.544327,27.070801,2025-05-27,20250530,37,qcobs_profile_orig
-86.681000,25.207090,2025-05-27,20250530,41,qcobs_profile_orig
-96.498070,24.558710,2025-05-27,20250530,29,qcobs_profile_orig
-88.553123,26.706619,2025-05-28,20250530,41,qcobs_profile_orig
-89.498360,27.702379,2025-05-28,20250530,33,qcobs_profile_orig
-86.918053,25.277929,2025-05-28,20250530,41,qcobs_profile_orig
-83.974716,23.301840,2025-05-28,20250530,41,qcobs_profile_orig
-88.992599,25.965910,2025-05-28,20250530,41,qcobs_profile_orig
-87.739761,28.077271,2025-05-28,20250530,41,qcobs_profile_orig
-79.575592,19.732368,2025-05-28,20250530,32,qcobs_profile_orig
-95.227409,19.294189,2025-05-29,20250530,39,qcobs_profile_orig
-85.495308,23.439550,2025-05-29,20250530,31,qcobs_profile_orig
-93.047394,20.736259,2025-05-29,20250530,40,qcobs_profile_orig
-88.989304,24.226549,2025-05-29,20250530,41,qcobs_profile_orig
-91.811653,26.408970,2025-05-29,20250530,41,qcobs_profile_orig
-96.424026,22.380430,2025-05-29,20250530,41,qcobs_profile_orig
-94.301971,20.061510,2025-05-30,20250530,38,qcobs_profile_orig
-94.632118,19.495930,2025-05-30,20250530,38,qcobs_profile_orig
-89.344193,28.151510,2025-05-30,20250530,31,qcobs_profile_orig
-88.203659,27.143970,2025-05-30,20250530,41,qcobs_profile_orig
-92.752548,25.219900,2025-05-30,20250530,41,qcobs_profile_orig
-88.430779,26.716209,2025-05-30,20250530,41,qcobs_profile_orig
-87.895714,27.577841,2025-05-30,20250530,41,qcobs_profile_orig
-89.740662,26.911480,2025-05-31,20250530,41,qcobs_profile_orig
-80.562187,23.771481,2025-05-31,20250530,29,qcobs_profile_orig
-85.159760,25.191010,2025-05-31,20250530,40,qcobs_profile_orig
-82.197990,18.891750,2025-05-31,20250530,41,qcobs_profile_orig
-90.507698,25.024000,2025-05-31,20250530,39,qcobs_profile_orig
-81.558594,23.559650,2025-06-01,20250530,35,qcobs_profile_orig
-84.213181,23.667080,2025-06-01,20250530,41,qcobs_profile_orig
-90.552887,27.126160,2025-06-01,20250530,35,qcobs_profile_orig
-96.471992,24.527849,2025-06-01,20250530,29,qcobs_profile_orig
-85.913620,18.751490,2025-06-01,20250530,41,qcobs_profile_orig
-90.062798,26.897301,2025-06-02,20250530,36,qcobs_profile_orig
-88.838081,26.645550,2025-06-02,20250530,41,qcobs_profile_orig
-89.500137,27.703199,2025-06-02,20250530,33,qcobs_profile_orig
-87.471748,25.451151,2025-06-02,20250530,41,qcobs_profile_orig
-84.088310,23.340010,2025-06-02,20250530,41,qcobs_profile_orig
-89.087662,26.007401,2025-06-02,20250530,41,qcobs_profile_orig
-87.232071,25.168369,2025-06-02,20250530,41,qcobs_profile_orig
-87.770653,28.136810,2025-06-02,20250530,41,qcobs_profile_orig
-94.887611,19.333019,2025-06-03,20250530,40,qcobs_profile_orig
-85.404587,23.519711,2025-06-03,20250530,32,qcobs_profile_orig
-92.888168,20.740780,2025-06-03,20250530,40,qcobs_profile_orig
-88.901131,24.263910,2025-06-03,20250530,41,qcobs_profile_orig
-91.684799,26.440090,2025-06-03,20250530,41,qcobs_profile_orig
-96.472008,22.352400,2025-06-03,20250530,41,qcobs_profile_orig
-84.173317,23.549170,2025-05-27,20250531,41,qcobs_profile_orig
-90.544327,27.070801,2025-05-27,20250531,37,qcobs_profile_orig
-86.681000,25.207090,2025-05-27,20250531,41,qcobs_profile_orig
-96.498070,24.558710,2025-05-27,20250531,29,qcobs_profile_orig
-88.553123,26.706619,2025-05-28,20250531,41,qcobs_profile_orig
-89.498360,27.702379,2025-05-28,20250531,33,qcobs_profile_orig
-86.918053,25.277929,2025-05-28,20250531,41,qcobs_profile_orig
-83.974716,23.301840,2025-05-28,20250531,41,qcobs_profile_orig
-88.992599,25.965910,2025-05-28,20250531,41,qcobs_profile_orig
-87.739761,28.077271,2025-05-28,20250531,41,qcobs_profile_orig
-79.575592,19.732368,2025-05-28,20250531,32,qcobs_profile_orig
-95.227409,19.294189,2025-05-29,20250531,39,qcobs_profile_orig
-85.495308,23.439550,2025-05-29,20250531,31,qcobs_profile_orig
-93.047394,20.736259,2025-05-29,20250531,40,qcobs_profile_orig
-88.989304,24.226549,2025-05-29,20250531,41,qcobs_profile_orig
-91.811653,26.408970,2025-05-29,20250531,41,qcobs_profile_orig
-96.424026,22.380430,2025-05-29,20250531,41,qcobs_profile_orig
-94.301971,20.061510,2025-05-30,20250531,38,qcobs_profile_orig
-94.632118,19.495930,2025-05-30,20250531,38,qcobs_profile_orig
-89.344193,28.151510,2025-05-30,20250531,31,qcobs_profile_orig
-88.203659,27.143970,2025-05-30,20250531,41,qcobs_profile_orig
-92.752548,25.219900,2025-05-30,20250531,41,qcobs_profile_orig
-88.430779,26.716209,2025-05-30,20250531,41,qcobs_profile_orig
-87.895714,27.577841,2025-05-30,20250531,41,qcobs_profile_orig
-89.740662,26.911480,2025-05-31,20250531,41,qcobs_profile_orig
-80.562187,23.771481,2025-05-31,20250531,29,qcobs_profile_orig
-85.159760,25.191010,2025-05-31,20250531,40,qcobs_profile_orig
-82.197990,18.891750,2025-05-31,20250531,41,qcobs_profile_orig
-90.507698,25.024000,2025-05-31,20250531,39,qcobs_profile_orig
-81.558594,23.559650,2025-06-01,20250531,35,qcobs_profile_orig
-84.213181,23.667080,2025-06-01,20250531,41,qcobs_profile_orig
-90.552887,27.126160,2025-06-01,20250531,35,qcobs_profile_orig
-96.471992,24.527849,2025-06-01,20250531,30,qcobs_profile_orig
-85.913620,18.751490,2025-06-01,20250531,41,qcobs_profile_orig
-90.062798,26.897301,2025-06-02,20250531,36,qcobs_profile_orig
-88.838081,26.645550,2025-06-02,20250531,41,qcobs_profile_orig
-89.500137,27.703199,2025-06-02,20250531,33,qcobs_profile_orig
-87.471748,25.451151,2025-06-02,20250531,41,qcobs_profile_orig
-84.088310,23.340010,2025-06-02,20250531,41,qcobs_profile_orig
-89.087662,26.007401,2025-06-02,20250531,41,qcobs_profile_orig
-87.232071,25.168369,2025-06-02,20250531,41,qcobs_profile_orig
-87.770653,28.136810,2025-06-02,20250531,41,qcobs_profile_orig
-94.887611,19.333019,2025-06-03,20250531,40,qcobs_profile_orig
-85.404587,23.519711,2025-06-03,20250531,32,qcobs_profile_orig
-92.888168,20.740780,2025-06-03,20250531,40,qcobs_profile_orig
-88.901131,24.263910,2025-06-03,20250531,41,qcobs_profile_orig
-91.684799,26.440090,2025-06-03,20250531,41,qcobs_profile_orig
-96.472008,22.352400,2025-06-03,20250531,41,qcobs_profile_orig
-94.228928,20.090561,2025-06-04,20250531,38,qcobs_profile_orig
-94.460777,19.697969,2025-06-04,20250531,37,qcobs_profile_orig
-89.361191,28.145630,2025-06-04,20250531,31,qcobs_profile_orig
-88.289146,26.838831,2025-06-04,20250531,41,qcobs_profile_orig
-93.023888,25.205240,2025-06-04,20250531,41,qcobs_profile_orig
-88.833397,26.956110,2025-06-04,20250531,41,qcobs_profile_orig
-87.796898,27.616920,2025-06-04,20250531,41,qcobs_profile_orig
-88.553123,26.706619,2025-05-28,20250601,41,qcobs_profile_orig
-89.498360,27.702379,2025-05-28,20250601,33,qcobs_profile_orig
-86.918053,25.277929,2025-05-28,20250601,41,qcobs_profile_orig
-83.974716,23.301840,2025-05-28,20250601,41,qcobs_profile_orig
-88.992599,25.965910,2025-05-28,20250601,41,qcobs_profile_orig
-87.739761,28.077271,2025-05-28,20250601,41,qcobs_profile_orig
-79.575592,19.732368,2025-05-28,20250601,32,qcobs_profile_orig
-95.227409,19.294189,2025-05-29,20250601,39,qcobs_profile_orig
-85.495308,23.439550,2025-05-29,20250601,31,qcobs_profile_orig
-93.047394,20.736259,2025-05-29,20250601,40,qcobs_profile_orig
-88.989304,24.226549,2025-05-29,20250601,41,qcobs_profile_orig
-91.811653,26.408970,2025-05-29,20250601,41,qcobs_profile_orig
-96.424026,22.380430,2025-05-29,20250601,41,qcobs_profile_orig
-94.301971,20.061510,2025-05-30,20250601,38,qcobs_profile_orig
-94.632118,19.495930,2025-05-30,20250601,38,qcobs_profile_orig
-89.344193,28.151510,2025-05-30,20250601,31,qcobs_profile_orig
-88.203659,27.143970,2025-05-30,20250601,41,qcobs_profile_orig
-92.752548,25.219900,2025-05-30,20250601,41,qcobs_profile_orig
-88.430779,26.716209,2025-05-30,20250601,41,qcobs_profile_orig
-87.895714,27.577841,2025-05-30,20250601,41,qcobs_profile_orig
-89.740662,26.911480,2025-05-31,20250601,41,qcobs_profile_orig
-80.562187,23.771481,2025-05-31,20250601,29,qcobs_profile_orig
-85.159760,25.191010,2025-05-31,20250601,40,qcobs_profile_orig
-82.197990,18.891750,2025-05-31,20250601,41,qcobs_profile_orig
-90.507698,25.024000,2025-05-31,20250601,39,qcobs_profile_orig
-81.558594,23.559650,2025-06-01,20250601,35,qcobs_profile_orig
-84.213181,23.667080,2025-06-01,20250601,41,qcobs_profile_orig
-90.552887,27.126160,2025-06-01,20250601,35,qcobs_profile_orig
-96.471992,24.527849,2025-06-01,20250601,31,qcobs_profile_orig
-85.913620,18.751490,2025-06-01,20250601,41,qcobs_profile_orig
-90.062798,26.897301,2025-06-02,20250601,36,qcobs_profile_orig
-88.838081,26.645550,2025-06-02,20250601,41,qcobs_profile_orig
-89.500137,27.703199,2025-06-02,20250601,33,qcobs_profile_orig
-87.471748,25.451151,2025-06-02,20250601,41,qcobs_profile_orig
-84.088310,23.340010,2025-06-02,20250601,41,qcobs_profile_orig
-89.087662,26.007401,2025-06-02,20250601,41,qcobs_profile_orig
-87.232071,25.168369,2025-06-02,20250601,41,qcobs_profile_orig
-87.770653,28.136810,2025-06-02,20250601,41,qcobs_profile_orig
-94.887611,19.333019,2025-06-03,20250601,40,qcobs_profile_orig
-85.404587,23.519711,2025-06-03,20250601,32,qcobs_profile_orig
-92.888168,20.740780,2025-06-03,20250601,40,qcobs_profile_orig
-88.901131,24.263910,2025-06-03,20250601,41,qcobs_profile_orig
-91.684799,26.440090,2025-06-03,20250601,41,qcobs_profile_orig
-96.472008,22.352400,2025-06-03,20250601,41,qcobs_profile_orig
-94.228928,20.090561,2025-06-04,20250601,38,qcobs_profile_orig
-94.460777,19.697969,2025-06-04,20250601,37,qcobs_profile_orig
-89.361191,28.145630,2025-06-04,20250601,31,qcobs_profile_orig
-88.289146,26.838831,2025-06-04,20250601,41,qcobs_profile_orig
-93.023888,25.205240,2025-06-04,20250601,41,qcobs_profile_orig
-88.833397,26.956110,2025-06-04,20250601,41,qcobs_profile_orig
-87.796898,27.616920,2025-06-04,20250601,41,qcobs_profile_orig
-89.405357,26.973021,2025-06-05,20250601,41,qcobs_profile_orig
-80.567207,23.792450,2025-06-05,20250601,30,qcobs_profile_orig
-86.242348,24.609489,2025-06-05,20250601,40,qcobs_profile_orig
-95.227409,19.294189,2025-05-29,20250602,39,qcobs_profile_orig
-85.495308,23.439550,2025-05-29,20250602,31,qcobs_profile_orig
-93.047394,20.736259,2025-05-29,20250602,40,qcobs_profile_orig
-88.989304,24.226549,2025-05-29,20250602,41,qcobs_profile_orig
-91.811653,26.408970,2025-05-29,20250602,41,qcobs_profile_orig
-96.424026,22.380430,2025-05-29,20250602,41,qcobs_profile_orig
-94.301971,20.061510,2025-05-30,20250602,38,qcobs_profile_orig
-94.632118,19.495930,2025-05-30,20250602,38,qcobs_profile_orig
-89.344193,28.151510,2025-05-30,20250602,31,qcobs_profile_orig
-88.203659,27.143970,2025-05-30,20250602,41,qcobs_profile_orig
-92.752548,25.219900,2025-05-30,20250602,41,qcobs_profile_orig
-88.430779,26.716209,2025-05-30,20250602,41,qcobs_profile_orig
-87.895714,27.577841,2025-05-30,20250602,41,qcobs_profile_orig
-89.740662,26.911480,2025-05-31,20250602,41,qcobs_profile_orig
-80.562187,23.771481,2025-05-31,20250602,29,qcobs_profile_orig
-85.159760,25.191010,2025-05-31,20250602,40,qcobs_profile_orig
-82.197990,18.891750,2025-05-31,20250602,41,qcobs_profile_orig
-90.507698,25.024000,2025-05-31,20250602,39,qcobs_profile_orig
-81.558594,23.559650,2025-06-01,20250602,35,qcobs_profile_orig
-84.213181,23.667080,2025-06-01,20250602,41,qcobs_profile_orig
-90.552887,27.126160,2025-06-01,20250602,35,qcobs_profile_orig
-96.471992,24.527849,2025-06-01,20250602,31,qcobs_profile_orig
-85.913620,18.751490,2025-06-01,20250602,41,qcobs_profile_orig
-90.062798,26.897301,2025-06-02,20250602,36,qcobs_profile_orig
-88.838081,26.645550,2025-06-02,20250602,41,qcobs_profile_orig
-89.500137,27.703199,2025-06-02,20250602,33,qcobs_profile_orig
-87.471748,25.451151,2025-06-02,20250602,41,qcobs_profile_orig
-84.088310,23.340010,2025-06-02,20250602,41,qcobs_profile_orig
-89.087662,26.007401,2025-06-02,20250602,41,qcobs_profile_orig
-87.232071,25.168369,2025-06-02,20250602,41,qcobs_profile_orig
-87.770653,28.136810,2025-06-02,20250602,41,qcobs_profile_orig
-94.887611,19.333019,2025-06-03,20250602,40,qcobs_profile_orig
-85.404587,23.519711,2025-06-03,20250602,32,qcobs_profile_orig
-92.888168,20.740780,2025-06-03,20250602,40,qcobs_profile_orig
-88.901131,24.263910,2025-06-03,20250602,41,qcobs_profile_orig
-91.684799,26.440090,2025-06-03,20250602,41,qcobs_profile_orig
-96.472008,22.352400,2025-06-03,20250602,41,qcobs_profile_orig
-94.228928,20.090561,2025-06-04,20250602,38,qcobs_profile_orig
-94.460777,19.697969,2025-06-04,20250602,37,qcobs_profile_orig
-89.361191,28.145630,2025-06-04,20250602,31,qcobs_profile_orig
-88.289146,26.838831,2025-06-04,20250602,41,qcobs_profile_orig
-93.023888,25.205240,2025-06-04,20250602,41,qcobs_profile_orig
-88.833397,26.956110,2025-06-04,20250602,41,qcobs_profile_orig
-87.796898,27.616920,2025-06-04,20250602,41,qcobs_profile_orig
-89.405357,26.973021,2025-06-05,20250602,41,qcobs_profile_orig
-80.567207,23.792450,2025-06-05,20250602,30,qcobs_profile_orig
-86.242348,24.609489,2025-06-05,20250602,40,qcobs_profile_orig
-94.922897,25.765301,2025-06-06,20250602,35,qcobs_profile_orig
-81.493530,23.547340,2025-06-06,20250602,35,qcobs_profile_orig
-84.186249,23.913160,2025-06-06,20250602,41,qcobs_profile_orig
-90.552818,27.121189,2025-06-06,20250602,35,qcobs_profile_orig
-96.618233,24.333059,2025-06-06,20250602,32,qcobs_profile_orig
-94.301971,20.061510,2025-05-30,20250603,38,qcobs_profile_orig
-94.632118,19.495930,2025-05-30,20250603,38,qcobs_profile_orig
-89.344193,28.151510,2025-05-30,20250603,31,qcobs_profile_orig
-88.203659,27.143970,2025-05-30,20250603,41,qcobs_profile_orig
-92.752548,25.219900,2025-05-30,20250603,41,qcobs_profile_orig
-88.430779,26.716209,2025-05-30,20250603,41,qcobs_profile_orig
-87.895714,27.577841,2025-05-30,20250603,41,qcobs_profile_orig
-89.740662,26.911480,2025-05-31,20250603,41,qcobs_profile_orig
-80.562187,23.771481,2025-05-31,20250603,29,qcobs_profile_orig
-85.159760,25.191010,2025-05-31,20250603,40,qcobs_profile_orig
-82.197990,18.891750,2025-05-31,20250603,41,qcobs_profile_orig
-90.507698,25.024000,2025-05-31,20250603,39,qcobs_profile_orig
-81.558594,23.559650,2025-06-01,20250603,35,qcobs_profile_orig
-84.213181,23.667080,2025-06-01,20250603,41,qcobs_profile_orig
-90.552887,27.126160,2025-06-01,20250603,35,qcobs_profile_orig
-96.471992,24.527849,2025-06-01,20250603,31,qcobs_profile_orig
-85.913620,18.751490,2025-06-01,20250603,41,qcobs_profile_orig
-90.062798,26.897301,2025-06-02,20250603,36,qcobs_profile_orig
-88.838081,26.645550,2025-06-02,20250603,41,qcobs_profile_orig
-89.500137,27.703199,2025-06-02,20250603,33,qcobs_profile_orig
-87.471748,25.451151,2025-06-02,20250603,41,qcobs_profile_orig
-84.088310,23.340010,2025-06-02,20250603,41,qcobs_profile_orig
-89.087662,26.007401,2025-06-02,20250603,41,qcobs_profile_orig
-87.232071,25.168369,2025-06-02,20250603,41,qcobs_profile_orig
-87.770653,28.136810,2025-06-02,20250603,41,qcobs_profile_orig
-94.887611,19.333019,2025-06-03,20250603,40,qcobs_profile_orig
-85.404587,23.519711,2025-06-03,20250603,32,qcobs_profile_orig
-92.888168,20.740780,2025-06-03,20250603,40,qcobs_profile_orig
-88.901131,24.263910,2025-06-03,20250603,41,qcobs_profile_orig
-91.684799,26.440090,2025-06-03,20250603,41,qcobs_profile_orig
-96.472008,22.352400,2025-06-03,20250603,41,qcobs_profile_orig
-94.228928,20.090561,2025-06-04,20250603,38,qcobs_profile_orig
-94.460777,19.697969,2025-06-04,20250603,37,qcobs_profile_orig
-89.361191,28.145630,2025-06-04,20250603,29,qcobs_profile_orig
-88.289146,26.838831,2025-06-04,20250603,41,qcobs_profile_orig
-93.023888,25.205240,2025-06-04,20250603,41,qcobs_profile_orig
-88.833397,26.956110,2025-06-04,20250603,41,qcobs_profile_orig
-87.796898,27.616920,2025-06-04,20250603,41,qcobs_profile_orig
-89.405357,26.973021,2025-06-05,20250603,41,qcobs_profile_orig
-80.567207,23.792450,2025-06-05,20250603,30,qcobs_profile_orig
-86.242348,24.609489,2025-06-05,20250603,40,qcobs_profile_orig
-94.922897,25.765301,2025-06-06,20250603,35,qcobs_profile_orig
-81.493530,23.547340,2025-06-06,20250603,35,qcobs_profile_orig
-84.186249,23.913160,2025-06-06,20250603,41,qcobs_profile_orig
-90.552818,27.121189,2025-06-06,20250603,35,qcobs_profile_orig
-96.618233,24.333059,2025-06-06,20250603,32,qcobs_profile_orig
-89.118698,26.771160,2025-06-07,20250603,41,qcobs_profile_orig
-89.501053,27.708469,2025-06-07,20250603,33,qcobs_profile_orig
-87.876579,25.738810,2025-06-07,20250603,41,qcobs_profile_orig
-84.220512,23.387739,2025-06-07,20250603,41,qcobs_profile_orig
-88.966949,25.880320,2025-06-07,20250603,41,qcobs_profile_orig
-87.589043,25.456209,2025-06-07,20250603,41,qcobs_profile_orig
-87.754311,28.188410,2025-06-07,20250603,41,qcobs_profile_orig
-79.408768,19.976063,2025-06-07,20250603,36,qcobs_profile_orig
-89.740662,26.911480,2025-05-31,20250604,41,qcobs_profile_orig
-80.562187,23.771481,2025-05-31,20250604,29,qcobs_profile_orig
-85.159760,25.191010,2025-05-31,20250604,40,qcobs_profile_orig
-82.197990,18.891750,2025-05-31,20250604,41,qcobs_profile_orig
-90.507698,25.024000,2025-05-31,20250604,39,qcobs_profile_orig
-81.558594,23.559650,2025-06-01,20250604,35,qcobs_profile_orig
-84.213181,23.667080,2025-06-01,20250604,41,qcobs_profile_orig
-90.552887,27.126160,2025-06-01,20250604,35,qcobs_profile_orig
-96.471992,24.527849,2025-06-01,20250604,29,qcobs_profile_orig
-85.913620,18.751490,2025-06-01,20250604,41,qcobs_profile_orig
-90.062798,26.897301,2025-06-02,20250604,36,qcobs_profile_orig
-88.838081,26.645550,2025-06-02,20250604,41,qcobs_profile_orig
-89.500137,27.703199,2025-06-02,20250604,33,qcobs_profile_orig
-87.471748,25.451151,2025-06-02,20250604,41,qcobs_profile_orig
-84.088310,23.340010,2025-06-02,20250604,41,qcobs_profile_orig
-89.087662,26.007401,2025-06-02,20250604,41,qcobs_profile_orig
-87.232071,25.168369,2025-06-02,20250604,41,qcobs_profile_orig
-87.770653,28.136810,2025-06-02,20250604,41,qcobs_profile_orig
-94.887611,19.333019,2025-06-03,20250604,40,qcobs_profile_orig
-85.404587,23.519711,2025-06-03,20250604,32,qcobs_profile_orig
-92.888168,20.740780,2025-06-03,20250604,40,qcobs_profile_orig
-88.901131,24.263910,2025-06-03,20250604,41,qcobs_profile_orig
-91.684799,26.440090,2025-06-03,20250604,41,qcobs_profile_orig
-96.472008,22.352400,2025-06-03,20250604,41,qcobs_profile_orig
-94.228928,20.090561,2025-06-04,20250604,38,qcobs_profile_orig
-94.460777,19.697969,2025-06-04,20250604,37,qcobs_profile_orig
-89.361191,28.145630,2025-06-04,20250604,31,qcobs_profile_orig
-88.289146,26.838831,2025-06-04,20250604,41,qcobs_profile_orig
-93.023888,25.205240,2025-06-04,20250604,41,qcobs_profile_orig
-88.833397,26.956110,2025-06-04,20250604,41,qcobs_profile_orig
-87.796898,27.616920,2025-06-04,20250604,41,qcobs_profile_orig
-89.405357,26.973021,2025-06-05,20250604,41,qcobs_profile_orig
-80.567207,23.792450,2025-06-05,20250604,30,qcobs_profile_orig
-86.242348,24.609489,2025-06-05,20250604,40,qcobs_profile_orig
-94.922897,25.765301,2025-06-06,20250604,35,qcobs_profile_orig
-81.493530,23.547340,2025-06-06,20250604,35,qcobs_profile_orig
-84.186249,23.913160,2025-06-06,20250604,41,qcobs_profile_orig
-90.552818,27.121189,2025-06-06,20250604,35,qcobs_profile_orig
-96.618233,24.333059,2025-06-06,20250604,32,qcobs_profile_orig
-89.118698,26.771160,2025-06-07,20250604,41,qcobs_profile_orig
-89.501053,27.708469,2025-06-07,20250604,33,qcobs_profile_orig
-87.876579,25.738810,2025-06-07,20250604,41,qcobs_profile_orig
-84.220512,23.387739,2025-06-07,20250604,41,qcobs_profile_orig
-88.966949,25.880320,2025-06-07,20250604,41,qcobs_profile_orig
-87.589043,25.456209,2025-06-07,20250604,41,qcobs_profile_orig
-87.754311,28.188410,2025-06-07,20250604,41,qcobs_profile_orig
-79.408768,19.976063,2025-06-07,20250604,36,qcobs_profile_orig
-94.686272,19.510071,2025-06-08,20250604,40,qcobs_profile_orig
-85.215469,23.521570,2025-06-08,20250604,40,qcobs_profile_orig
-92.806099,20.680040,2025-06-08,20250604,41,qcobs_profile_orig
-88.826363,24.297859,2025-06-08,20250604,41,qcobs_profile_orig
-91.572647,26.496880,2025-06-08,20250604,41,qcobs_profile_orig
-96.516907,22.411381,2025-06-08,20250604,41,qcobs_profile_orig
-81.558594,23.559650,2025-06-01,20250605,35,qcobs_profile_orig
-84.213181,23.667080,2025-06-01,20250605,41,qcobs_profile_orig
-90.552887,27.126160,2025-06-01,20250605,35,qcobs_profile_orig
-96.471992,24.527849,2025-06-01,20250605,29,qcobs_profile_orig
-85.913620,18.751490,2025-06-01,20250605,41,qcobs_profile_orig
-90.062798,26.897301,2025-06-02,20250605,36,qcobs_profile_orig
-88.838081,26.645550,2025-06-02,20250605,41,qcobs_profile_orig
-89.500137,27.703199,2025-06-02,20250605,30,qcobs_profile_orig
-87.471748,25.451151,2025-06-02,20250605,41,qcobs_profile_orig
-84.088310,23.340010,2025-06-02,20250605,41,qcobs_profile_orig
-89.087662,26.007401,2025-06-02,20250605,41,qcobs_profile_orig
-87.232071,25.168369,2025-06-02,20250605,41,qcobs_profile_orig
-87.770653,28.136810,2025-06-02,20250605,41,qcobs_profile_orig
-94.887611,19.333019,2025-06-03,20250605,40,qcobs_profile_orig
-85.404587,23.519711,2025-06-03,20250605,32,qcobs_profile_orig
-92.888168,20.740780,2025-06-03,20250605,40,qcobs_profile_orig
-88.901131,24.263910,2025-06-03,20250605,41,qcobs_profile_orig
-91.684799,26.440090,2025-06-03,20250605,41,qcobs_profile_orig
-96.472008,22.352400,2025-06-03,20250605,41,qcobs_profile_orig
-94.228928,20.090561,2025-06-04,20250605,38,qcobs_profile_orig
-94.460777,19.697969,2025-06-04,20250605,37,qcobs_profile_orig
-89.361191,28.145630,2025-06-04,20250605,28,qcobs_profile_orig
-88.289146,26.838831,2025-06-04,20250605,41,qcobs_profile_orig
-93.023888,25.205240,2025-06-04,20250605,41,qcobs_profile_orig
-88.833397,26.956110,2025-06-04,20250605,41,qcobs_profile_orig
-87.796898,27.616920,2025-06-04,20250605,41,qcobs_profile_orig
-89.405357,26.973021,2025-06-05,20250605,41,qcobs_profile_orig
-80.567207,23.792450,2025-06-05,20250605,30,qcobs_profile_orig
-86.242348,24.609489,2025-06-05,20250605,40,qcobs_profile_orig
-94.922897,25.765301,2025-06-06,20250605,35,qcobs_profile_orig
-81.493530,23.547340,2025-06-06,20250605,35,qcobs_profile_orig
-84.186249,23.913160,2025-06-06,20250605,41,qcobs_profile_orig
-90.552818,27.121189,2025-06-06,20250605,35,qcobs_profile_orig
-96.618233,24.333059,2025-06-06,20250605,32,qcobs_profile_orig
-89.118698,26.771160,2025-06-07,20250605,41,qcobs_profile_orig
-89.501053,27.708469,2025-06-07,20250605,31,qcobs_profile_orig
-87.876579,25.738810,2025-06-07,20250605,41,qcobs_profile_orig
-84.220512,23.387739,2025-06-07,20250605,41,qcobs_profile_orig
-88.966949,25.880320,2025-06-07,20250605,41,qcobs_profile_orig
-87.589043,25.456209,2025-06-07,20250605,41,qcobs_profile_orig
-87.754311,28.188410,2025-06-07,20250605,41,qcobs_profile_orig
-79.408768,19.976063,2025-06-07,20250605,36,qcobs_profile_orig
-94.686272,19.510071,2025-06-08,20250605,40,qcobs_profile_orig
-85.215469,23.521570,2025-06-08,20250605,40,qcobs_profile_orig
-92.806099,20.680040,2025-06-08,20250605,41,qcobs_profile_orig
-88.826363,24.297859,2025-06-08,20250605,41,qcobs_profile_orig
-91.572647,26.496880,2025-06-08,20250605,41,qcobs_profile_orig
-96.516907,22.411381,2025-06-08,20250605,41,qcobs_profile_orig
-94.261391,20.081900,2025-06-09,20250605,38,qcobs_profile_orig
-94.475227,19.784861,2025-06-09,20250605,35,qcobs_profile_orig
-89.372902,28.145550,2025-06-09,20250605,30,qcobs_profile_orig
-88.263542,26.724819,2025-06-09,20250605,41,qcobs_profile_orig
-93.345940,25.091339,2025-06-09,20250605,41,qcobs_profile_orig
-88.540001,27.135611,2025-06-09,20250605,41,qcobs_profile_orig
-87.633141,27.742821,2025-06-09,20250605,41,qcobs_profile_orig
-90.062798,26.897301,2025-06-02,20250606,36,qcobs_profile_orig
-88.838081,26.645550,2025-06-02,20250606,41,qcobs_profile_orig
-89.500137,27.703199,2025-06-02,20250606,29,qcobs_profile_orig
-87.471748,25.451151,2025-06-02,20250606,41,qcobs_profile_orig
-84.088310,23.340010,2025-06-02,20250606,41,qcobs_profile_orig
-89.087662,26.007401,2025-06-02,20250606,41,qcobs_profile_orig
-87.232071,25.168369,2025-06-02,20250606,41,qcobs_profile_orig
-87.770653,28.136810,2025-06-02,20250606,41,qcobs_profile_orig
-94.887611,19.333019,2025-06-03,20250606,40,qcobs_profile_orig
-85.404587,23.519711,2025-06-03,20250606,32,qcobs_profile_orig
-92.888168,20.740780,2025-06-03,20250606,40,qcobs_profile_orig
-88.901131,24.263910,2025-06-03,20250606,41,qcobs_profile_orig
-91.684799,26.440090,2025-06-03,20250606,41,qcobs_profile_orig
-96.472008,22.352400,2025-06-03,20250606,41,qcobs_profile_orig
-94.228928,20.090561,2025-06-04,20250606,38,qcobs_profile_orig
-94.460777,19.697969,2025-06-04,20250606,37,qcobs_profile_orig
-89.361191,28.145630,2025-06-04,20250606,31,qcobs_profile_orig
-88.289146,26.838831,2025-06-04,20250606,41,qcobs_profile_orig
-93.023888,25.205240,2025-06-04,20250606,41,qcobs_profile_orig
-88.833397,26.956110,2025-06-04,20250606,41,qcobs_profile_orig
-87.796898,27.616920,2025-06-04,20250606,41,qcobs_profile_orig
-89.405357,26.973021,2025-06-05,20250606,41,qcobs_profile_orig
-80.567207,23.792450,2025-06-05,20250606,30,qcobs_profile_orig
-86.242348,24.609489,2025-06-05,20250606,40,qcobs_profile_orig
-94.922897,25.765301,2025-06-06,20250606,35,qcobs_profile_orig
-81.493530,23.547340,2025-06-06,20250606,35,qcobs_profile_orig
-84.186249,23.913160,2025-06-06,20250606,41,qcobs_profile_orig
-90.552818,27.121189,2025-06-06,20250606,35,qcobs_profile_orig
-96.618233,24.333059,2025-06-06,20250606,29,qcobs_profile_orig
-89.118698,26.771160,2025-06-07,20250606,41,qcobs_profile_orig
-89.501053,27.708469,2025-06-07,20250606,30,qcobs_profile_orig
-87.876579,25.738810,2025-06-07,20250606,41,qcobs_profile_orig
-84.220512,23.387739,2025-06-07,20250606,41,qcobs_profile_orig
-88.966949,25.880320,2025-06-07,20250606,41,qcobs_profile_orig
-87.589043,25.456209,2025-06-07,20250606,41,qcobs_profile_orig
-87.754311,28.188410,2025-06-07,20250606,41,qcobs_profile_orig
-79.408768,19.976063,2025-06-07,20250606,36,qcobs_profile_orig
-94.686272,19.510071,2025-06-08,20250606,40,qcobs_profile_orig
-85.215469,23.521570,2025-06-08,20250606,40,qcobs_profile_orig
-92.806099,20.680040,2025-06-08,20250606,41,qcobs_profile_orig
-88.826363,24.297859,2025-06-08,20250606,41,qcobs_profile_orig
-91.572647,26.496880,2025-06-08,20250606,41,qcobs_profile_orig
-96.516907,22.411381,2025-06-08,20250606,41,qcobs_profile_orig
-94.261391,20.081900,2025-06-09,20250606,38,qcobs_profile_orig
-94.475227,19.784861,2025-06-09,20250606,35,qcobs_profile_orig
-89.372902,28.145550,2025-06-09,20250606,32,qcobs_profile_orig
-88.263542,26.724819,2025-06-09,20250606,41,qcobs_profile_orig
-93.345940,25.091339,2025-06-09,20250606,41,qcobs_profile_orig
-88.540001,27.135611,2025-06-09,20250606,41,qcobs_profile_orig
-87.633141,27.742821,2025-06-09,20250606,41,qcobs_profile_orig
-89.389420,26.726000,2025-06-10,20250606,41,qcobs_profile_orig
-80.571899,23.808189,2025-06-10,20250606,30,qcobs_profile_orig
-86.913757,24.939529,2025-06-10,20250606,40,qcobs_profile_orig
-82.343826,19.018400,2025-06-10,20250606,41,qcobs_profile_orig
-89.930702,25.161699,2025-06-10,20250606,40,qcobs_profile_orig
-94.887611,19.333019,2025-06-03,20250607,40,qcobs_profile_orig
-85.404587,23.519711,2025-06-03,20250607,32,qcobs_profile_orig
-92.888168,20.740780,2025-06-03,20250607,40,qcobs_profile_orig
-88.901131,24.263910,2025-06-03,20250607,41,qcobs_profile_orig
-91.684799,26.440090,2025-06-03,20250607,41,qcobs_profile_orig
-96.472008,22.352400,2025-06-03,20250607,41,qcobs_profile_orig
-94.228928,20.090561,2025-06-04,20250607,38,qcobs_profile_orig
-94.460777,19.697969,2025-06-04,20250607,37,qcobs_profile_orig
-89.361191,28.145630,2025-06-04,20250607,31,qcobs_profile_orig
-88.289146,26.838831,2025-06-04,20250607,41,qcobs_profile_orig
-93.023888,25.205240,2025-06-04,20250607,41,qcobs_profile_orig
-88.833397,26.956110,2025-06-04,20250607,41,qcobs_profile_orig
-87.796898,27.616920,2025-06-04,20250607,41,qcobs_profile_orig
-89.405357,26.973021,2025-06-05,20250607,41,qcobs_profile_orig
-80.567207,23.792450,2025-06-05,20250607,30,qcobs_profile_orig
-86.242348,24.609489,2025-06-05,20250607,40,qcobs_profile_orig
-94.922897,25.765301,2025-06-06,20250607,35,qcobs_profile_orig
-81.493530,23.547340,2025-06-06,20250607,35,qcobs_profile_orig
-84.186249,23.913160,2025-06-06,20250607,41,qcobs_profile_orig
-90.552818,27.121189,2025-06-06,20250607,35,qcobs_profile_orig
-96.618233,24.333059,2025-06-06,20250607,28,qcobs_profile_orig
-89.118698,26.771160,2025-06-07,20250607,41,qcobs_profile_orig
-89.501053,27.708469,2025-06-07,20250607,28,qcobs_profile_orig
-87.876579,25.738810,2025-06-07,20250607,41,qcobs_profile_orig
-84.220512,23.387739,2025-06-07,20250607,41,qcobs_profile_orig
-88.966949,25.880320,2025-06-07,20250607,41,qcobs_profile_orig
-87.589043,25.456209,2025-06-07,20250607,41,qcobs_profile_orig
-87.754311,28.188410,2025-06-07,20250607,41,qcobs_profile_orig
-79.408768,19.976063,2025-06-07,20250607,36,qcobs_profile_orig
-94.686272,19.510071,2025-06-08,20250607,40,qcobs_profile_orig
-85.215469,23.521570,2025-06-08,20250607,40,qcobs_profile_orig
-92.806099,20.680040,2025-06-08,20250607,41,qcobs_profile_orig
-88.826363,24.297859,2025-06-08,20250607,41,qcobs_profile_orig
-91.572647,26.496880,2025-06-08,20250607,41,qcobs_profile_orig
-96.516907,22.411381,2025-06-08,20250607,41,qcobs_profile_orig
-94.261391,20.081900,2025-06-09,20250607,38,qcobs_profile_orig
-94.475227,19.784861,2025-06-09,20250607,35,qcobs_profile_orig
-89.372902,28.145550,2025-06-09,20250607,32,qcobs_profile_orig
-88.263542,26.724819,2025-06-09,20250607,41,qcobs_profile_orig
-93.345940,25.091339,2025-06-09,20250607,41,qcobs_profile_orig
-88.540001,27.135611,2025-06-09,20250607,41,qcobs_profile_orig
-87.633141,27.742821,2025-06-09,20250607,41,qcobs_profile_orig
-89.389420,26.726000,2025-06-10,20250607,41,qcobs_profile_orig
-80.571899,23.808189,2025-06-10,20250607,30,qcobs_profile_orig
-86.913757,24.939529,2025-06-10,20250607,40,qcobs_profile_orig
-82.343826,19.018400,2025-06-10,20250607,41,qcobs_profile_orig
-89.930702,25.161699,2025-06-10,20250607,40,qcobs_profile_orig
-81.198570,23.643850,2025-06-11,20250607,34,qcobs_profile_orig
-84.168961,24.126350,2025-06-11,20250607,41,qcobs_profile_orig
-90.567398,27.123011,2025-06-11,20250607,34,qcobs_profile_orig
-96.506592,24.315210,2025-06-11,20250607,35,qcobs_profile_orig
-86.074570,18.736540,2025-06-11,20250607,41,qcobs_profile_orig
-94.228928,20.090561,2025-06-04,20250608,38,qcobs_profile_orig
-94.460777,19.697969,2025-06-04,20250608,37,qcobs_profile_orig
-89.361191,28.145630,2025-06-04,20250608,31,qcobs_profile_orig
-88.289146,26.838831,2025-06-04,20250608,41,qcobs_profile_orig
-93.023888,25.205240,2025-06-04,20250608,41,qcobs_profile_orig
-88.833397,26.956110,2025-06-04,20250608,41,qcobs_profile_orig
-87.796898,27.616920,2025-06-04,20250608,41,qcobs_profile_orig
-89.405357,26.973021,2025-06-05,20250608,41,qcobs_profile_orig
-80.567207,23.792450,2025-06-05,20250608,30,qcobs_profile_orig
-86.242348,24.609489,2025-06-05,20250608,40,qcobs_profile_orig
-94.922897,25.765301,2025-06-06,20250608,35,qcobs_profile_orig
-81.493530,23.547340,2025-06-06,20250608,35,qcobs_profile_orig
-84.186249,23.913160,2025-06-06,20250608,41,qcobs_profile_orig
-90.552818,27.121189,2025-06-06,20250608,35,qcobs_profile_orig
-96.618233,24.333059,2025-06-06,20250608,28,qcobs_profile_orig
-89.118698,26.771160,2025-06-07,20250608,41,qcobs_profile_orig
-89.501053,27.708469,2025-06-07,20250608,27,qcobs_profile_orig
-87.876579,25.738810,2025-06-07,20250608,41,qcobs_profile_orig
-84.220512,23.387739,2025-06-07,20250608,41,qcobs_profile_orig
-88.966949,25.880320,2025-06-07,20250608,41,qcobs_profile_orig
-87.589043,25.456209,2025-06-07,20250608,41,qcobs_profile_orig
-87.754311,28.188410,2025-06-07,20250608,41,qcobs_profile_orig
-79.408768,19.976063,2025-06-07,20250608,36,qcobs_profile_orig
-94.686272,19.510071,2025-06-08,20250608,40,qcobs_profile_orig
-85.215469,23.521570,2025-06-08,20250608,40,qcobs_profile_orig
-92.806099,20.680040,2025-06-08,20250608,41,qcobs_profile_orig
-88.826363,24.297859,2025-06-08,20250608,41,qcobs_profile_orig
-91.572647,26.496880,2025-06-08,20250608,41,qcobs_profile_orig
-96.516907,22.411381,2025-06-08,20250608,41,qcobs_profile_orig
-94.261391,20.081900,2025-06-09,20250608,38,qcobs_profile_orig
-94.475227,19.784861,2025-06-09,20250608,35,qcobs_profile_orig
-89.372902,28.145550,2025-06-09,20250608,32,qcobs_profile_orig
-88.263542,26.724819,2025-06-09,20250608,41,qcobs_profile_orig
-93.345940,25.091339,2025-06-09,20250608,41,qcobs_profile_orig
-88.540001,27.135611,2025-06-09,20250608,41,qcobs_profile_orig
-87.633141,27.742821,2025-06-09,20250608,41,qcobs_profile_orig
-89.389420,26.726000,2025-06-10,20250608,41,qcobs_profile_orig
-80.571899,23.808189,2025-06-10,20250608,30,qcobs_profile_orig
-86.913757,24.939529,2025-06-10,20250608,40,qcobs_profile_orig
-82.343826,19.018400,2025-06-10,20250608,41,qcobs_profile_orig
-89.930702,25.161699,2025-06-10,20250608,40,qcobs_profile_orig
-81.198570,23.643850,2025-06-11,20250608,34,qcobs_profile_orig
-84.168961,24.126350,2025-06-11,20250608,41,qcobs_profile_orig
-90.567398,27.123011,2025-06-11,20250608,34,qcobs_profile_orig
-96.506592,24.315210,2025-06-11,20250608,35,qcobs_profile_orig
-86.074570,18.736540,2025-06-11,20250608,41,qcobs_profile_orig
-89.543854,26.908840,2025-06-12,20250608,41,qcobs_profile_orig
-89.496712,27.721951,2025-06-12,20250608,28,qcobs_profile_orig
-84.692513,23.833160,2025-06-12,20250608,40,qcobs_profile_orig
-88.297379,25.786501,2025-06-12,20250608,41,qcobs_profile_orig
-84.116112,23.454679,2025-06-12,20250608,41,qcobs_profile_orig
-89.051849,25.586599,2025-06-12,20250608,41,qcobs_profile_orig
-87.868088,25.841591,2025-06-12,20250608,41,qcobs_profile_orig
-87.693802,28.140600,2025-06-12,20250608,41,qcobs_profile_orig
-89.405357,26.973021,2025-06-05,20250609,41,qcobs_profile_orig
-80.567207,23.792450,2025-06-05,20250609,30,qcobs_profile_orig
-86.242348,24.609489,2025-06-05,20250609,40,qcobs_profile_orig
-94.922897,25.765301,2025-06-06,20250609,35,qcobs_profile_orig
-81.493530,23.547340,2025-06-06,20250609,35,qcobs_profile_orig
-84.186249,23.913160,2025-06-06,20250609,41,qcobs_profile_orig
-90.552818,27.121189,2025-06-06,20250609,35,qcobs_profile_orig
-96.618233,24.333059,2025-06-06,20250609,29,qcobs_profile_orig
-89.118698,26.771160,2025-06-07,20250609,41,qcobs_profile_orig
-89.501053,27.708469,2025-06-07,20250609,31,qcobs_profile_orig
-87.876579,25.738810,2025-06-07,20250609,41,qcobs_profile_orig
-84.220512,23.387739,2025-06-07,20250609,41,qcobs_profile_orig
-88.966949,25.880320,2025-06-07,20250609,41,qcobs_profile_orig
-87.589043,25.456209,2025-06-07,20250609,41,qcobs_profile_orig
-87.754311,28.188410,2025-06-07,20250609,41,qcobs_profile_orig
-79.408768,19.976063,2025-06-07,20250609,36,qcobs_profile_orig
-94.686272,19.510071,2025-06-08,20250609,40,qcobs_profile_orig
-85.215469,23.521570,2025-06-08,20250609,40,qcobs_profile_orig
-92.806099,20.680040,2025-06-08,20250609,41,qcobs_profile_orig
-88.826363,24.297859,2025-06-08,20250609,41,qcobs_profile_orig
-91.572647,26.496880,2025-06-08,20250609,41,qcobs_profile_orig
-96.516907,22.411381,2025-06-08,20250609,41,qcobs_profile_orig
-94.261391,20.081900,2025-06-09,20250609,38,qcobs_profile_orig
-94.475227,19.784861,2025-06-09,20250609,35,qcobs_profile_orig
-89.372902,28.145550,2025-06-09,20250609,32,qcobs_profile_orig
-88.263542,26.724819,2025-06-09,20250609,41,qcobs_profile_orig
-93.345940,25.091339,2025-06-09,20250609,41,qcobs_profile_orig
-88.540001,27.135611,2025-06-09,20250609,41,qcobs_profile_orig
-87.633141,27.742821,2025-06-09,20250609,41,qcobs_profile_orig
-89.389420,26.726000,2025-06-10,20250609,41,qcobs_profile_orig
-80.571899,23.808189,2025-06-10,20250609,30,qcobs_profile_orig
-86.913757,24.939529,2025-06-10,20250609,40,qcobs_profile_orig
-82.343826,19.018400,2025-06-10,20250609,41,qcobs_profile_orig
-89.930702,25.161699,2025-06-10,20250609,40,qcobs_profile_orig
-81.198570,23.643850,2025-06-11,20250609,34,qcobs_profile_orig
-84.168961,24.126350,2025-06-11,20250609,41,qcobs_profile_orig
-90.567398,27.123011,2025-06-11,20250609,34,qcobs_profile_orig
-96.506592,24.315210,2025-06-11,20250609,35,qcobs_profile_orig
-86.074570,18.736540,2025-06-11,20250609,41,qcobs_profile_orig
-89.543854,26.908840,2025-06-12,20250609,41,qcobs_profile_orig
-89.496712,27.721951,2025-06-12,20250609,32,qcobs_profile_orig
-84.692513,23.833160,2025-06-12,20250609,40,qcobs_profile_orig
-88.297379,25.786501,2025-06-12,20250609,41,qcobs_profile_orig
-84.116112,23.454679,2025-06-12,20250609,41,qcobs_profile_orig
-89.051849,25.586599,2025-06-12,20250609,41,qcobs_profile_orig
-87.868088,25.841591,2025-06-12,20250609,41,qcobs_profile_orig
-87.693802,28.140600,2025-06-12,20250609,41,qcobs_profile_orig
-89.542397,26.745899,2025-06-13,20250609,36,qcobs_profile_orig
-94.636612,19.722269,2025-06-13,20250609,36,qcobs_profile_orig
-92.793060,20.630970,2025-06-13,20250609,40,qcobs_profile_orig
-88.636803,24.456270,2025-06-13,20250609,41,qcobs_profile_orig
-91.549812,26.445641,2025-06-13,20250609,41,qcobs_profile_orig
-96.521049,22.536970,2025-06-13,20250609,41,qcobs_profile_orig
-94.922897,25.765301,2025-06-06,20250610,35,qcobs_profile_orig
-81.493530,23.547340,2025-06-06,20250610,35,qcobs_profile_orig
-84.186249,23.913160,2025-06-06,20250610,41,qcobs_profile_orig
-90.552818,27.121189,2025-06-06,20250610,35,qcobs_profile_orig
-96.618233,24.333059,2025-06-06,20250610,32,qcobs_profile_orig
-89.118698,26.771160,2025-06-07,20250610,41,qcobs_profile_orig
-89.501053,27.708469,2025-06-07,20250610,33,qcobs_profile_orig
-87.876579,25.738810,2025-06-07,20250610,41,qcobs_profile_orig
-84.220512,23.387739,2025-06-07,20250610,41,qcobs_profile_orig
-88.966949,25.880320,2025-06-07,20250610,41,qcobs_profile_orig
-87.589043,25.456209,2025-06-07,20250610,41,qcobs_profile_orig
-87.754311,28.188410,2025-06-07,20250610,41,qcobs_profile_orig
-79.408768,19.976063,2025-06-07,20250610,36,qcobs_profile_orig
-94.686272,19.510071,2025-06-08,20250610,40,qcobs_profile_orig
-85.215469,23.521570,2025-06-08,20250610,40,qcobs_profile_orig
-92.806099,20.680040,2025-06-08,20250610,41,qcobs_profile_orig
-88.826363,24.297859,2025-06-08,20250610,41,qcobs_profile_orig
-91.572647,26.496880,2025-06-08,20250610,41,qcobs_profile_orig
-96.516907,22.411381,2025-06-08,20250610,41,qcobs_profile_orig
-94.261391,20.081900,2025-06-09,20250610,38,qcobs_profile_orig
-94.475227,19.784861,2025-06-09,20250610,35,qcobs_profile_orig
-89.372902,28.145550,2025-06-09,20250610,32,qcobs_profile_orig
-88.263542,26.724819,2025-06-09,20250610,41,qcobs_profile_orig
-93.345940,25.091339,2025-06-09,20250610,41,qcobs_profile_orig
-88.540001,27.135611,2025-06-09,20250610,41,qcobs_profile_orig
-87.633141,27.742821,2025-06-09,20250610,41,qcobs_profile_orig
-89.389420,26.726000,2025-06-10,20250610,41,qcobs_profile_orig
-80.571899,23.808189,2025-06-10,20250610,30,qcobs_profile_orig
-86.913757,24.939529,2025-06-10,20250610,40,qcobs_profile_orig
-82.343826,19.018400,2025-06-10,20250610,41,qcobs_profile_orig
-89.930702,25.161699,2025-06-10,20250610,40,qcobs_profile_orig
-81.198570,23.643850,2025-06-11,20250610,34,qcobs_profile_orig
-84.168961,24.126350,2025-06-11,20250610,41,qcobs_profile_orig
-90.567398,27.123011,2025-06-11,20250610,34,qcobs_profile_orig
-96.506592,24.315210,2025-06-11,20250610,35,qcobs_profile_orig
-86.074570,18.736540,2025-06-11,20250610,41,qcobs_profile_orig
-89.543854,26.908840,2025-06-12,20250610,41,qcobs_profile_orig
-89.496712,27.721951,2025-06-12,20250610,33,qcobs_profile_orig
-84.692513,23.833160,2025-06-12,20250610,40,qcobs_profile_orig
-88.297379,25.786501,2025-06-12,20250610,41,qcobs_profile_orig
-84.116112,23.454679,2025-06-12,20250610,41,qcobs_profile_orig
-89.051849,25.586599,2025-06-12,20250610,41,qcobs_profile_orig
-87.868088,25.841591,2025-06-12,20250610,41,qcobs_profile_orig
-87.693802,28.140600,2025-06-12,20250610,41,qcobs_profile_orig
-89.542397,26.745899,2025-06-13,20250610,36,qcobs_profile_orig
-94.636612,19.722269,2025-06-13,20250610,36,qcobs_profile_orig
-92.793060,20.630970,2025-06-13,20250610,40,qcobs_profile_orig
-88.636803,24.456270,2025-06-13,20250610,41,qcobs_profile_orig
-91.549812,26.445641,2025-06-13,20250610,41,qcobs_profile_orig
-96.521049,22.536970,2025-06-13,20250610,41,qcobs_profile_orig
-94.348007,20.181721,2025-06-14,20250610,37,qcobs_profile_orig
-94.442642,19.858049,2025-06-14,20250610,34,qcobs_profile_orig
-89.376038,28.151930,2025-06-14,20250610,31,qcobs_profile_orig
-88.168259,27.145000,2025-06-14,20250610,41,qcobs_profile_orig
-93.449348,25.078911,2025-06-14,20250610,41,qcobs_profile_orig
-88.700523,26.878611,2025-06-14,20250610,41,qcobs_profile_orig
-87.386147,27.900471,2025-06-14,20250610,41,qcobs_profile_orig
-89.118698,26.771160,2025-06-07,20250611,41,qcobs_profile_orig
-89.501053,27.708469,2025-06-07,20250611,33,qcobs_profile_orig
-87.876579,25.738810,2025-06-07,20250611,41,qcobs_profile_orig
-84.220512,23.387739,2025-06-07,20250611,41,qcobs_profile_orig
-88.966949,25.880320,2025-06-07,20250611,41,qcobs_profile_orig
-87.589043,25.456209,2025-06-07,20250611,41,qcobs_profile_orig
-87.754311,28.188410,2025-06-07,20250611,41,qcobs_profile_orig
-79.408768,19.976063,2025-06-07,20250611,36,qcobs_profile_orig
-94.686272,19.510071,2025-06-08,20250611,40,qcobs_profile_orig
-85.215469,23.521570,2025-06-08,20250611,40,qcobs_profile_orig
-92.806099,20.680040,2025-06-08,20250611,41,qcobs_profile_orig
-88.826363,24.297859,2025-06-08,20250611,41,qcobs_profile_orig
-91.572647,26.496880,2025-06-08,20250611,41,qcobs_profile_orig
-96.516907,22.411381,2025-06-08,20250611,41,qcobs_profile_orig
-94.261391,20.081900,2025-06-09,20250611,38,qcobs_profile_orig
-94.475227,19.784861,2025-06-09,20250611,35,qcobs_profile_orig
-89.372902,28.145550,2025-06-09,20250611,32,qcobs_profile_orig
-88.263542,26.724819,2025-06-09,20250611,41,qcobs_profile_orig
-93.345940,25.091339,2025-06-09,20250611,41,qcobs_profile_orig
-88.540001,27.135611,2025-06-09,20250611,41,qcobs_profile_orig
-87.633141,27.742821,2025-06-09,20250611,41,qcobs_profile_orig
-89.389420,26.726000,2025-06-10,20250611,41,qcobs_profile_orig
-80.571899,23.808189,2025-06-10,20250611,30,qcobs_profile_orig
-86.913757,24.939529,2025-06-10,20250611,40,qcobs_profile_orig
-82.343826,19.018400,2025-06-10,20250611,41,qcobs_profile_orig
-89.930702,25.161699,2025-06-10,20250611,40,qcobs_profile_orig
-81.198570,23.643850,2025-06-11,20250611,34,qcobs_profile_orig
-84.168961,24.126350,2025-06-11,20250611,41,qcobs_profile_orig
-90.567398,27.123011,2025-06-11,20250611,34,qcobs_profile_orig
-96.506592,24.315210,2025-06-11,20250611,35,qcobs_profile_orig
-86.074570,18.736540,2025-06-11,20250611,41,qcobs_profile_orig
-89.543854,26.908840,2025-06-12,20250611,41,qcobs_profile_orig
-89.496712,27.721951,2025-06-12,20250611,33,qcobs_profile_orig
-84.692513,23.833160,2025-06-12,20250611,40,qcobs_profile_orig
-88.297379,25.786501,2025-06-12,20250611,41,qcobs_profile_orig
-84.116112,23.454679,2025-06-12,20250611,41,qcobs_profile_orig
-89.051849,25.586599,2025-06-12,20250611,41,qcobs_profile_orig
-87.868088,25.841591,2025-06-12,20250611,41,qcobs_profile_orig
-87.693802,28.140600,2025-06-12,20250611,41,qcobs_profile_orig
-89.542397,26.745899,2025-06-13,20250611,36,qcobs_profile_orig
-94.636612,19.722269,2025-06-13,20250611,36,qcobs_profile_orig
-92.793060,20.630970,2025-06-13,20250611,40,qcobs_profile_orig
-88.636803,24.456270,2025-06-13,20250611,41,qcobs_profile_orig
-91.549812,26.445641,2025-06-13,20250611,41,qcobs_profile_orig
-96.521049,22.536970,2025-06-13,20250611,41,qcobs_profile_orig
-94.348007,20.181721,2025-06-14,20250611,37,qcobs_profile_orig
-94.442642,19.858049,2025-06-14,20250611,34,qcobs_profile_orig
-89.376038,28.151930,2025-06-14,20250611,31,qcobs_profile_orig
-88.168259,27.145000,2025-06-14,20250611,41,qcobs_profile_orig
-93.449348,25.078911,2025-06-14,20250611,41,qcobs_profile_orig
-88.700523,26.878611,2025-06-14,20250611,41,qcobs_profile_orig
-87.386147,27.900471,2025-06-14,20250611,41,qcobs_profile_orig
-89.953072,26.977720,2025-06-15,20250611,41,qcobs_profile_orig
-80.564453,23.844740,2025-06-15,20250611,31,qcobs_profile_orig
-87.236931,25.467119,2025-06-15,20250611,40,qcobs_profile_orig
-88.259697,26.698500,2025-06-15,20250611,40,qcobs_profile_orig
-94.686272,19.510071,2025-06-08,20250612,40,qcobs_profile_orig
-85.215469,23.521570,2025-06-08,20250612,40,qcobs_profile_orig
-92.806099,20.680040,2025-06-08,20250612,41,qcobs_profile_orig
-88.826363,24.297859,2025-06-08,20250612,41,qcobs_profile_orig
-91.572647,26.496880,2025-06-08,20250612,41,qcobs_profile_orig
-96.516907,22.411381,2025-06-08,20250612,41,qcobs_profile_orig
-94.261391,20.081900,2025-06-09,20250612,38,qcobs_profile_orig
-94.475227,19.784861,2025-06-09,20250612,35,qcobs_profile_orig
-89.372902,28.145550,2025-06-09,20250612,32,qcobs_profile_orig
-88.263542,26.724819,2025-06-09,20250612,41,qcobs_profile_orig
-93.345940,25.091339,2025-06-09,20250612,41,qcobs_profile_orig
-88.540001,27.135611,2025-06-09,20250612,41,qcobs_profile_orig
-87.633141,27.742821,2025-06-09,20250612,41,qcobs_profile_orig
-89.389420,26.726000,2025-06-10,20250612,41,qcobs_profile_orig
-80.571899,23.808189,2025-06-10,20250612,30,qcobs_profile_orig
-86.913757,24.939529,2025-06-10,20250612,40,qcobs_profile_orig
-82.343826,19.018400,2025-06-10,20250612,41,qcobs_profile_orig
-89.930702,25.161699,2025-06-10,20250612,40,qcobs_profile_orig
-81.198570,23.643850,2025-06-11,20250612,34,qcobs_profile_orig
-84.168961,24.126350,2025-06-11,20250612,41,qcobs_profile_orig
-90.567398,27.123011,2025-06-11,20250612,34,qcobs_profile_orig
-96.506592,24.315210,2025-06-11,20250612,35,qcobs_profile_orig
-86.074570,18.736540,2025-06-11,20250612,41,qcobs_profile_orig
-89.543854,26.908840,2025-06-12,20250612,41,qcobs_profile_orig
-89.496712,27.721951,2025-06-12,20250612,33,qcobs_profile_orig
-84.692513,23.833160,2025-06-12,20250612,40,qcobs_profile_orig
-88.297379,25.786501,2025-06-12,20250612,41,qcobs_profile_orig
-84.116112,23.454679,2025-06-12,20250612,41,qcobs_profile_orig
-89.051849,25.586599,2025-06-12,20250612,41,qcobs_profile_orig
-87.868088,25.841591,2025-06-12,20250612,41,qcobs_profile_orig
-87.693802,28.140600,2025-06-12,20250612,41,qcobs_profile_orig
-89.542397,26.745899,2025-06-13,20250612,36,qcobs_profile_orig
-94.636612,19.722269,2025-06-13,20250612,36,qcobs_profile_orig
-92.793060,20.630970,2025-06-13,20250612,40,qcobs_profile_orig
-88.636803,24.456270,2025-06-13,20250612,41,qcobs_profile_orig
-91.549812,26.445641,2025-06-13,20250612,41,qcobs_profile_orig
-96.521049,22.536970,2025-06-13,20250612,41,qcobs_profile_orig
-94.348007,20.181721,2025-06-14,20250612,37,qcobs_profile_orig
-94.442642,19.858049,2025-06-14,20250612,34,qcobs_profile_orig
-89.376038,28.151930,2025-06-14,20250612,31,qcobs_profile_orig
-88.168259,27.145000,2025-06-14,20250612,41,qcobs_profile_orig
-93.449348,25.078911,2025-06-14,20250612,41,qcobs_profile_orig
-88.700523,26.878611,2025-06-14,20250612,41,qcobs_profile_orig
-87.386147,27.900471,2025-06-14,20250612,41,qcobs_profile_orig
-89.953072,26.977720,2025-06-15,20250612,41,qcobs_profile_orig
-80.564453,23.844740,2025-06-15,20250612,31,qcobs_profile_orig
-87.236931,25.467119,2025-06-15,20250612,40,qcobs_profile_orig
-88.259697,26.698500,2025-06-15,20250612,40,qcobs_profile_orig
-94.185600,25.802999,2025-06-16,20250612,35,qcobs_profile_orig
-81.165108,23.649340,2025-06-16,20250612,34,qcobs_profile_orig
-84.126991,24.268089,2025-06-16,20250612,38,qcobs_profile_orig
-90.574089,27.206070,2025-06-16,20250612,35,qcobs_profile_orig
-96.440323,24.257910,2025-06-16,20250612,35,qcobs_profile_orig
-94.261391,20.081900,2025-06-09,20250613,38,qcobs_profile_orig
-94.475227,19.784861,2025-06-09,20250613,35,qcobs_profile_orig
-89.372902,28.145550,2025-06-09,20250613,32,qcobs_profile_orig
-88.263542,26.724819,2025-06-09,20250613,41,qcobs_profile_orig
-93.345940,25.091339,2025-06-09,20250613,41,qcobs_profile_orig
-88.540001,27.135611,2025-06-09,20250613,41,qcobs_profile_orig
-87.633141,27.742821,2025-06-09,20250613,41,qcobs_profile_orig
-89.389420,26.726000,2025-06-10,20250613,41,qcobs_profile_orig
-80.571899,23.808189,2025-06-10,20250613,30,qcobs_profile_orig
-86.913757,24.939529,2025-06-10,20250613,40,qcobs_profile_orig
-82.343826,19.018400,2025-06-10,20250613,41,qcobs_profile_orig
-89.930702,25.161699,2025-06-10,20250613,40,qcobs_profile_orig
-81.198570,23.643850,2025-06-11,20250613,34,qcobs_profile_orig
-84.168961,24.126350,2025-06-11,20250613,41,qcobs_profile_orig
-90.567398,27.123011,2025-06-11,20250613,34,qcobs_profile_orig
-96.506592,24.315210,2025-06-11,20250613,35,qcobs_profile_orig
-86.074570,18.736540,2025-06-11,20250613,41,qcobs_profile_orig
-89.543854,26.908840,2025-06-12,20250613,41,qcobs_profile_orig
-89.496712,27.721951,2025-06-12,20250613,33,qcobs_profile_orig
-84.692513,23.833160,2025-06-12,20250613,40,qcobs_profile_orig
-88.297379,25.786501,2025-06-12,20250613,41,qcobs_profile_orig
-84.116112,23.454679,2025-06-12,20250613,41,qcobs_profile_orig
-89.051849,25.586599,2025-06-12,20250613,41,qcobs_profile_orig
-87.868088,25.841591,2025-06-12,20250613,41,qcobs_profile_orig
-87.693802,28.140600,2025-06-12,20250613,41,qcobs_profile_orig
-89.542397,26.745899,2025-06-13,20250613,36,qcobs_profile_orig
-94.636612,19.722269,2025-06-13,20250613,36,qcobs_profile_orig
-92.793060,20.630970,2025-06-13,20250613,40,qcobs_profile_orig
-88.636803,24.456270,2025-06-13,20250613,41,qcobs_profile_orig
-91.549812,26.445641,2025-06-13,20250613,41,qcobs_profile_orig
-96.521049,22.536970,2025-06-13,20250613,41,qcobs_profile_orig
-94.348007,20.181721,2025-06-14,20250613,37,qcobs_profile_orig
-94.442642,19.858049,2025-06-14,20250613,34,qcobs_profile_orig
-89.376038,28.151930,2025-06-14,20250613,31,qcobs_profile_orig
-88.168259,27.145000,2025-06-14,20250613,41,qcobs_profile_orig
-93.449348,25.078911,2025-06-14,20250613,41,qcobs_profile_orig
-88.700523,26.878611,2025-06-14,20250613,41,qcobs_profile_orig
-87.386147,27.900471,2025-06-14,20250613,41,qcobs_profile_orig
-89.953072,26.977720,2025-06-15,20250613,41,qcobs_profile_orig
-80.564453,23.844740,2025-06-15,20250613,31,qcobs_profile_orig
-87.236931,25.467119,2025-06-15,20250613,40,qcobs_profile_orig
-88.259697,26.698500,2025-06-15,20250613,40,qcobs_profile_orig
-94.185600,25.802999,2025-06-16,20250613,35,qcobs_profile_orig
-81.165108,23.649340,2025-06-16,20250613,34,qcobs_profile_orig
-84.126991,24.268089,2025-06-16,20250613,38,qcobs_profile_orig
-90.574089,27.206070,2025-06-16,20250613,35,qcobs_profile_orig
-96.440323,24.257910,2025-06-16,20250613,35,qcobs_profile_orig
-90.101768,26.675289,2025-06-17,20250613,41,qcobs_profile_orig
-89.493233,27.735130,2025-06-17,20250613,33,qcobs_profile_orig
-88.586670,25.897751,2025-06-17,20250613,41,qcobs_profile_orig
-84.101532,23.698950,2025-06-17,20250613,41,qcobs_profile_orig
-89.055893,25.502859,2025-06-17,20250613,41,qcobs_profile_orig
-87.894737,26.163931,2025-06-17,20250613,41,qcobs_profile_orig
-87.814438,28.125151,2025-06-17,20250613,41,qcobs_profile_orig
-89.389420,26.726000,2025-06-10,20250614,41,qcobs_profile_orig
-80.571899,23.808189,2025-06-10,20250614,30,qcobs_profile_orig
-86.913757,24.939529,2025-06-10,20250614,40,qcobs_profile_orig
-82.343826,19.018400,2025-06-10,20250614,41,qcobs_profile_orig
-89.930702,25.161699,2025-06-10,20250614,40,qcobs_profile_orig
-81.198570,23.643850,2025-06-11,20250614,34,qcobs_profile_orig
-84.168961,24.126350,2025-06-11,20250614,41,qcobs_profile_orig
-90.567398,27.123011,2025-06-11,20250614,34,qcobs_profile_orig
-96.506592,24.315210,2025-06-11,20250614,35,qcobs_profile_orig
-86.074570,18.736540,2025-06-11,20250614,41,qcobs_profile_orig
-89.543854,26.908840,2025-06-12,20250614,41,qcobs_profile_orig
-89.496712,27.721951,2025-06-12,20250614,33,qcobs_profile_orig
-84.692513,23.833160,2025-06-12,20250614,40,qcobs_profile_orig
-88.297379,25.786501,2025-06-12,20250614,41,qcobs_profile_orig
-84.116112,23.454679,2025-06-12,20250614,41,qcobs_profile_orig
-89.051849,25.586599,2025-06-12,20250614,41,qcobs_profile_orig
-87.868088,25.841591,2025-06-12,20250614,41,qcobs_profile_orig
-87.693802,28.140600,2025-06-12,20250614,41,qcobs_profile_orig
-89.542397,26.745899,2025-06-13,20250614,36,qcobs_profile_orig
-94.636612,19.722269,2025-06-13,20250614,36,qcobs_profile_orig
-92.793060,20.630970,2025-06-13,20250614,40,qcobs_profile_orig
-88.636803,24.456270,2025-06-13,20250614,41,qcobs_profile_orig
-91.549812,26.445641,2025-06-13,20250614,41,qcobs_profile_orig
-96.521049,22.536970,2025-06-13,20250614,41,qcobs_profile_orig
-94.348007,20.181721,2025-06-14,20250614,37,qcobs_profile_orig
-94.442642,19.858049,2025-06-14,20250614,34,qcobs_profile_orig
-89.376038,28.151930,2025-06-14,20250614,31,qcobs_profile_orig
-88.168259,27.145000,2025-06-14,20250614,41,qcobs_profile_orig
-93.449348,25.078911,2025-06-14,20250614,41,qcobs_profile_orig
-88.700523,26.878611,2025-06-14,20250614,41,qcobs_profile_orig
-87.386147,27.900471,2025-06-14,20250614,41,qcobs_profile_orig
-89.953072,26.977720,2025-06-15,20250614,41,qcobs_profile_orig
-80.564453,23.844740,2025-06-15,20250614,31,qcobs_profile_orig
-87.236931,25.467119,2025-06-15,20250614,40,qcobs_profile_orig
-88.259697,26.698500,2025-06-15,20250614,40,qcobs_profile_orig
-94.185600,25.802999,2025-06-16,20250614,35,qcobs_profile_orig
-81.165108,23.649340,2025-06-16,20250614,34,qcobs_profile_orig
-84.126991,24.268089,2025-06-16,20250614,38,qcobs_profile_orig
-90.574089,27.206070,2025-06-16,20250614,35,qcobs_profile_orig
-96.440323,24.257910,2025-06-16,20250614,35,qcobs_profile_orig
-90.101768,26.675289,2025-06-17,20250614,41,qcobs_profile_orig
-89.493233,27.735130,2025-06-17,20250614,33,qcobs_profile_orig
-88.586670,25.897751,2025-06-17,20250614,41,qcobs_profile_orig
-84.101532,23.698950,2025-06-17,20250614,41,qcobs_profile_orig
-89.055893,25.502859,2025-06-17,20250614,41,qcobs_profile_orig
-87.894737,26.163931,2025-06-17,20250614,41,qcobs_profile_orig
-87.814438,28.125151,2025-06-17,20250614,41,qcobs_profile_orig
-94.616402,19.887159,2025-06-18,20250614,40,qcobs_profile_orig
-92.806137,20.707291,2025-06-18,20250614,38,qcobs_profile_orig
-88.573692,24.584650,2025-06-18,20250614,41,qcobs_profile_orig
-91.596268,26.396370,2025-06-18,20250614,41,qcobs_profile_orig
-96.579361,22.588249,2025-06-18,20250614,41,qcobs_profile_orig
-79.343613,20.099417,2025-06-18,20250614,41,qcobs_profile_orig
-81.198570,23.643850,2025-06-11,20250615,34,qcobs_profile_orig
-84.168961,24.126350,2025-06-11,20250615,41,qcobs_profile_orig
-90.567398,27.123011,2025-06-11,20250615,34,qcobs_profile_orig
-96.506592,24.315210,2025-06-11,20250615,35,qcobs_profile_orig
-86.074570,18.736540,2025-06-11,20250615,41,qcobs_profile_orig
-89.543854,26.908840,2025-06-12,20250615,41,qcobs_profile_orig
-89.496712,27.721951,2025-06-12,20250615,33,qcobs_profile_orig
-84.692513,23.833160,2025-06-12,20250615,40,qcobs_profile_orig
-88.297379,25.786501,2025-06-12,20250615,41,qcobs_profile_orig
-84.116112,23.454679,2025-06-12,20250615,41,qcobs_profile_orig
-89.051849,25.586599,2025-06-12,20250615,41,qcobs_profile_orig
-87.868088,25.841591,2025-06-12,20250615,41,qcobs_profile_orig
-87.693802,28.140600,2025-06-12,20250615,41,qcobs_profile_orig
-89.542397,26.745899,2025-06-13,20250615,36,qcobs_profile_orig
-94.636612,19.722269,2025-06-13,20250615,36,qcobs_profile_orig
-92.793060,20.630970,2025-06-13,20250615,40,qcobs_profile_orig
-88.636803,24.456270,2025-06-13,20250615,41,qcobs_profile_orig
-91.549812,26.445641,2025-06-13,20250615,41,qcobs_profile_orig
-96.521049,22.536970,2025-06-13,20250615,41,qcobs_profile_orig
-94.348007,20.181721,2025-06-14,20250615,37,qcobs_profile_orig
-94.442642,19.858049,2025-06-14,20250615,34,qcobs_profile_orig
-89.376038,28.151930,2025-06-14,20250615,31,qcobs_profile_orig
-88.168259,27.145000,2025-06-14,20250615,41,qcobs_profile_orig
-93.449348,25.078911,2025-06-14,20250615,41,qcobs_profile_orig
-88.700523,26.878611,2025-06-14,20250615,41,qcobs_profile_orig
-87.386147,27.900471,2025-06-14,20250615,41,qcobs_profile_orig
-89.953072,26.977720,2025-06-15,20250615,41,qcobs_profile_orig
-80.564453,23.844740,2025-06-15,20250615,31,qcobs_profile_orig
-87.236931,25.467119,2025-06-15,20250615,40,qcobs_profile_orig
-88.259697,26.698500,2025-06-15,20250615,40,qcobs_profile_orig
-94.185600,25.802999,2025-06-16,20250615,35,qcobs_profile_orig
-81.165108,23.649340,2025-06-16,20250615,34,qcobs_profile_orig
-84.126991,24.268089,2025-06-16,20250615,38,qcobs_profile_orig
-90.574089,27.206070,2025-06-16,20250615,35,qcobs_profile_orig
-96.440323,24.257910,2025-06-16,20250615,35,qcobs_profile_orig
-90.101768,26.675289,2025-06-17,20250615,41,qcobs_profile_orig
-89.493233,27.735130,2025-06-17,20250615,33,qcobs_profile_orig
-88.586670,25.897751,2025-06-17,20250615,41,qcobs_profile_orig
-84.101532,23.698950,2025-06-17,20250615,41,qcobs_profile_orig
-89.055893,25.502859,2025-06-17,20250615,41,qcobs_profile_orig
-87.894737,26.163931,2025-06-17,20250615,41,qcobs_profile_orig
-87.814438,28.125151,2025-06-17,20250615,41,qcobs_profile_orig
-94.616402,19.887159,2025-06-18,20250615,40,qcobs_profile_orig
-92.806137,20.707291,2025-06-18,20250615,38,qcobs_profile_orig
-88.573692,24.584650,2025-06-18,20250615,41,qcobs_profile_orig
-91.596268,26.396370,2025-06-18,20250615,41,qcobs_profile_orig
-96.579361,22.588249,2025-06-18,20250615,41,qcobs_profile_orig
-79.343613,20.099417,2025-06-18,20250615,41,qcobs_profile_orig
-94.295837,20.356199,2025-06-19,20250615,39,qcobs_profile_orig
-89.369843,28.158960,2025-06-19,20250615,31,qcobs_profile_orig
-87.550461,27.624750,2025-06-19,20250615,41,qcobs_profile_orig
-93.182617,25.266609,2025-06-19,20250615,41,qcobs_profile_orig
-88.184349,26.990650,2025-06-19,20250615,41,qcobs_profile_orig
-89.543854,26.908840,2025-06-12,20250616,41,qcobs_profile_orig
-89.496712,27.721951,2025-06-12,20250616,33,qcobs_profile_orig
-84.692513,23.833160,2025-06-12,20250616,40,qcobs_profile_orig
-88.297379,25.786501,2025-06-12,20250616,41,qcobs_profile_orig
-84.116112,23.454679,2025-06-12,20250616,41,qcobs_profile_orig
-89.051849,25.586599,2025-06-12,20250616,41,qcobs_profile_orig
-87.868088,25.841591,2025-06-12,20250616,41,qcobs_profile_orig
-87.693802,28.140600,2025-06-12,20250616,41,qcobs_profile_orig
-89.542397,26.745899,2025-06-13,20250616,36,qcobs_profile_orig
-94.636612,19.722269,2025-06-13,20250616,36,qcobs_profile_orig
-92.793060,20.630970,2025-06-13,20250616,40,qcobs_profile_orig
-88.636803,24.456270,2025-06-13,20250616,41,qcobs_profile_orig
-91.549812,26.445641,2025-06-13,20250616,41,qcobs_profile_orig
-96.521049,22.536970,2025-06-13,20250616,41,qcobs_profile_orig
-94.348007,20.181721,2025-06-14,20250616,37,qcobs_profile_orig
-94.442642,19.858049,2025-06-14,20250616,34,qcobs_profile_orig
-89.376038,28.151930,2025-06-14,20250616,31,qcobs_profile_orig
-88.168259,27.145000,2025-06-14,20250616,41,qcobs_profile_orig
-93.449348,25.078911,2025-06-14,20250616,41,qcobs_profile_orig
-88.700523,26.878611,2025-06-14,20250616,41,qcobs_profile_orig
-87.386147,27.900471,2025-06-14,20250616,41,qcobs_profile_orig
-89.953072,26.977720,2025-06-15,20250616,41,qcobs_profile_orig
-80.564453,23.844740,2025-06-15,20250616,31,qcobs_profile_orig
-87.236931,25.467119,2025-06-15,20250616,40,qcobs_profile_orig
-88.259697,26.698500,2025-06-15,20250616,40,qcobs_profile_orig
-94.185600,25.802999,2025-06-16,20250616,35,qcobs_profile_orig
-81.165108,23.649340,2025-06-16,20250616,34,qcobs_profile_orig
-84.126991,24.268089,2025-06-16,20250616,38,qcobs_profile_orig
-90.574089,27.206070,2025-06-16,20250616,35,qcobs_profile_orig
-96.440323,24.257910,2025-06-16,20250616,35,qcobs_profile_orig
-90.101768,26.675289,2025-06-17,20250616,41,qcobs_profile_orig
-89.493233,27.735130,2025-06-17,20250616,33,qcobs_profile_orig
-88.586670,25.897751,2025-06-17,20250616,41,qcobs_profile_orig
-84.101532,23.698950,2025-06-17,20250616,41,qcobs_profile_orig
-89.055893,25.502859,2025-06-17,20250616,41,qcobs_profile_orig
-87.894737,26.163931,2025-06-17,20250616,41,qcobs_profile_orig
-87.814438,28.125151,2025-06-17,20250616,41,qcobs_profile_orig
-94.616402,19.887159,2025-06-18,20250616,40,qcobs_profile_orig
-92.806137,20.707291,2025-06-18,20250616,38,qcobs_profile_orig
-88.573692,24.584650,2025-06-18,20250616,41,qcobs_profile_orig
-91.596268,26.396370,2025-06-18,20250616,41,qcobs_profile_orig
-96.579361,22.588249,2025-06-18,20250616,41,qcobs_profile_orig
-79.343613,20.099417,2025-06-18,20250616,41,qcobs_profile_orig
-94.295837,20.356199,2025-06-19,20250616,39,qcobs_profile_orig
-89.369843,28.158960,2025-06-19,20250616,31,qcobs_profile_orig
-87.550461,27.624750,2025-06-19,20250616,41,qcobs_profile_orig
-93.182617,25.266609,2025-06-19,20250616,41,qcobs_profile_orig
-88.184349,26.990650,2025-06-19,20250616,41,qcobs_profile_orig
-94.447220,19.858490,2025-06-20,20250616,34,qcobs_profile_orig
-89.544724,27.114531,2025-06-20,20250616,41,qcobs_profile_orig
-80.544113,23.897409,2025-06-20,20250616,30,qcobs_profile_orig
-84.408951,24.365339,2025-06-20,20250616,31,qcobs_profile_orig
-87.602074,28.037640,2025-06-20,20250616,41,qcobs_profile_orig
-82.570381,19.132870,2025-06-20,20250616,41,qcobs_profile_orig
-89.823601,24.836500,2025-06-20,20250616,39,qcobs_profile_orig
-89.542397,26.745899,2025-06-13,20250617,36,qcobs_profile_orig
-94.636612,19.722269,2025-06-13,20250617,36,qcobs_profile_orig
-92.793060,20.630970,2025-06-13,20250617,40,qcobs_profile_orig
-88.636803,24.456270,2025-06-13,20250617,41,qcobs_profile_orig
-91.549812,26.445641,2025-06-13,20250617,41,qcobs_profile_orig
-96.521049,22.536970,2025-06-13,20250617,41,qcobs_profile_orig
-94.348007,20.181721,2025-06-14,20250617,37,qcobs_profile_orig
-94.442642,19.858049,2025-06-14,20250617,34,qcobs_profile_orig
-89.376038,28.151930,2025-06-14,20250617,31,qcobs_profile_orig
-88.168259,27.145000,2025-06-14,20250617,41,qcobs_profile_orig
-93.449348,25.078911,2025-06-14,20250617,41,qcobs_profile_orig
-88.700523,26.878611,2025-06-14,20250617,41,qcobs_profile_orig
-87.386147,27.900471,2025-06-14,20250617,41,qcobs_profile_orig
-89.953072,26.977720,2025-06-15,20250617,41,qcobs_profile_orig
-80.564453,23.844740,2025-06-15,20250617,31,qcobs_profile_orig
-87.236931,25.467119,2025-06-15,20250617,40,qcobs_profile_orig
-88.259697,26.698500,2025-06-15,20250617,40,qcobs_profile_orig
-94.185600,25.802999,2025-06-16,20250617,35,qcobs_profile_orig
-81.165108,23.649340,2025-06-16,20250617,34,qcobs_profile_orig
-84.126991,24.268089,2025-06-16,20250617,38,qcobs_profile_orig
-90.574089,27.206070,2025-06-16,20250617,35,qcobs_profile_orig
-96.440323,24.257910,2025-06-16,20250617,35,qcobs_profile_orig
-90.101768,26.675289,2025-06-17,20250617,41,qcobs_profile_orig
-89.493233,27.735130,2025-06-17,20250617,33,qcobs_profile_orig
-88.586670,25.897751,2025-06-17,20250617,41,qcobs_profile_orig
-84.101532,23.698950,2025-06-17,20250617,41,qcobs_profile_orig
-89.055893,25.502859,2025-06-17,20250617,41,qcobs_profile_orig
-87.894737,26.163931,2025-06-17,20250617,41,qcobs_profile_orig
-87.814438,28.125151,2025-06-17,20250617,41,qcobs_profile_orig
-94.616402,19.887159,2025-06-18,20250617,40,qcobs_profile_orig
-92.806137,20.707291,2025-06-18,20250617,38,qcobs_profile_orig
-88.573692,24.584650,2025-06-18,20250617,41,qcobs_profile_orig
-91.596268,26.396370,2025-06-18,20250617,41,qcobs_profile_orig
-96.579361,22.588249,2025-06-18,20250617,41,qcobs_profile_orig
-79.343613,20.099417,2025-06-18,20250617,41,qcobs_profile_orig
-94.295837,20.356199,2025-06-19,20250617,39,qcobs_profile_orig
-89.369843,28.158960,2025-06-19,20250617,31,qcobs_profile_orig
-87.550461,27.624750,2025-06-19,20250617,41,qcobs_profile_orig
-93.182617,25.266609,2025-06-19,20250617,41,qcobs_profile_orig
-88.184349,26.990650,2025-06-19,20250617,41,qcobs_profile_orig
-94.447220,19.858490,2025-06-20,20250617,34,qcobs_profile_orig
-89.544724,27.114531,2025-06-20,20250617,41,qcobs_profile_orig
-80.544113,23.897409,2025-06-20,20250617,30,qcobs_profile_orig
-84.408951,24.365339,2025-06-20,20250617,31,qcobs_profile_orig
-87.602074,28.037640,2025-06-20,20250617,41,qcobs_profile_orig
-82.570381,19.132870,2025-06-20,20250617,41,qcobs_profile_orig
-89.823601,24.836500,2025-06-20,20250617,39,qcobs_profile_orig
-81.107567,23.660200,2025-06-21,20250617,34,qcobs_profile_orig
-83.994377,24.458040,2025-06-21,20250617,39,qcobs_profile_orig
-90.649834,27.170980,2025-06-21,20250617,36,qcobs_profile_orig
-87.172493,25.695210,2025-06-21,20250617,40,qcobs_profile_orig
-96.268723,24.248510,2025-06-21,20250617,39,qcobs_profile_orig
-85.540138,18.540920,2025-06-21,20250617,41,qcobs_profile_orig
-94.348007,20.181721,2025-06-14,20250618,37,qcobs_profile_orig
-94.442642,19.858049,2025-06-14,20250618,34,qcobs_profile_orig
-89.376038,28.151930,2025-06-14,20250618,31,qcobs_profile_orig
-88.168259,27.145000,2025-06-14,20250618,41,qcobs_profile_orig
-93.449348,25.078911,2025-06-14,20250618,41,qcobs_profile_orig
-88.700523,26.878611,2025-06-14,20250618,41,qcobs_profile_orig
-87.386147,27.900471,2025-06-14,20250618,41,qcobs_profile_orig
-89.953072,26.977720,2025-06-15,20250618,41,qcobs_profile_orig
-80.564453,23.844740,2025-06-15,20250618,31,qcobs_profile_orig
-87.236931,25.467119,2025-06-15,20250618,40,qcobs_profile_orig
-88.259697,26.698500,2025-06-15,20250618,40,qcobs_profile_orig
-94.185600,25.802999,2025-06-16,20250618,35,qcobs_profile_orig
-81.165108,23.649340,2025-06-16,20250618,34,qcobs_profile_orig
-84.126991,24.268089,2025-06-16,20250618,38,qcobs_profile_orig
-90.574089,27.206070,2025-06-16,20250618,35,qcobs_profile_orig
-96.440323,24.257910,2025-06-16,20250618,35,qcobs_profile_orig
-90.101768,26.675289,2025-06-17,20250618,41,qcobs_profile_orig
-89.493233,27.735130,2025-06-17,20250618,33,qcobs_profile_orig
-88.586670,25.897751,2025-06-17,20250618,41,qcobs_profile_orig
-84.101532,23.698950,2025-06-17,20250618,41,qcobs_profile_orig
-89.055893,25.502859,2025-06-17,20250618,41,qcobs_profile_orig
-87.894737,26.163931,2025-06-17,20250618,41,qcobs_profile_orig
-87.814438,28.125151,2025-06-17,20250618,41,qcobs_profile_orig
-94.616402,19.887159,2025-06-18,20250618,40,qcobs_profile_orig
-92.806137,20.707291,2025-06-18,20250618,38,qcobs_profile_orig
-88.573692,24.584650,2025-06-18,20250618,41,qcobs_profile_orig
-91.596268,26.396370,2025-06-18,20250618,41,qcobs_profile_orig
-96.579361,22.588249,2025-06-18,20250618,41,qcobs_profile_orig
-79.343613,20.099417,2025-06-18,20250618,41,qcobs_profile_orig
-94.295837,20.356199,2025-06-19,20250618,39,qcobs_profile_orig
-89.369843,28.158960,2025-06-19,20250618,31,qcobs_profile_orig
-87.550461,27.624750,2025-06-19,20250618,41,qcobs_profile_orig
-93.182617,25.266609,2025-06-19,20250618,41,qcobs_profile_orig
-88.184349,26.990650,2025-06-19,20250618,41,qcobs_profile_orig
-94.447220,19.858490,2025-06-20,20250618,34,qcobs_profile_orig
-89.544724,27.114531,2025-06-20,20250618,41,qcobs_profile_orig
-80.544113,23.897409,2025-06-20,20250618,30,qcobs_profile_orig
-84.408951,24.365339,2025-06-20,20250618,31,qcobs_profile_orig
-87.602074,28.037640,2025-06-20,20250618,41,qcobs_profile_orig
-82.570381,19.132870,2025-06-20,20250618,41,qcobs_profile_orig
-89.823601,24.836500,2025-06-20,20250618,39,qcobs_profile_orig
-81.107567,23.660200,2025-06-21,20250618,34,qcobs_profile_orig
-83.994377,24.458040,2025-06-21,20250618,39,qcobs_profile_orig
-90.649834,27.170980,2025-06-21,20250618,36,qcobs_profile_orig
-87.172493,25.695210,2025-06-21,20250618,40,qcobs_profile_orig
-96.268723,24.248510,2025-06-21,20250618,39,qcobs_profile_orig
-85.540138,18.540920,2025-06-21,20250618,41,qcobs_profile_orig
-89.795540,26.779039,2025-06-22,20250618,41,qcobs_profile_orig
-89.498077,27.746611,2025-06-22,20250618,33,qcobs_profile_orig
-84.392670,24.544439,2025-06-22,20250618,31,qcobs_profile_orig
-88.815331,26.000629,2025-06-22,20250618,41,qcobs_profile_orig
-84.203049,23.811600,2025-06-22,20250618,41,qcobs_profile_orig
-89.189323,25.700760,2025-06-22,20250618,41,qcobs_profile_orig
-87.728996,26.424459,2025-06-22,20250618,41,qcobs_profile_orig
-88.002380,28.107771,2025-06-22,20250618,41,qcobs_profile_orig
-89.953072,26.977720,2025-06-15,20250619,41,qcobs_profile_orig
-80.564453,23.844740,2025-06-15,20250619,31,qcobs_profile_orig
-87.236931,25.467119,2025-06-15,20250619,40,qcobs_profile_orig
-88.259697,26.698500,2025-06-15,20250619,40,qcobs_profile_orig
-94.185600,25.802999,2025-06-16,20250619,35,qcobs_profile_orig
-81.165108,23.649340,2025-06-16,20250619,34,qcobs_profile_orig
-84.126991,24.268089,2025-06-16,20250619,38,qcobs_profile_orig
-90.574089,27.206070,2025-06-16,20250619,35,qcobs_profile_orig
-96.440323,24.257910,2025-06-16,20250619,35,qcobs_profile_orig
-90.101768,26.675289,2025-06-17,20250619,41,qcobs_profile_orig
-89.493233,27.735130,2025-06-17,20250619,33,qcobs_profile_orig
-88.586670,25.897751,2025-06-17,20250619,41,qcobs_profile_orig
-84.101532,23.698950,2025-06-17,20250619,41,qcobs_profile_orig
-89.055893,25.502859,2025-06-17,20250619,41,qcobs_profile_orig
-87.894737,26.163931,2025-06-17,20250619,41,qcobs_profile_orig
-87.814438,28.125151,2025-06-17,20250619,41,qcobs_profile_orig
-94.616402,19.887159,2025-06-18,20250619,40,qcobs_profile_orig
-92.806137,20.707291,2025-06-18,20250619,38,qcobs_profile_orig
-88.573692,24.584650,2025-06-18,20250619,41,qcobs_profile_orig
-91.596268,26.396370,2025-06-18,20250619,41,qcobs_profile_orig
-96.579361,22.588249,2025-06-18,20250619,41,qcobs_profile_orig
-79.343613,20.099417,2025-06-18,20250619,41,qcobs_profile_orig
-94.295837,20.356199,2025-06-19,20250619,39,qcobs_profile_orig
-89.369843,28.158960,2025-06-19,20250619,31,qcobs_profile_orig
-87.550461,27.624750,2025-06-19,20250619,41,qcobs_profile_orig
-93.182617,25.266609,2025-06-19,20250619,41,qcobs_profile_orig
-88.184349,26.990650,2025-06-19,20250619,41,qcobs_profile_orig
-94.447220,19.858490,2025-06-20,20250619,34,qcobs_profile_orig
-89.544724,27.114531,2025-06-20,20250619,41,qcobs_profile_orig
-80.544113,23.897409,2025-06-20,20250619,30,qcobs_profile_orig
-84.408951,24.365339,2025-06-20,20250619,31,qcobs_profile_orig
-87.602074,28.037640,2025-06-20,20250619,41,qcobs_profile_orig
-82.570381,19.132870,2025-06-20,20250619,41,qcobs_profile_orig
-89.823601,24.836500,2025-06-20,20250619,39,qcobs_profile_orig
-81.107567,23.660200,2025-06-21,20250619,34,qcobs_profile_orig
-83.994377,24.458040,2025-06-21,20250619,39,qcobs_profile_orig
-90.649834,27.170980,2025-06-21,20250619,36,qcobs_profile_orig
-87.172493,25.695210,2025-06-21,20250619,40,qcobs_profile_orig
-96.268723,24.248510,2025-06-21,20250619,39,qcobs_profile_orig
-85.540138,18.540920,2025-06-21,20250619,41,qcobs_profile_orig
-89.795540,26.779039,2025-06-22,20250619,41,qcobs_profile_orig
-89.498077,27.746611,2025-06-22,20250619,33,qcobs_profile_orig
-84.392670,24.544439,2025-06-22,20250619,31,qcobs_profile_orig
-88.815331,26.000629,2025-06-22,20250619,41,qcobs_profile_orig
-84.203049,23.811600,2025-06-22,20250619,41,qcobs_profile_orig
-89.189323,25.700760,2025-06-22,20250619,41,qcobs_profile_orig
-87.728996,26.424459,2025-06-22,20250619,41,qcobs_profile_orig
-88.002380,28.107771,2025-06-22,20250619,41,qcobs_profile_orig
-89.776497,26.703699,2025-06-23,20250619,36,qcobs_profile_orig
-94.521629,20.005409,2025-06-23,20250619,41,qcobs_profile_orig
-89.347252,28.164101,2025-06-23,20250619,31,qcobs_profile_orig
-92.712151,20.694099,2025-06-23,20250619,41,qcobs_profile_orig
-88.617287,24.620060,2025-06-23,20250619,41,qcobs_profile_orig
-91.568680,26.383200,2025-06-23,20250619,41,qcobs_profile_orig
-96.539047,22.771721,2025-06-23,20250619,41,qcobs_profile_orig
-94.185600,25.802999,2025-06-16,20250620,35,qcobs_profile_orig
-81.165108,23.649340,2025-06-16,20250620,34,qcobs_profile_orig
-84.126991,24.268089,2025-06-16,20250620,38,qcobs_profile_orig
-90.574089,27.206070,2025-06-16,20250620,35,qcobs_profile_orig
-96.440323,24.257910,2025-06-16,20250620,35,qcobs_profile_orig
-90.101768,26.675289,2025-06-17,20250620,41,qcobs_profile_orig
-89.493233,27.735130,2025-06-17,20250620,33,qcobs_profile_orig
-88.586670,25.897751,2025-06-17,20250620,41,qcobs_profile_orig
-84.101532,23.698950,2025-06-17,20250620,41,qcobs_profile_orig
-89.055893,25.502859,2025-06-17,20250620,41,qcobs_profile_orig
-87.894737,26.163931,2025-06-17,20250620,41,qcobs_profile_orig
-87.814438,28.125151,2025-06-17,20250620,41,qcobs_profile_orig
-94.616402,19.887159,2025-06-18,20250620,40,qcobs_profile_orig
-92.806137,20.707291,2025-06-18,20250620,38,qcobs_profile_orig
-88.573692,24.584650,2025-06-18,20250620,41,qcobs_profile_orig
-91.596268,26.396370,2025-06-18,20250620,41,qcobs_profile_orig
-96.579361,22.588249,2025-06-18,20250620,41,qcobs_profile_orig
-79.343613,20.099417,2025-06-18,20250620,41,qcobs_profile_orig
-94.295837,20.356199,2025-06-19,20250620,39,qcobs_profile_orig
-89.369843,28.158960,2025-06-19,20250620,31,qcobs_profile_orig
-87.550461,27.624750,2025-06-19,20250620,41,qcobs_profile_orig
-93.182617,25.266609,2025-06-19,20250620,41,qcobs_profile_orig
-88.184349,26.990650,2025-06-19,20250620,41,qcobs_profile_orig
-94.447220,19.858490,2025-06-20,20250620,34,qcobs_profile_orig
-89.544724,27.114531,2025-06-20,20250620,41,qcobs_profile_orig
-80.544113,23.897409,2025-06-20,20250620,30,qcobs_profile_orig
-84.408951,24.365339,2025-06-20,20250620,31,qcobs_profile_orig
-87.602074,28.037640,2025-06-20,20250620,41,qcobs_profile_orig
-82.570381,19.132870,2025-06-20,20250620,41,qcobs_profile_orig
-89.823601,24.836500,2025-06-20,20250620,39,qcobs_profile_orig
-81.107567,23.660200,2025-06-21,20250620,34,qcobs_profile_orig
-83.994377,24.458040,2025-06-21,20250620,39,qcobs_profile_orig
-90.649834,27.170980,2025-06-21,20250620,36,qcobs_profile_orig
-87.172493,25.695210,2025-06-21,20250620,40,qcobs_profile_orig
-96.268723,24.248510,2025-06-21,20250620,39,qcobs_profile_orig
-85.540138,18.540920,2025-06-21,20250620,41,qcobs_profile_orig
-89.795540,26.779039,2025-06-22,20250620,41,qcobs_profile_orig
-89.498077,27.746611,2025-06-22,20250620,33,qcobs_profile_orig
-84.392670,24.544439,2025-06-22,20250620,31,qcobs_profile_orig
-88.815331,26.000629,2025-06-22,20250620,41,qcobs_profile_orig
-84.203049,23.811600,2025-06-22,20250620,41,qcobs_profile_orig
-89.189323,25.700760,2025-06-22,20250620,41,qcobs_profile_orig
-87.728996,26.424459,2025-06-22,20250620,41,qcobs_profile_orig
-88.002380,28.107771,2025-06-22,20250620,41,qcobs_profile_orig
-89.776497,26.703699,2025-06-23,20250620,36,qcobs_profile_orig
-94.521629,20.005409,2025-06-23,20250620,41,qcobs_profile_orig
-89.347252,28.164101,2025-06-23,20250620,31,qcobs_profile_orig
-92.712151,20.694099,2025-06-23,20250620,41,qcobs_profile_orig
-88.617287,24.620060,2025-06-23,20250620,41,qcobs_profile_orig
-91.568680,26.383200,2025-06-23,20250620,41,qcobs_profile_orig
-96.539047,22.771721,2025-06-23,20250620,41,qcobs_profile_orig
-94.152893,20.502819,2025-06-24,20250620,41,qcobs_profile_orig
-88.084473,27.303949,2025-06-24,20250620,41,qcobs_profile_orig
-92.691887,25.189171,2025-06-24,20250620,41,qcobs_profile_orig
-88.181282,26.582769,2025-06-24,20250620,41,qcobs_profile_orig
-90.101768,26.675289,2025-06-17,20250621,41,qcobs_profile_orig
-89.493233,27.735130,2025-06-17,20250621,33,qcobs_profile_orig
-88.586670,25.897751,2025-06-17,20250621,41,qcobs_profile_orig
-84.101532,23.698950,2025-06-17,20250621,41,qcobs_profile_orig
-89.055893,25.502859,2025-06-17,20250621,41,qcobs_profile_orig
-87.894737,26.163931,2025-06-17,20250621,41,qcobs_profile_orig
-87.814438,28.125151,2025-06-17,20250621,41,qcobs_profile_orig
-94.616402,19.887159,2025-06-18,20250621,40,qcobs_profile_orig
-92.806137,20.707291,2025-06-18,20250621,38,qcobs_profile_orig
-88.573692,24.584650,2025-06-18,20250621,41,qcobs_profile_orig
-91.596268,26.396370,2025-06-18,20250621,41,qcobs_profile_orig
-96.579361,22.588249,2025-06-18,20250621,41,qcobs_profile_orig
-79.343613,20.099417,2025-06-18,20250621,41,qcobs_profile_orig
-94.295837,20.356199,2025-06-19,20250621,39,qcobs_profile_orig
-89.369843,28.158960,2025-06-19,20250621,31,qcobs_profile_orig
-87.550461,27.624750,2025-06-19,20250621,41,qcobs_profile_orig
-93.182617,25.266609,2025-06-19,20250621,41,qcobs_profile_orig
-88.184349,26.990650,2025-06-19,20250621,41,qcobs_profile_orig
-94.447220,19.858490,2025-06-20,20250621,34,qcobs_profile_orig
-89.544724,27.114531,2025-06-20,20250621,41,qcobs_profile_orig
-80.544113,23.897409,2025-06-20,20250621,30,qcobs_profile_orig
-84.408951,24.365339,2025-06-20,20250621,31,qcobs_profile_orig
-87.602074,28.037640,2025-06-20,20250621,41,qcobs_profile_orig
-82.570381,19.132870,2025-06-20,20250621,41,qcobs_profile_orig
-89.823601,24.836500,2025-06-20,20250621,39,qcobs_profile_orig
-81.107567,23.660200,2025-06-21,20250621,34,qcobs_profile_orig
-83.994377,24.458040,2025-06-21,20250621,39,qcobs_profile_orig
-90.649834,27.170980,2025-06-21,20250621,36,qcobs_profile_orig
-87.172493,25.695210,2025-06-21,20250621,40,qcobs_profile_orig
-96.268723,24.248510,2025-06-21,20250621,39,qcobs_profile_orig
-85.540138,18.540920,2025-06-21,20250621,41,qcobs_profile_orig
-89.795540,26.779039,2025-06-22,20250621,41,qcobs_profile_orig
-89.498077,27.746611,2025-06-22,20250621,33,qcobs_profile_orig
-84.392670,24.544439,2025-06-22,20250621,31,qcobs_profile_orig
-88.815331,26.000629,2025-06-22,20250621,41,qcobs_profile_orig
-84.203049,23.811600,2025-06-22,20250621,41,qcobs_profile_orig
-89.189323,25.700760,2025-06-22,20250621,41,qcobs_profile_orig
-87.728996,26.424459,2025-06-22,20250621,41,qcobs_profile_orig
-88.002380,28.107771,2025-06-22,20250621,41,qcobs_profile_orig
-89.776497,26.703699,2025-06-23,20250621,36,qcobs_profile_orig
-94.521629,20.005409,2025-06-23,20250621,41,qcobs_profile_orig
-89.347252,28.164101,2025-06-23,20250621,31,qcobs_profile_orig
-92.712151,20.694099,2025-06-23,20250621,41,qcobs_profile_orig
-88.617287,24.620060,2025-06-23,20250621,41,qcobs_profile_orig
-91.568680,26.383200,2025-06-23,20250621,41,qcobs_profile_orig
-96.539047,22.771721,2025-06-23,20250621,41,qcobs_profile_orig
-94.152893,20.502819,2025-06-24,20250621,41,qcobs_profile_orig
-88.084473,27.303949,2025-06-24,20250621,41,qcobs_profile_orig
-92.691887,25.189171,2025-06-24,20250621,41,qcobs_profile_orig
-88.181282,26.582769,2025-06-24,20250621,41,qcobs_profile_orig
-94.467560,19.827200,2025-06-25,20250621,35,qcobs_profile_orig
-89.477013,27.196739,2025-06-25,20250621,41,qcobs_profile_orig
-80.497581,23.982630,2025-06-25,20250621,27,qcobs_profile_orig
-87.828560,27.997850,2025-06-25,20250621,41,qcobs_profile_orig
-87.764000,27.643499,2025-06-25,20250621,40,qcobs_profile_orig
-94.616402,19.887159,2025-06-18,20250622,40,qcobs_profile_orig
-92.806137,20.707291,2025-06-18,20250622,38,qcobs_profile_orig
-88.573692,24.584650,2025-06-18,20250622,41,qcobs_profile_orig
-91.596268,26.396370,2025-06-18,20250622,41,qcobs_profile_orig
-96.579361,22.588249,2025-06-18,20250622,41,qcobs_profile_orig
-79.343613,20.099417,2025-06-18,20250622,41,qcobs_profile_orig
-94.295837,20.356199,2025-06-19,20250622,39,qcobs_profile_orig
-89.369843,28.158960,2025-06-19,20250622,31,qcobs_profile_orig
-87.550461,27.624750,2025-06-19,20250622,41,qcobs_profile_orig
-93.182617,25.266609,2025-06-19,20250622,41,qcobs_profile_orig
-88.184349,26.990650,2025-06-19,20250622,41,qcobs_profile_orig
-94.447220,19.858490,2025-06-20,20250622,34,qcobs_profile_orig
-89.544724,27.114531,2025-06-20,20250622,41,qcobs_profile_orig
-80.544113,23.897409,2025-06-20,20250622,30,qcobs_profile_orig
-84.408951,24.365339,2025-06-20,20250622,31,qcobs_profile_orig
-87.602074,28.037640,2025-06-20,20250622,41,qcobs_profile_orig
-82.570381,19.132870,2025-06-20,20250622,41,qcobs_profile_orig
-89.823601,24.836500,2025-06-20,20250622,39,qcobs_profile_orig
-81.107567,23.660200,2025-06-21,20250622,34,qcobs_profile_orig
-83.994377,24.458040,2025-06-21,20250622,39,qcobs_profile_orig
-90.649834,27.170980,2025-06-21,20250622,36,qcobs_profile_orig
-87.172493,25.695210,2025-06-21,20250622,40,qcobs_profile_orig
-96.268723,24.248510,2025-06-21,20250622,39,qcobs_profile_orig
-85.540138,18.540920,2025-06-21,20250622,41,qcobs_profile_orig
-89.795540,26.779039,2025-06-22,20250622,41,qcobs_profile_orig
-89.498077,27.746611,2025-06-22,20250622,33,qcobs_profile_orig
-84.392670,24.544439,2025-06-22,20250622,31,qcobs_profile_orig
-88.815331,26.000629,2025-06-22,20250622,41,qcobs_profile_orig
-84.203049,23.811600,2025-06-22,20250622,41,qcobs_profile_orig
-89.189323,25.700760,2025-06-22,20250622,41,qcobs_profile_orig
-87.728996,26.424459,2025-06-22,20250622,41,qcobs_profile_orig
-88.002380,28.107771,2025-06-22,20250622,41,qcobs_profile_orig
-89.776497,26.703699,2025-06-23,20250622,36,qcobs_profile_orig
-94.521629,20.005409,2025-06-23,20250622,41,qcobs_profile_orig
-89.347252,28.164101,2025-06-23,20250622,31,qcobs_profile_orig
-92.712151,20.694099,2025-06-23,20250622,41,qcobs_profile_orig
-88.617287,24.620060,2025-06-23,20250622,41,qcobs_profile_orig
-91.568680,26.383200,2025-06-23,20250622,41,qcobs_profile_orig
-96.539047,22.771721,2025-06-23,20250622,41,qcobs_profile_orig
-94.152893,20.502819,2025-06-24,20250622,41,qcobs_profile_orig
-88.084473,27.303949,2025-06-24,20250622,41,qcobs_profile_orig
-92.691887,25.189171,2025-06-24,20250622,41,qcobs_profile_orig
-88.181282,26.582769,2025-06-24,20250622,41,qcobs_profile_orig
-94.467560,19.827200,2025-06-25,20250622,35,qcobs_profile_orig
-89.477013,27.196739,2025-06-25,20250622,41,qcobs_profile_orig
-80.497581,23.982630,2025-06-25,20250622,27,qcobs_profile_orig
-87.828560,27.997850,2025-06-25,20250622,41,qcobs_profile_orig
-87.764000,27.643499,2025-06-25,20250622,40,qcobs_profile_orig
-94.134102,26.068100,2025-06-26,20250622,35,qcobs_profile_orig
-81.119171,23.644979,2025-06-26,20250622,34,qcobs_profile_orig
-84.109009,24.405390,2025-06-26,20250622,41,qcobs_profile_orig
-90.704582,27.075451,2025-06-26,20250622,37,qcobs_profile_orig
-86.920578,25.395081,2025-06-26,20250622,40,qcobs_profile_orig
-94.295837,20.356199,2025-06-19,20250623,39,qcobs_profile_orig
-89.369843,28.158960,2025-06-19,20250623,31,qcobs_profile_orig
-87.550461,27.624750,2025-06-19,20250623,41,qcobs_profile_orig
-93.182617,25.266609,2025-06-19,20250623,41,qcobs_profile_orig
-88.184349,26.990650,2025-06-19,20250623,41,qcobs_profile_orig
-94.447220,19.858490,2025-06-20,20250623,34,qcobs_profile_orig
-89.544724,27.114531,2025-06-20,20250623,41,qcobs_profile_orig
-80.544113,23.897409,2025-06-20,20250623,30,qcobs_profile_orig
-84.408951,24.365339,2025-06-20,20250623,31,qcobs_profile_orig
-87.602074,28.037640,2025-06-20,20250623,41,qcobs_profile_orig
-82.570381,19.132870,2025-06-20,20250623,41,qcobs_profile_orig
-89.823601,24.836500,2025-06-20,20250623,39,qcobs_profile_orig
-81.107567,23.660200,2025-06-21,20250623,34,qcobs_profile_orig
-83.994377,24.458040,2025-06-21,20250623,39,qcobs_profile_orig
-90.649834,27.170980,2025-06-21,20250623,36,qcobs_profile_orig
-87.172493,25.695210,2025-06-21,20250623,40,qcobs_profile_orig
-96.268723,24.248510,2025-06-21,20250623,39,qcobs_profile_orig
-85.540138,18.540920,2025-06-21,20250623,41,qcobs_profile_orig
-89.795540,26.779039,2025-06-22,20250623,41,qcobs_profile_orig
-89.498077,27.746611,2025-06-22,20250623,33,qcobs_profile_orig
-84.392670,24.544439,2025-06-22,20250623,31,qcobs_profile_orig
-88.815331,26.000629,2025-06-22,20250623,41,qcobs_profile_orig
-84.203049,23.811600,2025-06-22,20250623,41,qcobs_profile_orig
-89.189323,25.700760,2025-06-22,20250623,41,qcobs_profile_orig
-87.728996,26.424459,2025-06-22,20250623,41,qcobs_profile_orig
-88.002380,28.107771,2025-06-22,20250623,41,qcobs_profile_orig
-89.776497,26.703699,2025-06-23,20250623,36,qcobs_profile_orig
-94.521629,20.005409,2025-06-23,20250623,41,qcobs_profile_orig
-89.347252,28.164101,2025-06-23,20250623,31,qcobs_profile_orig
-92.712151,20.694099,2025-06-23,20250623,41,qcobs_profile_orig
-88.617287,24.620060,2025-06-23,20250623,41,qcobs_profile_orig
-91.568680,26.383200,2025-06-23,20250623,41,qcobs_profile_orig
-96.539047,22.771721,2025-06-23,20250623,41,qcobs_profile_orig
-94.152893,20.502819,2025-06-24,20250623,41,qcobs_profile_orig
-88.084473,27.303949,2025-06-24,20250623,41,qcobs_profile_orig
-92.691887,25.189171,2025-06-24,20250623,41,qcobs_profile_orig
-88.181282,26.582769,2025-06-24,20250623,41,qcobs_profile_orig
-94.467560,19.827200,2025-06-25,20250623,35,qcobs_profile_orig
-89.477013,27.196739,2025-06-25,20250623,41,qcobs_profile_orig
-80.497581,23.982630,2025-06-25,20250623,27,qcobs_profile_orig
-87.828560,27.997850,2025-06-25,20250623,41,qcobs_profile_orig
-87.764000,27.643499,2025-06-25,20250623,40,qcobs_profile_orig
-94.134102,26.068100,2025-06-26,20250623,35,qcobs_profile_orig
-81.119171,23.644979,2025-06-26,20250623,34,qcobs_profile_orig
-84.109009,24.405390,2025-06-26,20250623,41,qcobs_profile_orig
-90.704582,27.075451,2025-06-26,20250623,37,qcobs_profile_orig
-86.920578,25.395081,2025-06-26,20250623,40,qcobs_profile_orig
-94.461807,20.084261,2025-06-27,20250623,40,qcobs_profile_orig
-89.679291,27.015869,2025-06-27,20250623,41,qcobs_profile_orig
-89.507477,27.760900,2025-06-27,20250623,33,qcobs_profile_orig
-84.764297,24.807831,2025-06-27,20250623,40,qcobs_profile_orig
-88.652992,25.954100,2025-06-27,20250623,41,qcobs_profile_orig
-84.421982,24.032480,2025-06-27,20250623,41,qcobs_profile_orig
-89.216270,25.829420,2025-06-27,20250623,41,qcobs_profile_orig
-87.655899,27.240391,2025-06-27,20250623,41,qcobs_profile_orig
-87.897560,28.098841,2025-06-27,20250623,41,qcobs_profile_orig
-96.172447,24.052090,2025-06-27,20250623,40,qcobs_profile_orig
-94.447220,19.858490,2025-06-20,20250624,34,qcobs_profile_orig
-89.544724,27.114531,2025-06-20,20250624,41,qcobs_profile_orig
-80.544113,23.897409,2025-06-20,20250624,30,qcobs_profile_orig
-84.408951,24.365339,2025-06-20,20250624,31,qcobs_profile_orig
-87.602074,28.037640,2025-06-20,20250624,41,qcobs_profile_orig
-82.570381,19.132870,2025-06-20,20250624,41,qcobs_profile_orig
-89.823601,24.836500,2025-06-20,20250624,39,qcobs_profile_orig
-81.107567,23.660200,2025-06-21,20250624,34,qcobs_profile_orig
-83.994377,24.458040,2025-06-21,20250624,39,qcobs_profile_orig
-90.649834,27.170980,2025-06-21,20250624,36,qcobs_profile_orig
-87.172493,25.695210,2025-06-21,20250624,40,qcobs_profile_orig
-96.268723,24.248510,2025-06-21,20250624,39,qcobs_profile_orig
-85.540138,18.540920,2025-06-21,20250624,41,qcobs_profile_orig
-89.795540,26.779039,2025-06-22,20250624,41,qcobs_profile_orig
-89.498077,27.746611,2025-06-22,20250624,33,qcobs_profile_orig
-84.392670,24.544439,2025-06-22,20250624,31,qcobs_profile_orig
-88.815331,26.000629,2025-06-22,20250624,41,qcobs_profile_orig
-84.203049,23.811600,2025-06-22,20250624,41,qcobs_profile_orig
-89.189323,25.700760,2025-06-22,20250624,41,qcobs_profile_orig
-87.728996,26.424459,2025-06-22,20250624,41,qcobs_profile_orig
-88.002380,28.107771,2025-06-22,20250624,41,qcobs_profile_orig
-89.776497,26.703699,2025-06-23,20250624,36,qcobs_profile_orig
-94.521629,20.005409,2025-06-23,20250624,41,qcobs_profile_orig
-89.347252,28.164101,2025-06-23,20250624,31,qcobs_profile_orig
-92.712151,20.694099,2025-06-23,20250624,41,qcobs_profile_orig
-88.617287,24.620060,2025-06-23,20250624,41,qcobs_profile_orig
-91.568680,26.383200,2025-06-23,20250624,41,qcobs_profile_orig
-96.539047,22.771721,2025-06-23,20250624,41,qcobs_profile_orig
-94.152893,20.502819,2025-06-24,20250624,41,qcobs_profile_orig
-88.084473,27.303949,2025-06-24,20250624,41,qcobs_profile_orig
-92.691887,25.189171,2025-06-24,20250624,41,qcobs_profile_orig
-88.181282,26.582769,2025-06-24,20250624,41,qcobs_profile_orig
-94.467560,19.827200,2025-06-25,20250624,35,qcobs_profile_orig
-89.477013,27.196739,2025-06-25,20250624,41,qcobs_profile_orig
-80.497581,23.982630,2025-06-25,20250624,27,qcobs_profile_orig
-87.828560,27.997850,2025-06-25,20250624,41,qcobs_profile_orig
-87.764000,27.643499,2025-06-25,20250624,40,qcobs_profile_orig
-94.134102,26.068100,2025-06-26,20250624,35,qcobs_profile_orig
-81.119171,23.644979,2025-06-26,20250624,34,qcobs_profile_orig
-84.109009,24.405390,2025-06-26,20250624,41,qcobs_profile_orig
-90.704582,27.075451,2025-06-26,20250624,37,qcobs_profile_orig
-86.920578,25.395081,2025-06-26,20250624,40,qcobs_profile_orig
-94.461807,20.084261,2025-06-27,20250624,40,qcobs_profile_orig
-89.679291,27.015869,2025-06-27,20250624,41,qcobs_profile_orig
-89.507477,27.760900,2025-06-27,20250624,33,qcobs_profile_orig
-84.764297,24.807831,2025-06-27,20250624,40,qcobs_profile_orig
-88.652992,25.954100,2025-06-27,20250624,41,qcobs_profile_orig
-84.421982,24.032480,2025-06-27,20250624,41,qcobs_profile_orig
-89.216270,25.829420,2025-06-27,20250624,41,qcobs_profile_orig
-87.655899,27.240391,2025-06-27,20250624,41,qcobs_profile_orig
-87.897560,28.098841,2025-06-27,20250624,41,qcobs_profile_orig
-96.172447,24.052090,2025-06-27,20250624,40,qcobs_profile_orig
-89.323120,28.169559,2025-06-28,20250624,31,qcobs_profile_orig
-92.604958,20.659691,2025-06-28,20250624,41,qcobs_profile_orig
-88.567627,24.668650,2025-06-28,20250624,41,qcobs_profile_orig
-91.372269,26.258390,2025-06-28,20250624,41,qcobs_profile_orig
-96.626411,22.780560,2025-06-28,20250624,41,qcobs_profile_orig
-79.248970,20.034565,2025-06-28,20250624,40,qcobs_profile_orig
-81.107567,23.660200,2025-06-21,20250625,34,qcobs_profile_orig
-83.994377,24.458040,2025-06-21,20250625,39,qcobs_profile_orig
-90.649834,27.170980,2025-06-21,20250625,36,qcobs_profile_orig
-87.172493,25.695210,2025-06-21,20250625,40,qcobs_profile_orig
-96.268723,24.248510,2025-06-21,20250625,39,qcobs_profile_orig
-85.540138,18.540920,2025-06-21,20250625,41,qcobs_profile_orig
-89.795540,26.779039,2025-06-22,20250625,41,qcobs_profile_orig
-89.498077,27.746611,2025-06-22,20250625,33,qcobs_profile_orig
-84.392670,24.544439,2025-06-22,20250625,31,qcobs_profile_orig
-88.815331,26.000629,2025-06-22,20250625,41,qcobs_profile_orig
-84.203049,23.811600,2025-06-22,20250625,41,qcobs_profile_orig
-89.189323,25.700760,2025-06-22,20250625,41,qcobs_profile_orig
-87.728996,26.424459,2025-06-22,20250625,41,qcobs_profile_orig
-88.002380,28.107771,2025-06-22,20250625,41,qcobs_profile_orig
-89.776497,26.703699,2025-06-23,20250625,36,qcobs_profile_orig
-94.521629,20.005409,2025-06-23,20250625,41,qcobs_profile_orig
-89.347252,28.164101,2025-06-23,20250625,31,qcobs_profile_orig
-92.712151,20.694099,2025-06-23,20250625,41,qcobs_profile_orig
-88.617287,24.620060,2025-06-23,20250625,41,qcobs_profile_orig
-91.568680,26.383200,2025-06-23,20250625,41,qcobs_profile_orig
-96.539047,22.771721,2025-06-23,20250625,41,qcobs_profile_orig
-94.152893,20.502819,2025-06-24,20250625,41,qcobs_profile_orig
-88.084473,27.303949,2025-06-24,20250625,41,qcobs_profile_orig
-92.691887,25.189171,2025-06-24,20250625,41,qcobs_profile_orig
-88.181282,26.582769,2025-06-24,20250625,41,qcobs_profile_orig
-94.467560,19.827200,2025-06-25,20250625,35,qcobs_profile_orig
-89.477013,27.196739,2025-06-25,20250625,41,qcobs_profile_orig
-80.497581,23.982630,2025-06-25,20250625,27,qcobs_profile_orig
-87.828560,27.997850,2025-06-25,20250625,41,qcobs_profile_orig
-87.764000,27.643499,2025-06-25,20250625,40,qcobs_profile_orig
-94.134102,26.068100,2025-06-26,20250625,35,qcobs_profile_orig
-81.119171,23.644979,2025-06-26,20250625,34,qcobs_profile_orig
-84.109009,24.405390,2025-06-26,20250625,41,qcobs_profile_orig
-90.704582,27.075451,2025-06-26,20250625,37,qcobs_profile_orig
-86.920578,25.395081,2025-06-26,20250625,40,qcobs_profile_orig
-94.461807,20.084261,2025-06-27,20250625,40,qcobs_profile_orig
-89.679291,27.015869,2025-06-27,20250625,41,qcobs_profile_orig
-89.507477,27.760900,2025-06-27,20250625,33,qcobs_profile_orig
-84.764297,24.807831,2025-06-27,20250625,40,qcobs_profile_orig
-88.652992,25.954100,2025-06-27,20250625,41,qcobs_profile_orig
-84.421982,24.032480,2025-06-27,20250625,41,qcobs_profile_orig
-89.216270,25.829420,2025-06-27,20250625,41,qcobs_profile_orig
-87.655899,27.240391,2025-06-27,20250625,41,qcobs_profile_orig
-87.897560,28.098841,2025-06-27,20250625,41,qcobs_profile_orig
-96.172447,24.052090,2025-06-27,20250625,40,qcobs_profile_orig
-89.323120,28.169559,2025-06-28,20250625,31,qcobs_profile_orig
-92.604958,20.659691,2025-06-28,20250625,41,qcobs_profile_orig
-88.567627,24.668650,2025-06-28,20250625,41,qcobs_profile_orig
-91.372269,26.258390,2025-06-28,20250625,41,qcobs_profile_orig
-96.626411,22.780560,2025-06-28,20250625,41,qcobs_profile_orig
-79.248970,20.034565,2025-06-28,20250625,40,qcobs_profile_orig
-94.037949,20.480040,2025-06-29,20250625,38,qcobs_profile_orig
-88.386559,26.780420,2025-06-29,20250625,41,qcobs_profile_orig
-92.547073,24.671080,2025-06-29,20250625,41,qcobs_profile_orig
-88.093498,26.730949,2025-06-29,20250625,41,qcobs_profile_orig
-89.795540,26.779039,2025-06-22,20250626,41,qcobs_profile_orig
-89.498077,27.746611,2025-06-22,20250626,33,qcobs_profile_orig
-84.392670,24.544439,2025-06-22,20250626,31,qcobs_profile_orig
-88.815331,26.000629,2025-06-22,20250626,41,qcobs_profile_orig
-84.203049,23.811600,2025-06-22,20250626,41,qcobs_profile_orig
-89.189323,25.700760,2025-06-22,20250626,41,qcobs_profile_orig
-87.728996,26.424459,2025-06-22,20250626,41,qcobs_profile_orig
-88.002380,28.107771,2025-06-22,20250626,41,qcobs_profile_orig
-89.776497,26.703699,2025-06-23,20250626,36,qcobs_profile_orig
-94.521629,20.005409,2025-06-23,20250626,41,qcobs_profile_orig
-89.347252,28.164101,2025-06-23,20250626,31,qcobs_profile_orig
-92.712151,20.694099,2025-06-23,20250626,41,qcobs_profile_orig
-88.617287,24.620060,2025-06-23,20250626,41,qcobs_profile_orig
-91.568680,26.383200,2025-06-23,20250626,41,qcobs_profile_orig
-96.539047,22.771721,2025-06-23,20250626,41,qcobs_profile_orig
-94.152893,20.502819,2025-06-24,20250626,41,qcobs_profile_orig
-88.084473,27.303949,2025-06-24,20250626,41,qcobs_profile_orig
-92.691887,25.189171,2025-06-24,20250626,41,qcobs_profile_orig
-88.181282,26.582769,2025-06-24,20250626,41,qcobs_profile_orig
-94.467560,19.827200,2025-06-25,20250626,35,qcobs_profile_orig
-89.477013,27.196739,2025-06-25,20250626,41,qcobs_profile_orig
-80.497581,23.982630,2025-06-25,20250626,27,qcobs_profile_orig
-87.828560,27.997850,2025-06-25,20250626,41,qcobs_profile_orig
-87.764000,27.643499,2025-06-25,20250626,40,qcobs_profile_orig
-94.134102,26.068100,2025-06-26,20250626,35,qcobs_profile_orig
-81.119171,23.644979,2025-06-26,20250626,34,qcobs_profile_orig
-84.109009,24.405390,2025-06-26,20250626,41,qcobs_profile_orig
-90.704582,27.075451,2025-06-26,20250626,37,qcobs_profile_orig
-86.920578,25.395081,2025-06-26,20250626,40,qcobs_profile_orig
-94.461807,20.084261,2025-06-27,20250626,40,qcobs_profile_orig
-89.679291,27.015869,2025-06-27,20250626,41,qcobs_profile_orig
-89.507477,27.760900,2025-06-27,20250626,33,qcobs_profile_orig
-84.764297,24.807831,2025-06-27,20250626,40,qcobs_profile_orig
-88.652992,25.954100,2025-06-27,20250626,41,qcobs_profile_orig
-84.421982,24.032480,2025-06-27,20250626,41,qcobs_profile_orig
-89.216270,25.829420,2025-06-27,20250626,41,qcobs_profile_orig
-87.655899,27.240391,2025-06-27,20250626,41,qcobs_profile_orig
-87.897560,28.098841,2025-06-27,20250626,41,qcobs_profile_orig
-96.172447,24.052090,2025-06-27,20250626,40,qcobs_profile_orig
-89.323120,28.169559,2025-06-28,20250626,31,qcobs_profile_orig
-92.604958,20.659691,2025-06-28,20250626,41,qcobs_profile_orig
-88.567627,24.668650,2025-06-28,20250626,41,qcobs_profile_orig
-91.372269,26.258390,2025-06-28,20250626,41,qcobs_profile_orig
-96.626411,22.780560,2025-06-28,20250626,41,qcobs_profile_orig
-79.248970,20.034565,2025-06-28,20250626,40,qcobs_profile_orig
-94.037949,20.480040,2025-06-29,20250626,38,qcobs_profile_orig
-88.386559,26.780420,2025-06-29,20250626,41,qcobs_profile_orig
-92.547073,24.671080,2025-06-29,20250626,41,qcobs_profile_orig
-88.093498,26.730949,2025-06-29,20250626,41,qcobs_profile_orig
-94.572533,19.672600,2025-06-30,20250626,36,qcobs_profile_orig
-89.538353,27.172979,2025-06-30,20250626,41,qcobs_profile_orig
-80.400970,24.127150,2025-06-30,20250626,29,qcobs_profile_orig
-87.641708,27.929461,2025-06-30,20250626,41,qcobs_profile_orig
-89.776497,26.703699,2025-06-23,20250627,36,qcobs_profile_orig
-94.521629,20.005409,2025-06-23,20250627,41,qcobs_profile_orig
-89.347252,28.164101,2025-06-23,20250627,31,qcobs_profile_orig
-92.712151,20.694099,2025-06-23,20250627,41,qcobs_profile_orig
-88.617287,24.620060,2025-06-23,20250627,41,qcobs_profile_orig
-91.568680,26.383200,2025-06-23,20250627,41,qcobs_profile_orig
-96.539047,22.771721,2025-06-23,20250627,41,qcobs_profile_orig
-94.152893,20.502819,2025-06-24,20250627,41,qcobs_profile_orig
-88.084473,27.303949,2025-06-24,20250627,41,qcobs_profile_orig
-92.691887,25.189171,2025-06-24,20250627,41,qcobs_profile_orig
-88.181282,26.582769,2025-06-24,20250627,41,qcobs_profile_orig
-94.467560,19.827200,2025-06-25,20250627,35,qcobs_profile_orig
-89.477013,27.196739,2025-06-25,20250627,41,qcobs_profile_orig
-80.497581,23.982630,2025-06-25,20250627,27,qcobs_profile_orig
-87.828560,27.997850,2025-06-25,20250627,41,qcobs_profile_orig
-87.764000,27.643499,2025-06-25,20250627,40,qcobs_profile_orig
-94.134102,26.068100,2025-06-26,20250627,35,qcobs_profile_orig
-81.119171,23.644979,2025-06-26,20250627,34,qcobs_profile_orig
-84.109009,24.405390,2025-06-26,20250627,41,qcobs_profile_orig
-90.704582,27.075451,2025-06-26,20250627,37,qcobs_profile_orig
-86.920578,25.395081,2025-06-26,20250627,40,qcobs_profile_orig
-94.461807,20.084261,2025-06-27,20250627,40,qcobs_profile_orig
-89.679291,27.015869,2025-06-27,20250627,41,qcobs_profile_orig
-89.507477,27.760900,2025-06-27,20250627,32,qcobs_profile_orig
-84.764297,24.807831,2025-06-27,20250627,40,qcobs_profile_orig
-88.652992,25.954100,2025-06-27,20250627,41,qcobs_profile_orig
-84.421982,24.032480,2025-06-27,20250627,41,qcobs_profile_orig
-89.216270,25.829420,2025-06-27,20250627,41,qcobs_profile_orig
-87.655899,27.240391,2025-06-27,20250627,41,qcobs_profile_orig
-87.897560,28.098841,2025-06-27,20250627,41,qcobs_profile_orig
-96.172447,24.052090,2025-06-27,20250627,40,qcobs_profile_orig
-89.323120,28.169559,2025-06-28,20250627,31,qcobs_profile_orig
-92.604958,20.659691,2025-06-28,20250627,41,qcobs_profile_orig
-88.567627,24.668650,2025-06-28,20250627,41,qcobs_profile_orig
-91.372269,26.258390,2025-06-28,20250627,41,qcobs_profile_orig
-96.626411,22.780560,2025-06-28,20250627,41,qcobs_profile_orig
-79.248970,20.034565,2025-06-28,20250627,40,qcobs_profile_orig
-94.037949,20.480040,2025-06-29,20250627,38,qcobs_profile_orig
-88.386559,26.780420,2025-06-29,20250627,41,qcobs_profile_orig
-92.547073,24.671080,2025-06-29,20250627,41,qcobs_profile_orig
-88.093498,26.730949,2025-06-29,20250627,41,qcobs_profile_orig
-94.572533,19.672600,2025-06-30,20250627,36,qcobs_profile_orig
-89.538353,27.172979,2025-06-30,20250627,41,qcobs_profile_orig
-80.400970,24.127150,2025-06-30,20250627,29,qcobs_profile_orig
-87.641708,27.929461,2025-06-30,20250627,41,qcobs_profile_orig
-80.936630,23.808331,2025-07-01,20250627,33,qcobs_profile_orig
-84.182419,24.612000,2025-07-01,20250627,41,qcobs_profile_orig
-90.882584,27.124161,2025-07-01,20250627,37,qcobs_profile_orig
-85.987381,25.205549,2025-07-01,20250627,40,qcobs_profile_orig
-82.472038,19.194620,2025-07-01,20250627,41,qcobs_profile_orig
-85.153976,18.604780,2025-07-01,20250627,41,qcobs_profile_orig
-89.869499,24.723301,2025-07-01,20250627,39,qcobs_profile_orig
-94.152893,20.502819,2025-06-24,20250628,41,qcobs_profile_orig
-88.084473,27.303949,2025-06-24,20250628,41,qcobs_profile_orig
-92.691887,25.189171,2025-06-24,20250628,41,qcobs_profile_orig
-88.181282,26.582769,2025-06-24,20250628,41,qcobs_profile_orig
-94.467560,19.827200,2025-06-25,20250628,35,qcobs_profile_orig
-89.477013,27.196739,2025-06-25,20250628,41,qcobs_profile_orig
-80.497581,23.982630,2025-06-25,20250628,27,qcobs_profile_orig
-87.828560,27.997850,2025-06-25,20250628,41,qcobs_profile_orig
-87.764000,27.643499,2025-06-25,20250628,40,qcobs_profile_orig
-94.134102,26.068100,2025-06-26,20250628,35,qcobs_profile_orig
-81.119171,23.644979,2025-06-26,20250628,34,qcobs_profile_orig
-84.109009,24.405390,2025-06-26,20250628,41,qcobs_profile_orig
-90.704582,27.075451,2025-06-26,20250628,37,qcobs_profile_orig
-86.920578,25.395081,2025-06-26,20250628,40,qcobs_profile_orig
-94.461807,20.084261,2025-06-27,20250628,40,qcobs_profile_orig
-89.679291,27.015869,2025-06-27,20250628,41,qcobs_profile_orig
-89.507477,27.760900,2025-06-27,20250628,33,qcobs_profile_orig
-84.764297,24.807831,2025-06-27,20250628,40,qcobs_profile_orig
-88.652992,25.954100,2025-06-27,20250628,41,qcobs_profile_orig
-84.421982,24.032480,2025-06-27,20250628,41,qcobs_profile_orig
-89.216270,25.829420,2025-06-27,20250628,41,qcobs_profile_orig
-87.655899,27.240391,2025-06-27,20250628,41,qcobs_profile_orig
-87.897560,28.098841,2025-06-27,20250628,41,qcobs_profile_orig
-96.172447,24.052090,2025-06-27,20250628,40,qcobs_profile_orig
-89.323120,28.169559,2025-06-28,20250628,31,qcobs_profile_orig
-92.604958,20.659691,2025-06-28,20250628,41,qcobs_profile_orig
-88.567627,24.668650,2025-06-28,20250628,41,qcobs_profile_orig
-91.372269,26.258390,2025-06-28,20250628,41,qcobs_profile_orig
-96.626411,22.780560,2025-06-28,20250628,41,qcobs_profile_orig
-79.248970,20.034565,2025-06-28,20250628,40,qcobs_profile_orig
-94.037949,20.480040,2025-06-29,20250628,38,qcobs_profile_orig
-88.386559,26.780420,2025-06-29,20250628,41,qcobs_profile_orig
-92.547073,24.671080,2025-06-29,20250628,41,qcobs_profile_orig
-88.093498,26.730949,2025-06-29,20250628,41,qcobs_profile_orig
-94.572533,19.672600,2025-06-30,20250628,36,qcobs_profile_orig
-89.538353,27.172979,2025-06-30,20250628,41,qcobs_profile_orig
-80.400970,24.127150,2025-06-30,20250628,29,qcobs_profile_orig
-87.641708,27.929461,2025-06-30,20250628,41,qcobs_profile_orig
-80.936630,23.808331,2025-07-01,20250628,32,qcobs_profile_orig
-84.182419,24.612000,2025-07-01,20250628,41,qcobs_profile_orig
-90.882584,27.124161,2025-07-01,20250628,37,qcobs_profile_orig
-85.987381,25.205549,2025-07-01,20250628,40,qcobs_profile_orig
-82.472038,19.194620,2025-07-01,20250628,41,qcobs_profile_orig
-85.153976,18.604780,2025-07-01,20250628,41,qcobs_profile_orig
-89.869499,24.723301,2025-07-01,20250628,39,qcobs_profile_orig
-94.474953,20.112579,2025-07-02,20250628,37,qcobs_profile_orig
-89.650299,26.751640,2025-07-02,20250628,41,qcobs_profile_orig
-89.518318,27.771959,2025-07-02,20250628,33,qcobs_profile_orig
-85.197708,24.703230,2025-07-02,20250628,40,qcobs_profile_orig
-88.249420,26.042200,2025-07-02,20250628,41,qcobs_profile_orig
-84.869598,24.136641,2025-07-02,20250628,41,qcobs_profile_orig
-89.185432,25.862539,2025-07-02,20250628,41,qcobs_profile_orig
-87.983948,27.441530,2025-07-02,20250628,41,qcobs_profile_orig
-87.883209,28.009550,2025-07-02,20250628,41,qcobs_profile_orig
-96.220207,24.115080,2025-07-02,20250628,41,qcobs_profile_orig
-94.467560,19.827200,2025-06-25,20250629,35,qcobs_profile_orig
-89.477013,27.196739,2025-06-25,20250629,41,qcobs_profile_orig
-80.497581,23.982630,2025-06-25,20250629,27,qcobs_profile_orig
-87.828560,27.997850,2025-06-25,20250629,41,qcobs_profile_orig
-87.764000,27.643499,2025-06-25,20250629,40,qcobs_profile_orig
-94.134102,26.068100,2025-06-26,20250629,35,qcobs_profile_orig
-81.119171,23.644979,2025-06-26,20250629,34,qcobs_profile_orig
-84.109009,24.405390,2025-06-26,20250629,41,qcobs_profile_orig
-90.704582,27.075451,2025-06-26,20250629,37,qcobs_profile_orig
-86.920578,25.395081,2025-06-26,20250629,40,qcobs_profile_orig
-94.461807,20.084261,2025-06-27,20250629,40,qcobs_profile_orig
-89.679291,27.015869,2025-06-27,20250629,41,qcobs_profile_orig
-89.507477,27.760900,2025-06-27,20250629,33,qcobs_profile_orig
-84.764297,24.807831,2025-06-27,20250629,40,qcobs_profile_orig
-88.652992,25.954100,2025-06-27,20250629,41,qcobs_profile_orig
-84.421982,24.032480,2025-06-27,20250629,41,qcobs_profile_orig
-89.216270,25.829420,2025-06-27,20250629,41,qcobs_profile_orig
-87.655899,27.240391,2025-06-27,20250629,41,qcobs_profile_orig
-87.897560,28.098841,2025-06-27,20250629,41,qcobs_profile_orig
-96.172447,24.052090,2025-06-27,20250629,40,qcobs_profile_orig
-89.323120,28.169559,2025-06-28,20250629,31,qcobs_profile_orig
-92.604958,20.659691,2025-06-28,20250629,41,qcobs_profile_orig
-88.567627,24.668650,2025-06-28,20250629,41,qcobs_profile_orig
-91.372269,26.258390,2025-06-28,20250629,41,qcobs_profile_orig
-96.626411,22.780560,2025-06-28,20250629,41,qcobs_profile_orig
-79.248970,20.034565,2025-06-28,20250629,40,qcobs_profile_orig
-94.037949,20.480040,2025-06-29,20250629,38,qcobs_profile_orig
-88.386559,26.780420,2025-06-29,20250629,41,qcobs_profile_orig
-92.547073,24.671080,2025-06-29,20250629,41,qcobs_profile_orig
-88.093498,26.730949,2025-06-29,20250629,41,qcobs_profile_orig
-94.572533,19.672600,2025-06-30,20250629,36,qcobs_profile_orig
-89.538353,27.172979,2025-06-30,20250629,41,qcobs_profile_orig
-80.400970,24.127150,2025-06-30,20250629,28,qcobs_profile_orig
-87.641708,27.929461,2025-06-30,20250629,41,qcobs_profile_orig
-80.936630,23.808331,2025-07-01,20250629,33,qcobs_profile_orig
-84.182419,24.612000,2025-07-01,20250629,41,qcobs_profile_orig
-90.882584,27.124161,2025-07-01,20250629,37,qcobs_profile_orig
-85.987381,25.205549,2025-07-01,20250629,40,qcobs_profile_orig
-82.472038,19.194620,2025-07-01,20250629,41,qcobs_profile_orig
-85.153976,18.604780,2025-07-01,20250629,41,qcobs_profile_orig
-89.869499,24.723301,2025-07-01,20250629,39,qcobs_profile_orig
-94.474953,20.112579,2025-07-02,20250629,37,qcobs_profile_orig
-89.650299,26.751640,2025-07-02,20250629,41,qcobs_profile_orig
-89.518318,27.771959,2025-07-02,20250629,33,qcobs_profile_orig
-85.197708,24.703230,2025-07-02,20250629,40,qcobs_profile_orig
-88.249420,26.042200,2025-07-02,20250629,41,qcobs_profile_orig
-84.869598,24.136641,2025-07-02,20250629,41,qcobs_profile_orig
-89.185432,25.862539,2025-07-02,20250629,41,qcobs_profile_orig
-87.983948,27.441530,2025-07-02,20250629,41,qcobs_profile_orig
-87.883209,28.009550,2025-07-02,20250629,41,qcobs_profile_orig
-96.220207,24.115080,2025-07-02,20250629,41,qcobs_profile_orig
-89.591698,26.971600,2025-07-03,20250629,36,qcobs_profile_orig
-89.295090,28.175329,2025-07-03,20250629,31,qcobs_profile_orig
-92.614983,20.710079,2025-07-03,20250629,41,qcobs_profile_orig
-88.372231,24.976870,2025-07-03,20250629,41,qcobs_profile_orig
-91.359589,26.109301,2025-07-03,20250629,41,qcobs_profile_orig
-96.642830,22.805750,2025-07-03,20250629,40,qcobs_profile_orig
-94.134102,26.068100,2025-06-26,20250630,35,qcobs_profile_orig
-81.119171,23.644979,2025-06-26,20250630,34,qcobs_profile_orig
-84.109009,24.405390,2025-06-26,20250630,41,qcobs_profile_orig
-90.704582,27.075451,2025-06-26,20250630,37,qcobs_profile_orig
-86.920578,25.395081,2025-06-26,20250630,40,qcobs_profile_orig
-94.461807,20.084261,2025-06-27,20250630,40,qcobs_profile_orig
-89.679291,27.015869,2025-06-27,20250630,41,qcobs_profile_orig
-89.507477,27.760900,2025-06-27,20250630,33,qcobs_profile_orig
-84.764297,24.807831,2025-06-27,20250630,40,qcobs_profile_orig
-88.652992,25.954100,2025-06-27,20250630,41,qcobs_profile_orig
-84.421982,24.032480,2025-06-27,20250630,41,qcobs_profile_orig
-89.216270,25.829420,2025-06-27,20250630,41,qcobs_profile_orig
-87.655899,27.240391,2025-06-27,20250630,41,qcobs_profile_orig
-87.897560,28.098841,2025-06-27,20250630,41,qcobs_profile_orig
-96.172447,24.052090,2025-06-27,20250630,40,qcobs_profile_orig
-89.323120,28.169559,2025-06-28,20250630,31,qcobs_profile_orig
-92.604958,20.659691,2025-06-28,20250630,41,qcobs_profile_orig
-88.567627,24.668650,2025-06-28,20250630,41,qcobs_profile_orig
-91.372269,26.258390,2025-06-28,20250630,41,qcobs_profile_orig
-96.626411,22.780560,2025-06-28,20250630,41,qcobs_profile_orig
-79.248970,20.034565,2025-06-28,20250630,40,qcobs_profile_orig
-94.037949,20.480040,2025-06-29,20250630,38,qcobs_profile_orig
-88.386559,26.780420,2025-06-29,20250630,41,qcobs_profile_orig
-92.547073,24.671080,2025-06-29,20250630,41,qcobs_profile_orig
-88.093498,26.730949,2025-06-29,20250630,41,qcobs_profile_orig
-94.572533,19.672600,2025-06-30,20250630,36,qcobs_profile_orig
-89.538353,27.172979,2025-06-30,20250630,41,qcobs_profile_orig
-80.400970,24.127150,2025-06-30,20250630,29,qcobs_profile_orig
-87.641708,27.929461,2025-06-30,20250630,41,qcobs_profile_orig
-80.936630,23.808331,2025-07-01,20250630,33,qcobs_profile_orig
-84.182419,24.612000,2025-07-01,20250630,41,qcobs_profile_orig
-90.882584,27.124161,2025-07-01,20250630,37,qcobs_profile_orig
-85.987381,25.205549,2025-07-01,20250630,40,qcobs_profile_orig
-82.472038,19.194620,2025-07-01,20250630,41,qcobs_profile_orig
-85.153976,18.604780,2025-07-01,20250630,41,qcobs_profile_orig
-89.869499,24.723301,2025-07-01,20250630,39,qcobs_profile_orig
-94.474953,20.112579,2025-07-02,20250630,37,qcobs_profile_orig
-89.650299,26.751640,2025-07-02,20250630,41,qcobs_profile_orig
-89.518318,27.771959,2025-07-02,20250630,33,qcobs_profile_orig
-85.197708,24.703230,2025-07-02,20250630,40,qcobs_profile_orig
-88.249420,26.042200,2025-07-02,20250630,41,qcobs_profile_orig
-84.869598,24.136641,2025-07-02,20250630,41,qcobs_profile_orig
-89.185432,25.862539,2025-07-02,20250630,41,qcobs_profile_orig
-87.983948,27.441530,2025-07-02,20250630,41,qcobs_profile_orig
-87.883209,28.009550,2025-07-02,20250630,41,qcobs_profile_orig
-96.220207,24.115080,2025-07-02,20250630,41,qcobs_profile_orig
-89.591698,26.971600,2025-07-03,20250630,36,qcobs_profile_orig
-89.295090,28.175329,2025-07-03,20250630,31,qcobs_profile_orig
-92.614983,20.710079,2025-07-03,20250630,41,qcobs_profile_orig
-88.372231,24.976870,2025-07-03,20250630,41,qcobs_profile_orig
-91.359589,26.109301,2025-07-03,20250630,41,qcobs_profile_orig
-96.642830,22.805750,2025-07-03,20250630,40,qcobs_profile_orig
-93.906403,20.541950,2025-07-04,20250630,41,qcobs_profile_orig
-88.233810,26.376949,2025-07-04,20250630,41,qcobs_profile_orig
-92.159019,24.246040,2025-07-04,20250630,41,qcobs_profile_orig
-87.778976,26.878401,2025-07-04,20250630,41,qcobs_profile_orig
-94.461807,20.084261,2025-06-27,20250701,40,qcobs_profile_orig
-89.679291,27.015869,2025-06-27,20250701,41,qcobs_profile_orig
-89.507477,27.760900,2025-06-27,20250701,33,qcobs_profile_orig
-84.764297,24.807831,2025-06-27,20250701,40,qcobs_profile_orig
-88.652992,25.954100,2025-06-27,20250701,41,qcobs_profile_orig
-84.421982,24.032480,2025-06-27,20250701,41,qcobs_profile_orig
-89.216270,25.829420,2025-06-27,20250701,41,qcobs_profile_orig
-87.655899,27.240391,2025-06-27,20250701,41,qcobs_profile_orig
-87.897560,28.098841,2025-06-27,20250701,41,qcobs_profile_orig
-96.172447,24.052090,2025-06-27,20250701,40,qcobs_profile_orig
-89.323120,28.169559,2025-06-28,20250701,31,qcobs_profile_orig
-92.604958,20.659691,2025-06-28,20250701,41,qcobs_profile_orig
-88.567627,24.668650,2025-06-28,20250701,41,qcobs_profile_orig
-91.372269,26.258390,2025-06-28,20250701,41,qcobs_profile_orig
-96.626411,22.780560,2025-06-28,20250701,41,qcobs_profile_orig
-79.248970,20.034565,2025-06-28,20250701,40,qcobs_profile_orig
-94.037949,20.480040,2025-06-29,20250701,38,qcobs_profile_orig
-88.386559,26.780420,2025-06-29,20250701,41,qcobs_profile_orig
-92.547073,24.671080,2025-06-29,20250701,41,qcobs_profile_orig
-88.093498,26.730949,2025-06-29,20250701,41,qcobs_profile_orig
-94.572533,19.672600,2025-06-30,20250701,36,qcobs_profile_orig
-89.538353,27.172979,2025-06-30,20250701,41,qcobs_profile_orig
-80.400970,24.127150,2025-06-30,20250701,29,qcobs_profile_orig
-87.641708,27.929461,2025-06-30,20250701,41,qcobs_profile_orig
-80.936630,23.808331,2025-07-01,20250701,33,qcobs_profile_orig
-84.182419,24.612000,2025-07-01,20250701,41,qcobs_profile_orig
-90.882584,27.124161,2025-07-01,20250701,37,qcobs_profile_orig
-85.987381,25.205549,2025-07-01,20250701,40,qcobs_profile_orig
-82.472038,19.194620,2025-07-01,20250701,41,qcobs_profile_orig
-85.153976,18.604780,2025-07-01,20250701,41,qcobs_profile_orig
-89.869499,24.723301,2025-07-01,20250701,39,qcobs_profile_orig
-94.474953,20.112579,2025-07-02,20250701,37,qcobs_profile_orig
-89.650299,26.751640,2025-07-02,20250701,41,qcobs_profile_orig
-89.518318,27.771959,2025-07-02,20250701,33,qcobs_profile_orig
-85.197708,24.703230,2025-07-02,20250701,40,qcobs_profile_orig
-88.249420,26.042200,2025-07-02,20250701,41,qcobs_profile_orig
-84.869598,24.136641,2025-07-02,20250701,41,qcobs_profile_orig
-89.185432,25.862539,2025-07-02,20250701,41,qcobs_profile_orig
-87.983948,27.441530,2025-07-02,20250701,41,qcobs_profile_orig
-87.883209,28.009550,2025-07-02,20250701,41,qcobs_profile_orig
-96.220207,24.115080,2025-07-02,20250701,41,qcobs_profile_orig
-89.591698,26.971600,2025-07-03,20250701,36,qcobs_profile_orig
-89.295090,28.175329,2025-07-03,20250701,31,qcobs_profile_orig
-92.614983,20.710079,2025-07-03,20250701,41,qcobs_profile_orig
-88.372231,24.976870,2025-07-03,20250701,41,qcobs_profile_orig
-91.359589,26.109301,2025-07-03,20250701,41,qcobs_profile_orig
-96.642830,22.805750,2025-07-03,20250701,40,qcobs_profile_orig
-93.906403,20.541950,2025-07-04,20250701,41,qcobs_profile_orig
-88.233810,26.376949,2025-07-04,20250701,41,qcobs_profile_orig
-92.159019,24.246040,2025-07-04,20250701,41,qcobs_profile_orig
-87.778976,26.878401,2025-07-04,20250701,41,qcobs_profile_orig
-94.518494,19.642990,2025-07-05,20250701,36,qcobs_profile_orig
-89.662399,27.284250,2025-07-05,20250701,41,qcobs_profile_orig
-80.333099,24.188299,2025-07-05,20250701,29,qcobs_profile_orig
-87.809082,27.892460,2025-07-05,20250701,41,qcobs_profile_orig
-89.323120,28.169559,2025-06-28,20250702,31,qcobs_profile_orig
-92.604958,20.659691,2025-06-28,20250702,41,qcobs_profile_orig
-88.567627,24.668650,2025-06-28,20250702,41,qcobs_profile_orig
-91.372269,26.258390,2025-06-28,20250702,41,qcobs_profile_orig
-96.626411,22.780560,2025-06-28,20250702,41,qcobs_profile_orig
-79.248970,20.034565,2025-06-28,20250702,40,qcobs_profile_orig
-94.037949,20.480040,2025-06-29,20250702,38,qcobs_profile_orig
-88.386559,26.780420,2025-06-29,20250702,41,qcobs_profile_orig
-92.547073,24.671080,2025-06-29,20250702,41,qcobs_profile_orig
-88.093498,26.730949,2025-06-29,20250702,41,qcobs_profile_orig
-94.572533,19.672600,2025-06-30,20250702,36,qcobs_profile_orig
-89.538353,27.172979,2025-06-30,20250702,41,qcobs_profile_orig
-80.400970,24.127150,2025-06-30,20250702,29,qcobs_profile_orig
-87.641708,27.929461,2025-06-30,20250702,41,qcobs_profile_orig
-80.936630,23.808331,2025-07-01,20250702,33,qcobs_profile_orig
-84.182419,24.612000,2025-07-01,20250702,41,qcobs_profile_orig
-90.882584,27.124161,2025-07-01,20250702,37,qcobs_profile_orig
-85.987381,25.205549,2025-07-01,20250702,40,qcobs_profile_orig
-82.472038,19.194620,2025-07-01,20250702,41,qcobs_profile_orig
-85.153976,18.604780,2025-07-01,20250702,41,qcobs_profile_orig
-89.869499,24.723301,2025-07-01,20250702,39,qcobs_profile_orig
-94.474953,20.112579,2025-07-02,20250702,37,qcobs_profile_orig
-89.650299,26.751640,2025-07-02,20250702,41,qcobs_profile_orig
-89.518318,27.771959,2025-07-02,20250702,33,qcobs_profile_orig
-85.197708,24.703230,2025-07-02,20250702,40,qcobs_profile_orig
-88.249420,26.042200,2025-07-02,20250702,41,qcobs_profile_orig
-84.869598,24.136641,2025-07-02,20250702,41,qcobs_profile_orig
-89.185432,25.862539,2025-07-02,20250702,41,qcobs_profile_orig
-87.983948,27.441530,2025-07-02,20250702,41,qcobs_profile_orig
-87.883209,28.009550,2025-07-02,20250702,41,qcobs_profile_orig
-96.220207,24.115080,2025-07-02,20250702,41,qcobs_profile_orig
-89.591698,26.971600,2025-07-03,20250702,36,qcobs_profile_orig
-89.295090,28.175329,2025-07-03,20250702,31,qcobs_profile_orig
-92.614983,20.710079,2025-07-03,20250702,41,qcobs_profile_orig
-88.372231,24.976870,2025-07-03,20250702,41,qcobs_profile_orig
-91.359589,26.109301,2025-07-03,20250702,41,qcobs_profile_orig
-96.642830,22.805750,2025-07-03,20250702,40,qcobs_profile_orig
-93.906403,20.541950,2025-07-04,20250702,41,qcobs_profile_orig
-88.233810,26.376949,2025-07-04,20250702,41,qcobs_profile_orig
-92.159019,24.246040,2025-07-04,20250702,41,qcobs_profile_orig
-87.778976,26.878401,2025-07-04,20250702,41,qcobs_profile_orig
-94.518494,19.642990,2025-07-05,20250702,36,qcobs_profile_orig
-89.662399,27.284250,2025-07-05,20250702,41,qcobs_profile_orig
-80.333099,24.188299,2025-07-05,20250702,29,qcobs_profile_orig
-87.809082,27.892460,2025-07-05,20250702,41,qcobs_profile_orig
-94.890404,25.820400,2025-07-06,20250702,35,qcobs_profile_orig
-80.897186,23.830721,2025-07-06,20250702,33,qcobs_profile_orig
-84.496857,24.955860,2025-07-06,20250702,41,qcobs_profile_orig
-90.795799,27.075529,2025-07-06,20250702,37,qcobs_profile_orig
-85.414772,24.466900,2025-07-06,20250702,40,qcobs_profile_orig
-85.287727,26.137270,2025-07-06,20250702,40,qcobs_profile_orig
-88.298401,27.581499,2025-07-06,20250702,40,qcobs_profile_orig
-94.037949,20.480040,2025-06-29,20250703,38,qcobs_profile_orig
-88.386559,26.780420,2025-06-29,20250703,41,qcobs_profile_orig
-92.547073,24.671080,2025-06-29,20250703,41,qcobs_profile_orig
-88.093498,26.730949,2025-06-29,20250703,41,qcobs_profile_orig
-94.572533,19.672600,2025-06-30,20250703,36,qcobs_profile_orig
-89.538353,27.172979,2025-06-30,20250703,41,qcobs_profile_orig
-80.400970,24.127150,2025-06-30,20250703,29,qcobs_profile_orig
-87.641708,27.929461,2025-06-30,20250703,41,qcobs_profile_orig
-80.936630,23.808331,2025-07-01,20250703,33,qcobs_profile_orig
-84.182419,24.612000,2025-07-01,20250703,41,qcobs_profile_orig
-90.882584,27.124161,2025-07-01,20250703,37,qcobs_profile_orig
-85.987381,25.205549,2025-07-01,20250703,40,qcobs_profile_orig
-82.472038,19.194620,2025-07-01,20250703,41,qcobs_profile_orig
-85.153976,18.604780,2025-07-01,20250703,41,qcobs_profile_orig
-89.869499,24.723301,2025-07-01,20250703,39,qcobs_profile_orig
-94.474953,20.112579,2025-07-02,20250703,37,qcobs_profile_orig
-89.650299,26.751640,2025-07-02,20250703,41,qcobs_profile_orig
-89.518318,27.771959,2025-07-02,20250703,33,qcobs_profile_orig
-85.197708,24.703230,2025-07-02,20250703,40,qcobs_profile_orig
-88.249420,26.042200,2025-07-02,20250703,41,qcobs_profile_orig
-84.869598,24.136641,2025-07-02,20250703,41,qcobs_profile_orig
-89.185432,25.862539,2025-07-02,20250703,41,qcobs_profile_orig
-87.983948,27.441530,2025-07-02,20250703,41,qcobs_profile_orig
-87.883209,28.009550,2025-07-02,20250703,41,qcobs_profile_orig
-96.220207,24.115080,2025-07-02,20250703,41,qcobs_profile_orig
-89.591698,26.971600,2025-07-03,20250703,36,qcobs_profile_orig
-89.295090,28.175329,2025-07-03,20250703,31,qcobs_profile_orig
-92.614983,20.710079,2025-07-03,20250703,41,qcobs_profile_orig
-88.372231,24.976870,2025-07-03,20250703,41,qcobs_profile_orig
-91.359589,26.109301,2025-07-03,20250703,41,qcobs_profile_orig
-96.642830,22.805750,2025-07-03,20250703,40,qcobs_profile_orig
-93.906403,20.541950,2025-07-04,20250703,41,qcobs_profile_orig
-88.233810,26.376949,2025-07-04,20250703,41,qcobs_profile_orig
-92.159019,24.246040,2025-07-04,20250703,41,qcobs_profile_orig
-87.778976,26.878401,2025-07-04,20250703,41,qcobs_profile_orig
-94.518494,19.642990,2025-07-05,20250703,36,qcobs_profile_orig
-89.662399,27.284250,2025-07-05,20250703,41,qcobs_profile_orig
-80.333099,24.188299,2025-07-05,20250703,29,qcobs_profile_orig
-87.809082,27.892460,2025-07-05,20250703,41,qcobs_profile_orig
-94.890404,25.820400,2025-07-06,20250703,35,qcobs_profile_orig
-80.897186,23.830721,2025-07-06,20250703,33,qcobs_profile_orig
-84.496857,24.955860,2025-07-06,20250703,41,qcobs_profile_orig
-90.795799,27.075529,2025-07-06,20250703,37,qcobs_profile_orig
-85.414772,24.466900,2025-07-06,20250703,40,qcobs_profile_orig
-85.287727,26.137270,2025-07-06,20250703,40,qcobs_profile_orig
-88.298401,27.581499,2025-07-06,20250703,40,qcobs_profile_orig
-94.479637,20.171890,2025-07-07,20250703,36,qcobs_profile_orig
-89.347107,26.759279,2025-07-07,20250703,41,qcobs_profile_orig
-89.524017,27.779961,2025-07-07,20250703,33,qcobs_profile_orig
-87.561562,26.406340,2025-07-07,20250703,41,qcobs_profile_orig
-85.160019,23.852930,2025-07-07,20250703,41,qcobs_profile_orig
-89.255913,25.744539,2025-07-07,20250703,41,qcobs_profile_orig
-87.837837,27.560600,2025-07-07,20250703,41,qcobs_profile_orig
-88.145508,27.964380,2025-07-07,20250703,41,qcobs_profile_orig
-96.276558,24.053921,2025-07-07,20250703,41,qcobs_profile_orig
-94.572533,19.672600,2025-06-30,20250704,36,qcobs_profile_orig
-89.538353,27.172979,2025-06-30,20250704,41,qcobs_profile_orig
-80.400970,24.127150,2025-06-30,20250704,29,qcobs_profile_orig
-87.641708,27.929461,2025-06-30,20250704,41,qcobs_profile_orig
-80.936630,23.808331,2025-07-01,20250704,33,qcobs_profile_orig
-84.182419,24.612000,2025-07-01,20250704,41,qcobs_profile_orig
-90.882584,27.124161,2025-07-01,20250704,37,qcobs_profile_orig
-85.987381,25.205549,2025-07-01,20250704,40,qcobs_profile_orig
-82.472038,19.194620,2025-07-01,20250704,41,qcobs_profile_orig
-85.153976,18.604780,2025-07-01,20250704,41,qcobs_profile_orig
-89.869499,24.723301,2025-07-01,20250704,39,qcobs_profile_orig
-94.474953,20.112579,2025-07-02,20250704,37,qcobs_profile_orig
-89.650299,26.751640,2025-07-02,20250704,41,qcobs_profile_orig
-89.518318,27.771959,2025-07-02,20250704,33,qcobs_profile_orig
-85.197708,24.703230,2025-07-02,20250704,40,qcobs_profile_orig
-88.249420,26.042200,2025-07-02,20250704,41,qcobs_profile_orig
-84.869598,24.136641,2025-07-02,20250704,41,qcobs_profile_orig
-89.185432,25.862539,2025-07-02,20250704,41,qcobs_profile_orig
-87.983948,27.441530,2025-07-02,20250704,41,qcobs_profile_orig
-87.883209,28.009550,2025-07-02,20250704,41,qcobs_profile_orig
-96.220207,24.115080,2025-07-02,20250704,41,qcobs_profile_orig
-89.591698,26.971600,2025-07-03,20250704,36,qcobs_profile_orig
-89.295090,28.175329,2025-07-03,20250704,31,qcobs_profile_orig
-92.614983,20.710079,2025-07-03,20250704,41,qcobs_profile_orig
-88.372231,24.976870,2025-07-03,20250704,41,qcobs_profile_orig
-91.359589,26.109301,2025-07-03,20250704,41,qcobs_profile_orig
-96.642830,22.805750,2025-07-03,20250704,40,qcobs_profile_orig
-93.906403,20.541950,2025-07-04,20250704,41,qcobs_profile_orig
-88.233810,26.376949,2025-07-04,20250704,41,qcobs_profile_orig
-92.159019,24.246040,2025-07-04,20250704,41,qcobs_profile_orig
-87.778976,26.878401,2025-07-04,20250704,41,qcobs_profile_orig
-94.518494,19.642990,2025-07-05,20250704,36,qcobs_profile_orig
-89.662399,27.284250,2025-07-05,20250704,41,qcobs_profile_orig
-80.333099,24.188299,2025-07-05,20250704,29,qcobs_profile_orig
-87.809082,27.892460,2025-07-05,20250704,41,qcobs_profile_orig
-94.890404,25.820400,2025-07-06,20250704,35,qcobs_profile_orig
-80.897186,23.830721,2025-07-06,20250704,33,qcobs_profile_orig
-84.496857,24.955860,2025-07-06,20250704,41,qcobs_profile_orig
-90.795799,27.075529,2025-07-06,20250704,37,qcobs_profile_orig
-85.414772,24.466900,2025-07-06,20250704,40,qcobs_profile_orig
-85.287727,26.137270,2025-07-06,20250704,40,qcobs_profile_orig
-88.298401,27.581499,2025-07-06,20250704,40,qcobs_profile_orig
-94.479637,20.171890,2025-07-07,20250704,36,qcobs_profile_orig
-89.347107,26.759279,2025-07-07,20250704,41,qcobs_profile_orig
-89.524017,27.779961,2025-07-07,20250704,33,qcobs_profile_orig
-87.561562,26.406340,2025-07-07,20250704,41,qcobs_profile_orig
-85.160019,23.852930,2025-07-07,20250704,41,qcobs_profile_orig
-89.255913,25.744539,2025-07-07,20250704,41,qcobs_profile_orig
-87.837837,27.560600,2025-07-07,20250704,41,qcobs_profile_orig
-88.145508,27.964380,2025-07-07,20250704,41,qcobs_profile_orig
-96.276558,24.053921,2025-07-07,20250704,41,qcobs_profile_orig
-89.264160,28.174191,2025-07-08,20250704,30,qcobs_profile_orig
-92.633080,20.706909,2025-07-08,20250704,41,qcobs_profile_orig
-88.196617,25.274660,2025-07-08,20250704,41,qcobs_profile_orig
-91.186234,26.134350,2025-07-08,20250704,41,qcobs_profile_orig
-96.602539,22.771931,2025-07-08,20250704,41,qcobs_profile_orig
-79.105484,19.954313,2025-07-08,20250704,33,qcobs_profile_orig
-80.936630,23.808331,2025-07-01,20250705,33,qcobs_profile_orig
-84.182419,24.612000,2025-07-01,20250705,41,qcobs_profile_orig
-90.882584,27.124161,2025-07-01,20250705,37,qcobs_profile_orig
-85.987381,25.205549,2025-07-01,20250705,40,qcobs_profile_orig
-82.472038,19.194620,2025-07-01,20250705,41,qcobs_profile_orig
-85.153976,18.604780,2025-07-01,20250705,41,qcobs_profile_orig
-89.869499,24.723301,2025-07-01,20250705,39,qcobs_profile_orig
-94.474953,20.112579,2025-07-02,20250705,37,qcobs_profile_orig
-89.650299,26.751640,2025-07-02,20250705,41,qcobs_profile_orig
-89.518318,27.771959,2025-07-02,20250705,33,qcobs_profile_orig
-85.197708,24.703230,2025-07-02,20250705,40,qcobs_profile_orig
-88.249420,26.042200,2025-07-02,20250705,41,qcobs_profile_orig
-84.869598,24.136641,2025-07-02,20250705,41,qcobs_profile_orig
-89.185432,25.862539,2025-07-02,20250705,41,qcobs_profile_orig
-87.983948,27.441530,2025-07-02,20250705,41,qcobs_profile_orig
-87.883209,28.009550,2025-07-02,20250705,41,qcobs_profile_orig
-96.220207,24.115080,2025-07-02,20250705,41,qcobs_profile_orig
-89.591698,26.971600,2025-07-03,20250705,36,qcobs_profile_orig
-89.295090,28.175329,2025-07-03,20250705,31,qcobs_profile_orig
-92.614983,20.710079,2025-07-03,20250705,41,qcobs_profile_orig
-88.372231,24.976870,2025-07-03,20250705,41,qcobs_profile_orig
-91.359589,26.109301,2025-07-03,20250705,41,qcobs_profile_orig
-96.642830,22.805750,2025-07-03,20250705,40,qcobs_profile_orig
-93.906403,20.541950,2025-07-04,20250705,41,qcobs_profile_orig
-88.233810,26.376949,2025-07-04,20250705,41,qcobs_profile_orig
-92.159019,24.246040,2025-07-04,20250705,41,qcobs_profile_orig
-87.778976,26.878401,2025-07-04,20250705,41,qcobs_profile_orig
-94.518494,19.642990,2025-07-05,20250705,36,qcobs_profile_orig
-89.662399,27.284250,2025-07-05,20250705,41,qcobs_profile_orig
-80.333099,24.188299,2025-07-05,20250705,29,qcobs_profile_orig
-87.809082,27.892460,2025-07-05,20250705,41,qcobs_profile_orig
-94.890404,25.820400,2025-07-06,20250705,35,qcobs_profile_orig
-80.897186,23.830721,2025-07-06,20250705,33,qcobs_profile_orig
-84.496857,24.955860,2025-07-06,20250705,41,qcobs_profile_orig
-90.795799,27.075529,2025-07-06,20250705,37,qcobs_profile_orig
-85.414772,24.466900,2025-07-06,20250705,40,qcobs_profile_orig
-85.287727,26.137270,2025-07-06,20250705,40,qcobs_profile_orig
-88.298401,27.581499,2025-07-06,20250705,40,qcobs_profile_orig
-94.479637,20.171890,2025-07-07,20250705,36,qcobs_profile_orig
-89.347107,26.759279,2025-07-07,20250705,41,qcobs_profile_orig
-89.524017,27.779961,2025-07-07,20250705,33,qcobs_profile_orig
-87.561562,26.406340,2025-07-07,20250705,41,qcobs_profile_orig
-85.160019,23.852930,2025-07-07,20250705,41,qcobs_profile_orig
-89.255913,25.744539,2025-07-07,20250705,41,qcobs_profile_orig
-87.837837,27.560600,2025-07-07,20250705,41,qcobs_profile_orig
-88.145508,27.964380,2025-07-07,20250705,41,qcobs_profile_orig
-96.276558,24.053921,2025-07-07,20250705,41,qcobs_profile_orig
-89.264160,28.174191,2025-07-08,20250705,30,qcobs_profile_orig
-92.633080,20.706909,2025-07-08,20250705,41,qcobs_profile_orig
-88.196617,25.274660,2025-07-08,20250705,41,qcobs_profile_orig
-91.186234,26.134350,2025-07-08,20250705,41,qcobs_profile_orig
-96.602539,22.771931,2025-07-08,20250705,41,qcobs_profile_orig
-79.105484,19.954313,2025-07-08,20250705,33,qcobs_profile_orig
-93.879280,20.688620,2025-07-09,20250705,39,qcobs_profile_orig
-87.789970,26.358770,2025-07-09,20250705,41,qcobs_profile_orig
-91.869980,24.197781,2025-07-09,20250705,41,qcobs_profile_orig
-87.745529,26.701790,2025-07-09,20250705,41,qcobs_profile_orig
-94.474953,20.112579,2025-07-02,20250706,37,qcobs_profile_orig
-89.650299,26.751640,2025-07-02,20250706,41,qcobs_profile_orig
-89.518318,27.771959,2025-07-02,20250706,33,qcobs_profile_orig
-85.197708,24.703230,2025-07-02,20250706,40,qcobs_profile_orig
-88.249420,26.042200,2025-07-02,20250706,41,qcobs_profile_orig
-84.869598,24.136641,2025-07-02,20250706,41,qcobs_profile_orig
-89.185432,25.862539,2025-07-02,20250706,41,qcobs_profile_orig
-87.983948,27.441530,2025-07-02,20250706,41,qcobs_profile_orig
-87.883209,28.009550,2025-07-02,20250706,41,qcobs_profile_orig
-96.220207,24.115080,2025-07-02,20250706,41,qcobs_profile_orig
-89.591698,26.971600,2025-07-03,20250706,36,qcobs_profile_orig
-89.295090,28.175329,2025-07-03,20250706,31,qcobs_profile_orig
-92.614983,20.710079,2025-07-03,20250706,41,qcobs_profile_orig
-88.372231,24.976870,2025-07-03,20250706,41,qcobs_profile_orig
-91.359589,26.109301,2025-07-03,20250706,41,qcobs_profile_orig
-96.642830,22.805750,2025-07-03,20250706,40,qcobs_profile_orig
-93.906403,20.541950,2025-07-04,20250706,41,qcobs_profile_orig
-88.233810,26.376949,2025-07-04,20250706,41,qcobs_profile_orig
-92.159019,24.246040,2025-07-04,20250706,41,qcobs_profile_orig
-87.778976,26.878401,2025-07-04,20250706,41,qcobs_profile_orig
-94.518494,19.642990,2025-07-05,20250706,36,qcobs_profile_orig
-89.662399,27.284250,2025-07-05,20250706,41,qcobs_profile_orig
-80.333099,24.188299,2025-07-05,20250706,29,qcobs_profile_orig
-87.809082,27.892460,2025-07-05,20250706,41,qcobs_profile_orig
-94.890404,25.820400,2025-07-06,20250706,35,qcobs_profile_orig
-80.897186,23.830721,2025-07-06,20250706,33,qcobs_profile_orig
-84.496857,24.955860,2025-07-06,20250706,41,qcobs_profile_orig
-90.795799,27.075529,2025-07-06,20250706,37,qcobs_profile_orig
-85.414772,24.466900,2025-07-06,20250706,40,qcobs_profile_orig
-85.287727,26.137270,2025-07-06,20250706,40,qcobs_profile_orig
-88.298401,27.581499,2025-07-06,20250706,40,qcobs_profile_orig
-94.479637,20.171890,2025-07-07,20250706,36,qcobs_profile_orig
-89.347107,26.759279,2025-07-07,20250706,41,qcobs_profile_orig
-89.524017,27.779961,2025-07-07,20250706,33,qcobs_profile_orig
-87.561562,26.406340,2025-07-07,20250706,41,qcobs_profile_orig
-85.160019,23.852930,2025-07-07,20250706,41,qcobs_profile_orig
-89.255913,25.744539,2025-07-07,20250706,41,qcobs_profile_orig
-87.837837,27.560600,2025-07-07,20250706,41,qcobs_profile_orig
-88.145508,27.964380,2025-07-07,20250706,41,qcobs_profile_orig
-96.276558,24.053921,2025-07-07,20250706,41,qcobs_profile_orig
-89.264160,28.174191,2025-07-08,20250706,30,qcobs_profile_orig
-92.633080,20.706909,2025-07-08,20250706,41,qcobs_profile_orig
-88.196617,25.274660,2025-07-08,20250706,41,qcobs_profile_orig
-91.186234,26.134350,2025-07-08,20250706,41,qcobs_profile_orig
-96.602539,22.771931,2025-07-08,20250706,41,qcobs_profile_orig
-79.105484,19.954313,2025-07-08,20250706,33,qcobs_profile_orig
-93.879280,20.688620,2025-07-09,20250706,39,qcobs_profile_orig
-87.789970,26.358770,2025-07-09,20250706,41,qcobs_profile_orig
-91.869980,24.197781,2025-07-09,20250706,41,qcobs_profile_orig
-87.745529,26.701790,2025-07-09,20250706,41,qcobs_profile_orig
-94.500809,19.679710,2025-07-10,20250706,37,qcobs_profile_orig
-89.585739,27.318790,2025-07-10,20250706,41,qcobs_profile_orig
-80.280418,24.225611,2025-07-10,20250706,29,qcobs_profile_orig
-88.114952,27.982470,2025-07-10,20250706,41,qcobs_profile_orig
-89.591698,26.971600,2025-07-03,20250707,36,qcobs_profile_orig
-89.295090,28.175329,2025-07-03,20250707,31,qcobs_profile_orig
-92.614983,20.710079,2025-07-03,20250707,41,qcobs_profile_orig
-88.372231,24.976870,2025-07-03,20250707,41,qcobs_profile_orig
-91.359589,26.109301,2025-07-03,20250707,41,qcobs_profile_orig
-96.642830,22.805750,2025-07-03,20250707,40,qcobs_profile_orig
-93.906403,20.541950,2025-07-04,20250707,41,qcobs_profile_orig
-88.233810,26.376949,2025-07-04,20250707,41,qcobs_profile_orig
-92.159019,24.246040,2025-07-04,20250707,41,qcobs_profile_orig
-87.778976,26.878401,2025-07-04,20250707,41,qcobs_profile_orig
-94.518494,19.642990,2025-07-05,20250707,36,qcobs_profile_orig
-89.662399,27.284250,2025-07-05,20250707,41,qcobs_profile_orig
-80.333099,24.188299,2025-07-05,20250707,29,qcobs_profile_orig
-87.809082,27.892460,2025-07-05,20250707,41,qcobs_profile_orig
-94.890404,25.820400,2025-07-06,20250707,35,qcobs_profile_orig
-80.897186,23.830721,2025-07-06,20250707,33,qcobs_profile_orig
-84.496857,24.955860,2025-07-06,20250707,41,qcobs_profile_orig
-90.795799,27.075529,2025-07-06,20250707,37,qcobs_profile_orig
-85.414772,24.466900,2025-07-06,20250707,40,qcobs_profile_orig
-85.287727,26.137270,2025-07-06,20250707,40,qcobs_profile_orig
-88.298401,27.581499,2025-07-06,20250707,40,qcobs_profile_orig
-94.479637,20.171890,2025-07-07,20250707,36,qcobs_profile_orig
-89.347107,26.759279,2025-07-07,20250707,41,qcobs_profile_orig
-89.524017,27.779961,2025-07-07,20250707,33,qcobs_profile_orig
-87.561562,26.406340,2025-07-07,20250707,41,qcobs_profile_orig
-85.160019,23.852930,2025-07-07,20250707,41,qcobs_profile_orig
-89.255913,25.744539,2025-07-07,20250707,41,qcobs_profile_orig
-87.837837,27.560600,2025-07-07,20250707,41,qcobs_profile_orig
-88.145508,27.964380,2025-07-07,20250707,41,qcobs_profile_orig
-96.276558,24.053921,2025-07-07,20250707,41,qcobs_profile_orig
-89.264160,28.174191,2025-07-08,20250707,30,qcobs_profile_orig
-92.633080,20.706909,2025-07-08,20250707,41,qcobs_profile_orig
-88.196617,25.274660,2025-07-08,20250707,41,qcobs_profile_orig
-91.186234,26.134350,2025-07-08,20250707,41,qcobs_profile_orig
-96.602539,22.771931,2025-07-08,20250707,41,qcobs_profile_orig
-79.105484,19.954313,2025-07-08,20250707,33,qcobs_profile_orig
-93.879280,20.688620,2025-07-09,20250707,39,qcobs_profile_orig
-87.789970,26.358770,2025-07-09,20250707,41,qcobs_profile_orig
-91.869980,24.197781,2025-07-09,20250707,41,qcobs_profile_orig
-87.745529,26.701790,2025-07-09,20250707,41,qcobs_profile_orig
-94.500809,19.679710,2025-07-10,20250707,37,qcobs_profile_orig
-89.585739,27.318790,2025-07-10,20250707,41,qcobs_profile_orig
-80.280418,24.225611,2025-07-10,20250707,29,qcobs_profile_orig
-88.114952,27.982470,2025-07-10,20250707,41,qcobs_profile_orig
-80.856422,23.846060,2025-07-11,20250707,33,qcobs_profile_orig
-90.806778,27.115740,2025-07-11,20250707,37,qcobs_profile_orig
-85.499512,24.064190,2025-07-11,20250707,40,qcobs_profile_orig
-85.469193,26.432859,2025-07-11,20250707,40,qcobs_profile_orig
-82.250214,18.996849,2025-07-11,20250707,41,qcobs_profile_orig
-89.933701,24.868200,2025-07-11,20250707,39,qcobs_profile_orig
-93.906403,20.541950,2025-07-04,20250708,41,qcobs_profile_orig
-88.233810,26.376949,2025-07-04,20250708,41,qcobs_profile_orig
-92.159019,24.246040,2025-07-04,20250708,41,qcobs_profile_orig
-87.778976,26.878401,2025-07-04,20250708,41,qcobs_profile_orig
-94.518494,19.642990,2025-07-05,20250708,36,qcobs_profile_orig
-89.662399,27.284250,2025-07-05,20250708,41,qcobs_profile_orig
-80.333099,24.188299,2025-07-05,20250708,29,qcobs_profile_orig
-87.809082,27.892460,2025-07-05,20250708,41,qcobs_profile_orig
-94.890404,25.820400,2025-07-06,20250708,35,qcobs_profile_orig
-80.897186,23.830721,2025-07-06,20250708,33,qcobs_profile_orig
-84.496857,24.955860,2025-07-06,20250708,41,qcobs_profile_orig
-90.795799,27.075529,2025-07-06,20250708,37,qcobs_profile_orig
-85.414772,24.466900,2025-07-06,20250708,40,qcobs_profile_orig
-85.287727,26.137270,2025-07-06,20250708,40,qcobs_profile_orig
-88.298401,27.581499,2025-07-06,20250708,40,qcobs_profile_orig
-94.479637,20.171890,2025-07-07,20250708,36,qcobs_profile_orig
-89.347107,26.759279,2025-07-07,20250708,41,qcobs_profile_orig
-89.524017,27.779961,2025-07-07,20250708,33,qcobs_profile_orig
-87.561562,26.406340,2025-07-07,20250708,41,qcobs_profile_orig
-85.160019,23.852930,2025-07-07,20250708,41,qcobs_profile_orig
-89.255913,25.744539,2025-07-07,20250708,41,qcobs_profile_orig
-87.837837,27.560600,2025-07-07,20250708,41,qcobs_profile_orig
-88.145508,27.964380,2025-07-07,20250708,41,qcobs_profile_orig
-96.276558,24.053921,2025-07-07,20250708,41,qcobs_profile_orig
-89.264160,28.174191,2025-07-08,20250708,30,qcobs_profile_orig
-92.633080,20.706909,2025-07-08,20250708,41,qcobs_profile_orig
-88.196617,25.274660,2025-07-08,20250708,41,qcobs_profile_orig
-91.186234,26.134350,2025-07-08,20250708,41,qcobs_profile_orig
-96.602539,22.771931,2025-07-08,20250708,41,qcobs_profile_orig
-79.105484,19.954313,2025-07-08,20250708,33,qcobs_profile_orig
-93.879280,20.688620,2025-07-09,20250708,39,qcobs_profile_orig
-87.789970,26.358770,2025-07-09,20250708,41,qcobs_profile_orig
-91.869980,24.197781,2025-07-09,20250708,41,qcobs_profile_orig
-87.745529,26.701790,2025-07-09,20250708,41,qcobs_profile_orig
-94.500809,19.679710,2025-07-10,20250708,37,qcobs_profile_orig
-89.585739,27.318790,2025-07-10,20250708,41,qcobs_profile_orig
-80.280418,24.225611,2025-07-10,20250708,29,qcobs_profile_orig
-88.114952,27.982470,2025-07-10,20250708,41,qcobs_profile_orig
-80.856422,23.846060,2025-07-11,20250708,33,qcobs_profile_orig
-90.806778,27.115740,2025-07-11,20250708,37,qcobs_profile_orig
-85.499512,24.064190,2025-07-11,20250708,40,qcobs_profile_orig
-85.469193,26.432859,2025-07-11,20250708,40,qcobs_profile_orig
-82.250214,18.996849,2025-07-11,20250708,41,qcobs_profile_orig
-89.933701,24.868200,2025-07-11,20250708,39,qcobs_profile_orig
-94.400192,20.292919,2025-07-12,20250708,41,qcobs_profile_orig
-89.845291,27.015261,2025-07-12,20250708,41,qcobs_profile_orig
-89.517319,27.780600,2025-07-12,20250708,33,qcobs_profile_orig
-84.561813,25.054340,2025-07-12,20250708,40,qcobs_profile_orig
-87.400711,27.119900,2025-07-12,20250708,41,qcobs_profile_orig
-84.516548,24.226290,2025-07-12,20250708,41,qcobs_profile_orig
-89.122208,25.529680,2025-07-12,20250708,41,qcobs_profile_orig
-87.737213,27.504650,2025-07-12,20250708,41,qcobs_profile_orig
-88.143761,28.043579,2025-07-12,20250708,41,qcobs_profile_orig
-96.178810,24.051500,2025-07-12,20250708,41,qcobs_profile_orig
-85.208923,19.171690,2025-07-12,20250708,41,qcobs_profile_orig
-94.518494,19.642990,2025-07-05,20250709,36,qcobs_profile_orig
-89.662399,27.284250,2025-07-05,20250709,41,qcobs_profile_orig
-80.333099,24.188299,2025-07-05,20250709,29,qcobs_profile_orig
-87.809082,27.892460,2025-07-05,20250709,41,qcobs_profile_orig
-94.890404,25.820400,2025-07-06,20250709,35,qcobs_profile_orig
-80.897186,23.830721,2025-07-06,20250709,33,qcobs_profile_orig
-84.496857,24.955860,2025-07-06,20250709,41,qcobs_profile_orig
-90.795799,27.075529,2025-07-06,20250709,37,qcobs_profile_orig
-85.414772,24.466900,2025-07-06,20250709,40,qcobs_profile_orig
-85.287727,26.137270,2025-07-06,20250709,40,qcobs_profile_orig
-88.298401,27.581499,2025-07-06,20250709,40,qcobs_profile_orig
-94.479637,20.171890,2025-07-07,20250709,36,qcobs_profile_orig
-89.347107,26.759279,2025-07-07,20250709,41,qcobs_profile_orig
-89.524017,27.779961,2025-07-07,20250709,33,qcobs_profile_orig
-87.561562,26.406340,2025-07-07,20250709,41,qcobs_profile_orig
-85.160019,23.852930,2025-07-07,20250709,41,qcobs_profile_orig
-89.255913,25.744539,2025-07-07,20250709,41,qcobs_profile_orig
-87.837837,27.560600,2025-07-07,20250709,41,qcobs_profile_orig
-88.145508,27.964380,2025-07-07,20250709,41,qcobs_profile_orig
-96.276558,24.053921,2025-07-07,20250709,41,qcobs_profile_orig
-89.264160,28.174191,2025-07-08,20250709,30,qcobs_profile_orig
-92.633080,20.706909,2025-07-08,20250709,41,qcobs_profile_orig
-88.196617,25.274660,2025-07-08,20250709,41,qcobs_profile_orig
-91.186234,26.134350,2025-07-08,20250709,41,qcobs_profile_orig
-96.602539,22.771931,2025-07-08,20250709,41,qcobs_profile_orig
-79.105484,19.954313,2025-07-08,20250709,33,qcobs_profile_orig
-93.879280,20.688620,2025-07-09,20250709,39,qcobs_profile_orig
-87.789970,26.358770,2025-07-09,20250709,41,qcobs_profile_orig
-91.869980,24.197781,2025-07-09,20250709,41,qcobs_profile_orig
-87.745529,26.701790,2025-07-09,20250709,41,qcobs_profile_orig
-94.500809,19.679710,2025-07-10,20250709,37,qcobs_profile_orig
-89.585739,27.318790,2025-07-10,20250709,41,qcobs_profile_orig
-80.280418,24.225611,2025-07-10,20250709,29,qcobs_profile_orig
-88.114952,27.982470,2025-07-10,20250709,41,qcobs_profile_orig
-80.856422,23.846060,2025-07-11,20250709,33,qcobs_profile_orig
-90.806778,27.115740,2025-07-11,20250709,37,qcobs_profile_orig
-85.499512,24.064190,2025-07-11,20250709,40,qcobs_profile_orig
-85.469193,26.432859,2025-07-11,20250709,40,qcobs_profile_orig
-82.250214,18.996849,2025-07-11,20250709,41,qcobs_profile_orig
-89.933701,24.868200,2025-07-11,20250709,39,qcobs_profile_orig
-94.400192,20.292919,2025-07-12,20250709,41,qcobs_profile_orig
-89.845291,27.015261,2025-07-12,20250709,41,qcobs_profile_orig
-89.517319,27.780600,2025-07-12,20250709,33,qcobs_profile_orig
-84.561813,25.054340,2025-07-12,20250709,40,qcobs_profile_orig
-87.400711,27.119900,2025-07-12,20250709,41,qcobs_profile_orig
-84.516548,24.226290,2025-07-12,20250709,41,qcobs_profile_orig
-89.122208,25.529680,2025-07-12,20250709,41,qcobs_profile_orig
-87.737213,27.504650,2025-07-12,20250709,41,qcobs_profile_orig
-88.143761,28.043579,2025-07-12,20250709,41,qcobs_profile_orig
-96.178810,24.051500,2025-07-12,20250709,41,qcobs_profile_orig
-85.208923,19.171690,2025-07-12,20250709,41,qcobs_profile_orig
-89.782997,26.507700,2025-07-13,20250709,36,qcobs_profile_orig
-89.251442,28.166149,2025-07-13,20250709,30,qcobs_profile_orig
-92.621132,20.624001,2025-07-13,20250709,41,qcobs_profile_orig
-88.208527,25.410070,2025-07-13,20250709,41,qcobs_profile_orig
-90.996613,26.238970,2025-07-13,20250709,41,qcobs_profile_orig
-96.631203,22.723511,2025-07-13,20250709,41,qcobs_profile_orig
-94.890404,25.820400,2025-07-06,20250710,35,qcobs_profile_orig
-80.897186,23.830721,2025-07-06,20250710,33,qcobs_profile_orig
-84.496857,24.955860,2025-07-06,20250710,41,qcobs_profile_orig
-90.795799,27.075529,2025-07-06,20250710,37,qcobs_profile_orig
-85.414772,24.466900,2025-07-06,20250710,40,qcobs_profile_orig
-85.287727,26.137270,2025-07-06,20250710,40,qcobs_profile_orig
-88.298401,27.581499,2025-07-06,20250710,40,qcobs_profile_orig
-94.479637,20.171890,2025-07-07,20250710,36,qcobs_profile_orig
-89.347107,26.759279,2025-07-07,20250710,41,qcobs_profile_orig
-89.524017,27.779961,2025-07-07,20250710,33,qcobs_profile_orig
-87.561562,26.406340,2025-07-07,20250710,41,qcobs_profile_orig
-85.160019,23.852930,2025-07-07,20250710,41,qcobs_profile_orig
-89.255913,25.744539,2025-07-07,20250710,41,qcobs_profile_orig
-87.837837,27.560600,2025-07-07,20250710,41,qcobs_profile_orig
-88.145508,27.964380,2025-07-07,20250710,41,qcobs_profile_orig
-96.276558,24.053921,2025-07-07,20250710,41,qcobs_profile_orig
-89.264160,28.174191,2025-07-08,20250710,30,qcobs_profile_orig
-92.633080,20.706909,2025-07-08,20250710,41,qcobs_profile_orig
-88.196617,25.274660,2025-07-08,20250710,41,qcobs_profile_orig
-91.186234,26.134350,2025-07-08,20250710,41,qcobs_profile_orig
-96.602539,22.771931,2025-07-08,20250710,41,qcobs_profile_orig
-79.105484,19.954313,2025-07-08,20250710,33,qcobs_profile_orig
-93.879280,20.688620,2025-07-09,20250710,39,qcobs_profile_orig
-87.789970,26.358770,2025-07-09,20250710,41,qcobs_profile_orig
-91.869980,24.197781,2025-07-09,20250710,41,qcobs_profile_orig
-87.745529,26.701790,2025-07-09,20250710,41,qcobs_profile_orig
-94.500809,19.679710,2025-07-10,20250710,37,qcobs_profile_orig
-89.585739,27.318790,2025-07-10,20250710,41,qcobs_profile_orig
-80.280418,24.225611,2025-07-10,20250710,29,qcobs_profile_orig
-88.114952,27.982470,2025-07-10,20250710,41,qcobs_profile_orig
-80.856422,23.846060,2025-07-11,20250710,33,qcobs_profile_orig
-90.806778,27.115740,2025-07-11,20250710,37,qcobs_profile_orig
-85.499512,24.064190,2025-07-11,20250710,40,qcobs_profile_orig
-85.469193,26.432859,2025-07-11,20250710,40,qcobs_profile_orig
-82.250214,18.996849,2025-07-11,20250710,41,qcobs_profile_orig
-89.933701,24.868200,2025-07-11,20250710,39,qcobs_profile_orig
-94.400192,20.292919,2025-07-12,20250710,41,qcobs_profile_orig
-89.845291,27.015261,2025-07-12,20250710,41,qcobs_profile_orig
-89.517319,27.780600,2025-07-12,20250710,33,qcobs_profile_orig
-84.561813,25.054340,2025-07-12,20250710,40,qcobs_profile_orig
-87.400711,27.119900,2025-07-12,20250710,41,qcobs_profile_orig
-84.516548,24.226290,2025-07-12,20250710,41,qcobs_profile_orig
-89.122208,25.529680,2025-07-12,20250710,41,qcobs_profile_orig
-87.737213,27.504650,2025-07-12,20250710,41,qcobs_profile_orig
-88.143761,28.043579,2025-07-12,20250710,41,qcobs_profile_orig
-96.178810,24.051500,2025-07-12,20250710,41,qcobs_profile_orig
-85.208923,19.171690,2025-07-12,20250710,41,qcobs_profile_orig
-89.782997,26.507700,2025-07-13,20250710,36,qcobs_profile_orig
-89.251442,28.166149,2025-07-13,20250710,30,qcobs_profile_orig
-92.621132,20.624001,2025-07-13,20250710,41,qcobs_profile_orig
-88.208527,25.410070,2025-07-13,20250710,41,qcobs_profile_orig
-90.996613,26.238970,2025-07-13,20250710,41,qcobs_profile_orig
-96.631203,22.723511,2025-07-13,20250710,41,qcobs_profile_orig
-93.857430,20.751060,2025-07-14,20250710,41,qcobs_profile_orig
-87.507637,27.162380,2025-07-14,20250710,41,qcobs_profile_orig
-91.755463,24.248871,2025-07-14,20250710,41,qcobs_profile_orig
-87.880287,26.940559,2025-07-14,20250710,41,qcobs_profile_orig
-94.479637,20.171890,2025-07-07,20250711,36,qcobs_profile_orig
-89.347107,26.759279,2025-07-07,20250711,41,qcobs_profile_orig
-89.524017,27.779961,2025-07-07,20250711,33,qcobs_profile_orig
-87.561562,26.406340,2025-07-07,20250711,41,qcobs_profile_orig
-85.160019,23.852930,2025-07-07,20250711,41,qcobs_profile_orig
-89.255913,25.744539,2025-07-07,20250711,41,qcobs_profile_orig
-87.837837,27.560600,2025-07-07,20250711,41,qcobs_profile_orig
-88.145508,27.964380,2025-07-07,20250711,41,qcobs_profile_orig
-96.276558,24.053921,2025-07-07,20250711,41,qcobs_profile_orig
-89.264160,28.174191,2025-07-08,20250711,30,qcobs_profile_orig
-92.633080,20.706909,2025-07-08,20250711,41,qcobs_profile_orig
-88.196617,25.274660,2025-07-08,20250711,41,qcobs_profile_orig
-91.186234,26.134350,2025-07-08,20250711,41,qcobs_profile_orig
-96.602539,22.771931,2025-07-08,20250711,41,qcobs_profile_orig
-79.105484,19.954313,2025-07-08,20250711,33,qcobs_profile_orig
-93.879280,20.688620,2025-07-09,20250711,39,qcobs_profile_orig
-87.789970,26.358770,2025-07-09,20250711,41,qcobs_profile_orig
-91.869980,24.197781,2025-07-09,20250711,41,qcobs_profile_orig
-87.745529,26.701790,2025-07-09,20250711,41,qcobs_profile_orig
-94.500809,19.679710,2025-07-10,20250711,37,qcobs_profile_orig
-89.585739,27.318790,2025-07-10,20250711,41,qcobs_profile_orig
-80.280418,24.225611,2025-07-10,20250711,29,qcobs_profile_orig
-88.114952,27.982470,2025-07-10,20250711,41,qcobs_profile_orig
-80.856422,23.846060,2025-07-11,20250711,33,qcobs_profile_orig
-90.806778,27.115740,2025-07-11,20250711,37,qcobs_profile_orig
-85.499512,24.064190,2025-07-11,20250711,40,qcobs_profile_orig
-85.469193,26.432859,2025-07-11,20250711,40,qcobs_profile_orig
-82.250214,18.996849,2025-07-11,20250711,41,qcobs_profile_orig
-89.933701,24.868200,2025-07-11,20250711,39,qcobs_profile_orig
-94.400192,20.292919,2025-07-12,20250711,41,qcobs_profile_orig
-89.845291,27.015261,2025-07-12,20250711,41,qcobs_profile_orig
-89.517319,27.780600,2025-07-12,20250711,33,qcobs_profile_orig
-84.561813,25.054340,2025-07-12,20250711,40,qcobs_profile_orig
-87.400711,27.119900,2025-07-12,20250711,41,qcobs_profile_orig
-84.516548,24.226290,2025-07-12,20250711,41,qcobs_profile_orig
-89.122208,25.529680,2025-07-12,20250711,41,qcobs_profile_orig
-87.737213,27.504650,2025-07-12,20250711,41,qcobs_profile_orig
-88.143761,28.043579,2025-07-12,20250711,41,qcobs_profile_orig
-96.178810,24.051500,2025-07-12,20250711,41,qcobs_profile_orig
-85.208923,19.171690,2025-07-12,20250711,41,qcobs_profile_orig
-89.782997,26.507700,2025-07-13,20250711,36,qcobs_profile_orig
-89.251442,28.166149,2025-07-13,20250711,30,qcobs_profile_orig
-92.621132,20.624001,2025-07-13,20250711,41,qcobs_profile_orig
-88.208527,25.410070,2025-07-13,20250711,41,qcobs_profile_orig
-90.996613,26.238970,2025-07-13,20250711,41,qcobs_profile_orig
-96.631203,22.723511,2025-07-13,20250711,41,qcobs_profile_orig
-93.857430,20.751060,2025-07-14,20250711,41,qcobs_profile_orig
-87.507637,27.162380,2025-07-14,20250711,41,qcobs_profile_orig
-91.755463,24.248871,2025-07-14,20250711,41,qcobs_profile_orig
-87.880287,26.940559,2025-07-14,20250711,41,qcobs_profile_orig
-94.486328,19.749371,2025-07-15,20250711,35,qcobs_profile_orig
-89.694382,27.387659,2025-07-15,20250711,39,qcobs_profile_orig
-80.233582,24.257990,2025-07-15,20250711,29,qcobs_profile_orig
-87.939331,28.063061,2025-07-15,20250711,41,qcobs_profile_orig
-89.264160,28.174191,2025-07-08,20250712,30,qcobs_profile_orig
-92.633080,20.706909,2025-07-08,20250712,41,qcobs_profile_orig
-88.196617,25.274660,2025-07-08,20250712,41,qcobs_profile_orig
-91.186234,26.134350,2025-07-08,20250712,41,qcobs_profile_orig
-96.602539,22.771931,2025-07-08,20250712,41,qcobs_profile_orig
-79.105484,19.954313,2025-07-08,20250712,33,qcobs_profile_orig
-93.879280,20.688620,2025-07-09,20250712,39,qcobs_profile_orig
-87.789970,26.358770,2025-07-09,20250712,41,qcobs_profile_orig
-91.869980,24.197781,2025-07-09,20250712,41,qcobs_profile_orig
-87.745529,26.701790,2025-07-09,20250712,41,qcobs_profile_orig
-94.500809,19.679710,2025-07-10,20250712,37,qcobs_profile_orig
-89.585739,27.318790,2025-07-10,20250712,41,qcobs_profile_orig
-80.280418,24.225611,2025-07-10,20250712,29,qcobs_profile_orig
-88.114952,27.982470,2025-07-10,20250712,41,qcobs_profile_orig
-80.856422,23.846060,2025-07-11,20250712,33,qcobs_profile_orig
-90.806778,27.115740,2025-07-11,20250712,37,qcobs_profile_orig
-85.499512,24.064190,2025-07-11,20250712,40,qcobs_profile_orig
-85.469193,26.432859,2025-07-11,20250712,40,qcobs_profile_orig
-82.250214,18.996849,2025-07-11,20250712,41,qcobs_profile_orig
-89.933701,24.868200,2025-07-11,20250712,39,qcobs_profile_orig
-94.400192,20.292919,2025-07-12,20250712,41,qcobs_profile_orig
-89.845291,27.015261,2025-07-12,20250712,41,qcobs_profile_orig
-89.517319,27.780600,2025-07-12,20250712,33,qcobs_profile_orig
-84.561813,25.054340,2025-07-12,20250712,40,qcobs_profile_orig
-87.400711,27.119900,2025-07-12,20250712,41,qcobs_profile_orig
-84.516548,24.226290,2025-07-12,20250712,41,qcobs_profile_orig
-89.122208,25.529680,2025-07-12,20250712,41,qcobs_profile_orig
-87.737213,27.504650,2025-07-12,20250712,41,qcobs_profile_orig
-88.143761,28.043579,2025-07-12,20250712,41,qcobs_profile_orig
-96.178810,24.051500,2025-07-12,20250712,41,qcobs_profile_orig
-85.208923,19.171690,2025-07-12,20250712,41,qcobs_profile_orig
-89.782997,26.507700,2025-07-13,20250712,36,qcobs_profile_orig
-89.251442,28.166149,2025-07-13,20250712,30,qcobs_profile_orig
-92.621132,20.624001,2025-07-13,20250712,41,qcobs_profile_orig
-88.208527,25.410070,2025-07-13,20250712,41,qcobs_profile_orig
-90.996613,26.238970,2025-07-13,20250712,41,qcobs_profile_orig
-96.631203,22.723511,2025-07-13,20250712,41,qcobs_profile_orig
-93.857430,20.751060,2025-07-14,20250712,41,qcobs_profile_orig
-87.507637,27.162380,2025-07-14,20250712,41,qcobs_profile_orig
-91.755463,24.248871,2025-07-14,20250712,41,qcobs_profile_orig
-87.880287,26.940559,2025-07-14,20250712,41,qcobs_profile_orig
-94.486328,19.749371,2025-07-15,20250712,35,qcobs_profile_orig
-89.694382,27.387659,2025-07-15,20250712,39,qcobs_profile_orig
-80.233582,24.257990,2025-07-15,20250712,29,qcobs_profile_orig
-87.939331,28.063061,2025-07-15,20250712,41,qcobs_profile_orig
-95.018501,25.370399,2025-07-16,20250712,35,qcobs_profile_orig
-80.820084,23.852930,2025-07-16,20250712,33,qcobs_profile_orig
-89.510384,27.770531,2025-07-16,20250712,33,qcobs_profile_orig
-90.879028,27.154739,2025-07-16,20250712,37,qcobs_profile_orig
-85.471962,23.779490,2025-07-16,20250712,40,qcobs_profile_orig
-85.523163,26.127380,2025-07-16,20250712,40,qcobs_profile_orig
-88.298203,27.184099,2025-07-16,20250712,40,qcobs_profile_orig
-93.879280,20.688620,2025-07-09,20250713,39,qcobs_profile_orig
-87.789970,26.358770,2025-07-09,20250713,41,qcobs_profile_orig
-91.869980,24.197781,2025-07-09,20250713,41,qcobs_profile_orig
-87.745529,26.701790,2025-07-09,20250713,41,qcobs_profile_orig
-94.500809,19.679710,2025-07-10,20250713,37,qcobs_profile_orig
-89.585739,27.318790,2025-07-10,20250713,41,qcobs_profile_orig
-80.280418,24.225611,2025-07-10,20250713,29,qcobs_profile_orig
-88.114952,27.982470,2025-07-10,20250713,41,qcobs_profile_orig
-80.856422,23.846060,2025-07-11,20250713,33,qcobs_profile_orig
-90.806778,27.115740,2025-07-11,20250713,37,qcobs_profile_orig
-85.499512,24.064190,2025-07-11,20250713,40,qcobs_profile_orig
-85.469193,26.432859,2025-07-11,20250713,40,qcobs_profile_orig
-82.250214,18.996849,2025-07-11,20250713,41,qcobs_profile_orig
-89.933701,24.868200,2025-07-11,20250713,39,qcobs_profile_orig
-94.400192,20.292919,2025-07-12,20250713,41,qcobs_profile_orig
-89.845291,27.015261,2025-07-12,20250713,41,qcobs_profile_orig
-89.517319,27.780600,2025-07-12,20250713,33,qcobs_profile_orig
-84.561813,25.054340,2025-07-12,20250713,40,qcobs_profile_orig
-87.400711,27.119900,2025-07-12,20250713,41,qcobs_profile_orig
-84.516548,24.226290,2025-07-12,20250713,41,qcobs_profile_orig
-89.122208,25.529680,2025-07-12,20250713,41,qcobs_profile_orig
-87.737213,27.504650,2025-07-12,20250713,41,qcobs_profile_orig
-88.143761,28.043579,2025-07-12,20250713,41,qcobs_profile_orig
-96.178810,24.051500,2025-07-12,20250713,41,qcobs_profile_orig
-85.208923,19.171690,2025-07-12,20250713,41,qcobs_profile_orig
-89.782997,26.507700,2025-07-13,20250713,36,qcobs_profile_orig
-89.251442,28.166149,2025-07-13,20250713,30,qcobs_profile_orig
-92.621132,20.624001,2025-07-13,20250713,41,qcobs_profile_orig
-88.208527,25.410070,2025-07-13,20250713,41,qcobs_profile_orig
-90.996613,26.238970,2025-07-13,20250713,41,qcobs_profile_orig
-96.631203,22.723511,2025-07-13,20250713,41,qcobs_profile_orig
-93.857430,20.751060,2025-07-14,20250713,41,qcobs_profile_orig
-87.507637,27.162380,2025-07-14,20250713,41,qcobs_profile_orig
-91.755463,24.248871,2025-07-14,20250713,41,qcobs_profile_orig
-87.880287,26.940559,2025-07-14,20250713,41,qcobs_profile_orig
-94.486328,19.749371,2025-07-15,20250713,35,qcobs_profile_orig
-89.694382,27.387659,2025-07-15,20250713,39,qcobs_profile_orig
-80.233582,24.257990,2025-07-15,20250713,29,qcobs_profile_orig
-87.939331,28.063061,2025-07-15,20250713,41,qcobs_profile_orig
-95.018501,25.370399,2025-07-16,20250713,35,qcobs_profile_orig
-80.820084,23.852930,2025-07-16,20250713,33,qcobs_profile_orig
-89.510384,27.770531,2025-07-16,20250713,33,qcobs_profile_orig
-90.879028,27.154739,2025-07-16,20250713,37,qcobs_profile_orig
-85.471962,23.779490,2025-07-16,20250713,40,qcobs_profile_orig
-85.523163,26.127380,2025-07-16,20250713,40,qcobs_profile_orig
-88.298203,27.184099,2025-07-16,20250713,40,qcobs_profile_orig
-94.303192,20.502701,2025-07-17,20250713,40,qcobs_profile_orig
-89.824760,27.098709,2025-07-17,20250713,41,qcobs_profile_orig
-84.548302,24.987619,2025-07-17,20250713,41,qcobs_profile_orig
-87.181137,27.502399,2025-07-17,20250713,41,qcobs_profile_orig
-84.366119,24.514250,2025-07-17,20250713,41,qcobs_profile_orig
-88.986816,25.226540,2025-07-17,20250713,41,qcobs_profile_orig
-87.479088,27.714279,2025-07-17,20250713,41,qcobs_profile_orig
-88.007980,28.079630,2025-07-17,20250713,41,qcobs_profile_orig
-96.125252,24.132900,2025-07-17,20250713,41,qcobs_profile_orig
-94.500809,19.679710,2025-07-10,20250714,37,qcobs_profile_orig
-89.585739,27.318790,2025-07-10,20250714,41,qcobs_profile_orig
-80.280418,24.225611,2025-07-10,20250714,29,qcobs_profile_orig
-88.114952,27.982470,2025-07-10,20250714,41,qcobs_profile_orig
-80.856422,23.846060,2025-07-11,20250714,33,qcobs_profile_orig
-90.806778,27.115740,2025-07-11,20250714,37,qcobs_profile_orig
-85.499512,24.064190,2025-07-11,20250714,40,qcobs_profile_orig
-85.469193,26.432859,2025-07-11,20250714,40,qcobs_profile_orig
-82.250214,18.996849,2025-07-11,20250714,41,qcobs_profile_orig
-89.933701,24.868200,2025-07-11,20250714,39,qcobs_profile_orig
-94.400192,20.292919,2025-07-12,20250714,41,qcobs_profile_orig
-89.845291,27.015261,2025-07-12,20250714,41,qcobs_profile_orig
-89.517319,27.780600,2025-07-12,20250714,33,qcobs_profile_orig
-84.561813,25.054340,2025-07-12,20250714,40,qcobs_profile_orig
-87.400711,27.119900,2025-07-12,20250714,41,qcobs_profile_orig
-84.516548,24.226290,2025-07-12,20250714,41,qcobs_profile_orig
-89.122208,25.529680,2025-07-12,20250714,41,qcobs_profile_orig
-87.737213,27.504650,2025-07-12,20250714,41,qcobs_profile_orig
-88.143761,28.043579,2025-07-12,20250714,41,qcobs_profile_orig
-96.178810,24.051500,2025-07-12,20250714,41,qcobs_profile_orig
-85.208923,19.171690,2025-07-12,20250714,41,qcobs_profile_orig
-89.782997,26.507700,2025-07-13,20250714,36,qcobs_profile_orig
-89.251442,28.166149,2025-07-13,20250714,30,qcobs_profile_orig
-92.621132,20.624001,2025-07-13,20250714,41,qcobs_profile_orig
-88.208527,25.410070,2025-07-13,20250714,41,qcobs_profile_orig
-90.996613,26.238970,2025-07-13,20250714,41,qcobs_profile_orig
-96.631203,22.723511,2025-07-13,20250714,41,qcobs_profile_orig
-93.857430,20.751060,2025-07-14,20250714,41,qcobs_profile_orig
-87.507637,27.162380,2025-07-14,20250714,41,qcobs_profile_orig
-91.755463,24.248871,2025-07-14,20250714,41,qcobs_profile_orig
-87.880287,26.940559,2025-07-14,20250714,41,qcobs_profile_orig
-94.486328,19.749371,2025-07-15,20250714,35,qcobs_profile_orig
-89.694382,27.387659,2025-07-15,20250714,39,qcobs_profile_orig
-80.233582,24.257990,2025-07-15,20250714,29,qcobs_profile_orig
-87.939331,28.063061,2025-07-15,20250714,41,qcobs_profile_orig
-95.018501,25.370399,2025-07-16,20250714,35,qcobs_profile_orig
-80.820084,23.852930,2025-07-16,20250714,33,qcobs_profile_orig
-89.510384,27.770531,2025-07-16,20250714,33,qcobs_profile_orig
-90.879028,27.154739,2025-07-16,20250714,37,qcobs_profile_orig
-85.471962,23.779490,2025-07-16,20250714,40,qcobs_profile_orig
-85.523163,26.127380,2025-07-16,20250714,40,qcobs_profile_orig
-88.298203,27.184099,2025-07-16,20250714,40,qcobs_profile_orig
-94.303192,20.502701,2025-07-17,20250714,40,qcobs_profile_orig
-89.824760,27.098709,2025-07-17,20250714,41,qcobs_profile_orig
-84.548302,24.987619,2025-07-17,20250714,41,qcobs_profile_orig
-87.181137,27.502399,2025-07-17,20250714,41,qcobs_profile_orig
-84.366119,24.514250,2025-07-17,20250714,41,qcobs_profile_orig
-88.986816,25.226540,2025-07-17,20250714,41,qcobs_profile_orig
-87.479088,27.714279,2025-07-17,20250714,41,qcobs_profile_orig
-88.007980,28.079630,2025-07-17,20250714,41,qcobs_profile_orig
-96.125252,24.132900,2025-07-17,20250714,41,qcobs_profile_orig
-89.251091,28.157490,2025-07-18,20250714,29,qcobs_profile_orig
-92.665909,20.570921,2025-07-18,20250714,41,qcobs_profile_orig
-88.412048,25.517170,2025-07-18,20250714,41,qcobs_profile_orig
-90.802963,26.365370,2025-07-18,20250714,41,qcobs_profile_orig
-96.663498,22.724279,2025-07-18,20250714,41,qcobs_profile_orig
-78.992096,20.057262,2025-07-18,20250714,39,qcobs_profile_orig
-80.856422,23.846060,2025-07-11,20250715,33,qcobs_profile_orig
-90.806778,27.115740,2025-07-11,20250715,37,qcobs_profile_orig
-85.499512,24.064190,2025-07-11,20250715,40,qcobs_profile_orig
-85.469193,26.432859,2025-07-11,20250715,40,qcobs_profile_orig
-82.250214,18.996849,2025-07-11,20250715,41,qcobs_profile_orig
-89.933701,24.868200,2025-07-11,20250715,39,qcobs_profile_orig
-94.400192,20.292919,2025-07-12,20250715,41,qcobs_profile_orig
-89.845291,27.015261,2025-07-12,20250715,41,qcobs_profile_orig
-89.517319,27.780600,2025-07-12,20250715,33,qcobs_profile_orig
-84.561813,25.054340,2025-07-12,20250715,40,qcobs_profile_orig
-87.400711,27.119900,2025-07-12,20250715,41,qcobs_profile_orig
-84.516548,24.226290,2025-07-12,20250715,41,qcobs_profile_orig
-89.122208,25.529680,2025-07-12,20250715,41,qcobs_profile_orig
-87.737213,27.504650,2025-07-12,20250715,41,qcobs_profile_orig
-88.143761,28.043579,2025-07-12,20250715,41,qcobs_profile_orig
-96.178810,24.051500,2025-07-12,20250715,41,qcobs_profile_orig
-85.208923,19.171690,2025-07-12,20250715,41,qcobs_profile_orig
-89.782997,26.507700,2025-07-13,20250715,36,qcobs_profile_orig
-89.251442,28.166149,2025-07-13,20250715,30,qcobs_profile_orig
-92.621132,20.624001,2025-07-13,20250715,41,qcobs_profile_orig
-88.208527,25.410070,2025-07-13,20250715,41,qcobs_profile_orig
-90.996613,26.238970,2025-07-13,20250715,41,qcobs_profile_orig
-96.631203,22.723511,2025-07-13,20250715,41,qcobs_profile_orig
-93.857430,20.751060,2025-07-14,20250715,41,qcobs_profile_orig
-87.507637,27.162380,2025-07-14,20250715,41,qcobs_profile_orig
-91.755463,24.248871,2025-07-14,20250715,41,qcobs_profile_orig
-87.880287,26.940559,2025-07-14,20250715,41,qcobs_profile_orig
-94.486328,19.749371,2025-07-15,20250715,35,qcobs_profile_orig
-89.694382,27.387659,2025-07-15,20250715,39,qcobs_profile_orig
-80.233582,24.257990,2025-07-15,20250715,29,qcobs_profile_orig
-87.939331,28.063061,2025-07-15,20250715,41,qcobs_profile_orig
-95.018501,25.370399,2025-07-16,20250715,35,qcobs_profile_orig
-80.820084,23.852930,2025-07-16,20250715,33,qcobs_profile_orig
-89.510384,27.770531,2025-07-16,20250715,33,qcobs_profile_orig
-90.879028,27.154739,2025-07-16,20250715,37,qcobs_profile_orig
-85.471962,23.779490,2025-07-16,20250715,40,qcobs_profile_orig
-85.523163,26.127380,2025-07-16,20250715,40,qcobs_profile_orig
-88.298203,27.184099,2025-07-16,20250715,40,qcobs_profile_orig
-94.303192,20.502701,2025-07-17,20250715,40,qcobs_profile_orig
-89.824760,27.098709,2025-07-17,20250715,41,qcobs_profile_orig
-84.548302,24.987619,2025-07-17,20250715,41,qcobs_profile_orig
-87.181137,27.502399,2025-07-17,20250715,41,qcobs_profile_orig
-84.366119,24.514250,2025-07-17,20250715,41,qcobs_profile_orig
-88.986816,25.226540,2025-07-17,20250715,41,qcobs_profile_orig
-87.479088,27.714279,2025-07-17,20250715,41,qcobs_profile_orig
-88.007980,28.079630,2025-07-17,20250715,41,qcobs_profile_orig
-96.125252,24.132900,2025-07-17,20250715,41,qcobs_profile_orig
-89.251091,28.157490,2025-07-18,20250715,29,qcobs_profile_orig
-92.665909,20.570921,2025-07-18,20250715,41,qcobs_profile_orig
-88.412048,25.517170,2025-07-18,20250715,41,qcobs_profile_orig
-90.802963,26.365370,2025-07-18,20250715,41,qcobs_profile_orig
-96.663498,22.724279,2025-07-18,20250715,41,qcobs_profile_orig
-78.992096,20.057262,2025-07-18,20250715,39,qcobs_profile_orig
-93.883324,20.828480,2025-07-19,20250715,41,qcobs_profile_orig
-87.405647,27.614630,2025-07-19,20250715,41,qcobs_profile_orig
-91.778809,24.346291,2025-07-19,20250715,41,qcobs_profile_orig
-87.352882,27.176350,2025-07-19,20250715,41,qcobs_profile_orig
-94.400192,20.292919,2025-07-12,20250716,41,qcobs_profile_orig
-89.845291,27.015261,2025-07-12,20250716,41,qcobs_profile_orig
-89.517319,27.780600,2025-07-12,20250716,33,qcobs_profile_orig
-84.561813,25.054340,2025-07-12,20250716,40,qcobs_profile_orig
-87.400711,27.119900,2025-07-12,20250716,41,qcobs_profile_orig
-84.516548,24.226290,2025-07-12,20250716,41,qcobs_profile_orig
-89.122208,25.529680,2025-07-12,20250716,41,qcobs_profile_orig
-87.737213,27.504650,2025-07-12,20250716,41,qcobs_profile_orig
-88.143761,28.043579,2025-07-12,20250716,41,qcobs_profile_orig
-96.178810,24.051500,2025-07-12,20250716,41,qcobs_profile_orig
-85.208923,19.171690,2025-07-12,20250716,41,qcobs_profile_orig
-89.782997,26.507700,2025-07-13,20250716,36,qcobs_profile_orig
-89.251442,28.166149,2025-07-13,20250716,30,qcobs_profile_orig
-92.621132,20.624001,2025-07-13,20250716,41,qcobs_profile_orig
-88.208527,25.410070,2025-07-13,20250716,41,qcobs_profile_orig
-90.996613,26.238970,2025-07-13,20250716,41,qcobs_profile_orig
-96.631203,22.723511,2025-07-13,20250716,41,qcobs_profile_orig
-93.857430,20.751060,2025-07-14,20250716,41,qcobs_profile_orig
-87.507637,27.162380,2025-07-14,20250716,41,qcobs_profile_orig
-91.755463,24.248871,2025-07-14,20250716,41,qcobs_profile_orig
-87.880287,26.940559,2025-07-14,20250716,41,qcobs_profile_orig
-94.486328,19.749371,2025-07-15,20250716,35,qcobs_profile_orig
-89.694382,27.387659,2025-07-15,20250716,39,qcobs_profile_orig
-80.233582,24.257990,2025-07-15,20250716,29,qcobs_profile_orig
-87.939331,28.063061,2025-07-15,20250716,41,qcobs_profile_orig
-95.018501,25.370399,2025-07-16,20250716,35,qcobs_profile_orig
-80.820084,23.852930,2025-07-16,20250716,33,qcobs_profile_orig
-89.510384,27.770531,2025-07-16,20250716,33,qcobs_profile_orig
-90.879028,27.154739,2025-07-16,20250716,37,qcobs_profile_orig
-85.471962,23.779490,2025-07-16,20250716,40,qcobs_profile_orig
-85.523163,26.127380,2025-07-16,20250716,40,qcobs_profile_orig
-88.298203,27.184099,2025-07-16,20250716,40,qcobs_profile_orig
-94.303192,20.502701,2025-07-17,20250716,40,qcobs_profile_orig
-89.824760,27.098709,2025-07-17,20250716,41,qcobs_profile_orig
-84.548302,24.987619,2025-07-17,20250716,41,qcobs_profile_orig
-87.181137,27.502399,2025-07-17,20250716,41,qcobs_profile_orig
-84.366119,24.514250,2025-07-17,20250716,41,qcobs_profile_orig
-88.986816,25.226540,2025-07-17,20250716,41,qcobs_profile_orig
-87.479088,27.714279,2025-07-17,20250716,41,qcobs_profile_orig
-88.007980,28.079630,2025-07-17,20250716,41,qcobs_profile_orig
-96.125252,24.132900,2025-07-17,20250716,41,qcobs_profile_orig
-89.251091,28.157490,2025-07-18,20250716,29,qcobs_profile_orig
-92.665909,20.570921,2025-07-18,20250716,41,qcobs_profile_orig
-88.412048,25.517170,2025-07-18,20250716,41,qcobs_profile_orig
-90.802963,26.365370,2025-07-18,20250716,41,qcobs_profile_orig
-96.663498,22.724279,2025-07-18,20250716,41,qcobs_profile_orig
-78.992096,20.057262,2025-07-18,20250716,39,qcobs_profile_orig
-93.883324,20.828480,2025-07-19,20250716,41,qcobs_profile_orig
-87.405647,27.614630,2025-07-19,20250716,41,qcobs_profile_orig
-91.778809,24.346291,2025-07-19,20250716,41,qcobs_profile_orig
-87.352882,27.176350,2025-07-19,20250716,41,qcobs_profile_orig
-94.368301,19.937130,2025-07-20,20250716,36,qcobs_profile_orig
-89.951569,27.234489,2025-07-20,20250716,39,qcobs_profile_orig
-80.192436,24.286940,2025-07-20,20250716,29,qcobs_profile_orig
-87.915611,27.946051,2025-07-20,20250716,41,qcobs_profile_orig
-89.782997,26.507700,2025-07-13,20250717,36,qcobs_profile_orig
-89.251442,28.166149,2025-07-13,20250717,30,qcobs_profile_orig
-92.621132,20.624001,2025-07-13,20250717,41,qcobs_profile_orig
-88.208527,25.410070,2025-07-13,20250717,41,qcobs_profile_orig
-90.996613,26.238970,2025-07-13,20250717,41,qcobs_profile_orig
-96.631203,22.723511,2025-07-13,20250717,41,qcobs_profile_orig
-93.857430,20.751060,2025-07-14,20250717,41,qcobs_profile_orig
-87.507637,27.162380,2025-07-14,20250717,41,qcobs_profile_orig
-91.755463,24.248871,2025-07-14,20250717,41,qcobs_profile_orig
-87.880287,26.940559,2025-07-14,20250717,41,qcobs_profile_orig
-94.486328,19.749371,2025-07-15,20250717,35,qcobs_profile_orig
-89.694382,27.387659,2025-07-15,20250717,39,qcobs_profile_orig
-80.233582,24.257990,2025-07-15,20250717,29,qcobs_profile_orig
-87.939331,28.063061,2025-07-15,20250717,41,qcobs_profile_orig
-95.018501,25.370399,2025-07-16,20250717,35,qcobs_profile_orig
-80.820084,23.852930,2025-07-16,20250717,33,qcobs_profile_orig
-89.510384,27.770531,2025-07-16,20250717,33,qcobs_profile_orig
-90.879028,27.154739,2025-07-16,20250717,37,qcobs_profile_orig
-85.471962,23.779490,2025-07-16,20250717,40,qcobs_profile_orig
-85.523163,26.127380,2025-07-16,20250717,40,qcobs_profile_orig
-88.298203,27.184099,2025-07-16,20250717,40,qcobs_profile_orig
-94.303192,20.502701,2025-07-17,20250717,40,qcobs_profile_orig
-89.824760,27.098709,2025-07-17,20250717,41,qcobs_profile_orig
-84.548302,24.987619,2025-07-17,20250717,41,qcobs_profile_orig
-87.181137,27.502399,2025-07-17,20250717,41,qcobs_profile_orig
-84.366119,24.514250,2025-07-17,20250717,41,qcobs_profile_orig
-88.986816,25.226540,2025-07-17,20250717,41,qcobs_profile_orig
-87.479088,27.714279,2025-07-17,20250717,41,qcobs_profile_orig
-88.007980,28.079630,2025-07-17,20250717,41,qcobs_profile_orig
-96.125252,24.132900,2025-07-17,20250717,41,qcobs_profile_orig
-89.251091,28.157490,2025-07-18,20250717,29,qcobs_profile_orig
-92.665909,20.570921,2025-07-18,20250717,41,qcobs_profile_orig
-88.412048,25.517170,2025-07-18,20250717,41,qcobs_profile_orig
-90.802963,26.365370,2025-07-18,20250717,41,qcobs_profile_orig
-96.663498,22.724279,2025-07-18,20250717,41,qcobs_profile_orig
-78.992096,20.057262,2025-07-18,20250717,39,qcobs_profile_orig
-93.883324,20.828480,2025-07-19,20250717,41,qcobs_profile_orig
-87.405647,27.614630,2025-07-19,20250717,41,qcobs_profile_orig
-91.778809,24.346291,2025-07-19,20250717,41,qcobs_profile_orig
-87.352882,27.176350,2025-07-19,20250717,41,qcobs_profile_orig
-94.368301,19.937130,2025-07-20,20250717,36,qcobs_profile_orig
-89.951569,27.234489,2025-07-20,20250717,39,qcobs_profile_orig
-80.192436,24.286940,2025-07-20,20250717,29,qcobs_profile_orig
-87.915611,27.946051,2025-07-20,20250717,41,qcobs_profile_orig
-80.795517,23.854120,2025-07-21,20250717,33,qcobs_profile_orig
-89.498734,27.754410,2025-07-21,20250717,33,qcobs_profile_orig
-90.887772,27.145531,2025-07-21,20250717,37,qcobs_profile_orig
-85.316879,23.446329,2025-07-21,20250717,37,qcobs_profile_orig
-85.885902,25.768660,2025-07-21,20250717,40,qcobs_profile_orig
-82.085991,18.729971,2025-07-21,20250717,41,qcobs_profile_orig
-90.329803,25.148100,2025-07-21,20250717,39,qcobs_profile_orig
-93.857430,20.751060,2025-07-14,20250718,41,qcobs_profile_orig
-87.507637,27.162380,2025-07-14,20250718,41,qcobs_profile_orig
-91.755463,24.248871,2025-07-14,20250718,41,qcobs_profile_orig
-87.880287,26.940559,2025-07-14,20250718,41,qcobs_profile_orig
-94.486328,19.749371,2025-07-15,20250718,35,qcobs_profile_orig
-89.694382,27.387659,2025-07-15,20250718,39,qcobs_profile_orig
-80.233582,24.257990,2025-07-15,20250718,29,qcobs_profile_orig
-87.939331,28.063061,2025-07-15,20250718,41,qcobs_profile_orig
-95.018501,25.370399,2025-07-16,20250718,35,qcobs_profile_orig
-80.820084,23.852930,2025-07-16,20250718,33,qcobs_profile_orig
-89.510384,27.770531,2025-07-16,20250718,33,qcobs_profile_orig
-90.879028,27.154739,2025-07-16,20250718,37,qcobs_profile_orig
-85.471962,23.779490,2025-07-16,20250718,40,qcobs_profile_orig
-85.523163,26.127380,2025-07-16,20250718,40,qcobs_profile_orig
-88.298203,27.184099,2025-07-16,20250718,40,qcobs_profile_orig
-94.303192,20.502701,2025-07-17,20250718,40,qcobs_profile_orig
-89.824760,27.098709,2025-07-17,20250718,41,qcobs_profile_orig
-84.548302,24.987619,2025-07-17,20250718,41,qcobs_profile_orig
-87.181137,27.502399,2025-07-17,20250718,41,qcobs_profile_orig
-84.366119,24.514250,2025-07-17,20250718,41,qcobs_profile_orig
-88.986816,25.226540,2025-07-17,20250718,41,qcobs_profile_orig
-87.479088,27.714279,2025-07-17,20250718,41,qcobs_profile_orig
-88.007980,28.079630,2025-07-17,20250718,41,qcobs_profile_orig
-96.125252,24.132900,2025-07-17,20250718,41,qcobs_profile_orig
-89.251091,28.157490,2025-07-18,20250718,29,qcobs_profile_orig
-92.665909,20.570921,2025-07-18,20250718,41,qcobs_profile_orig
-88.412048,25.517170,2025-07-18,20250718,41,qcobs_profile_orig
-90.802963,26.365370,2025-07-18,20250718,41,qcobs_profile_orig
-96.663498,22.724279,2025-07-18,20250718,41,qcobs_profile_orig
-78.992096,20.057262,2025-07-18,20250718,39,qcobs_profile_orig
-93.883324,20.828480,2025-07-19,20250718,41,qcobs_profile_orig
-87.405647,27.614630,2025-07-19,20250718,41,qcobs_profile_orig
-91.778809,24.346291,2025-07-19,20250718,41,qcobs_profile_orig
-87.352882,27.176350,2025-07-19,20250718,41,qcobs_profile_orig
-94.368301,19.937130,2025-07-20,20250718,36,qcobs_profile_orig
-89.951569,27.234489,2025-07-20,20250718,39,qcobs_profile_orig
-80.192436,24.286940,2025-07-20,20250718,29,qcobs_profile_orig
-87.915611,27.946051,2025-07-20,20250718,41,qcobs_profile_orig
-80.795517,23.854120,2025-07-21,20250718,33,qcobs_profile_orig
-89.498734,27.754410,2025-07-21,20250718,33,qcobs_profile_orig
-90.887772,27.145531,2025-07-21,20250718,37,qcobs_profile_orig
-85.316879,23.446329,2025-07-21,20250718,37,qcobs_profile_orig
-85.885902,25.768660,2025-07-21,20250718,40,qcobs_profile_orig
-82.085991,18.729971,2025-07-21,20250718,41,qcobs_profile_orig
-90.329803,25.148100,2025-07-21,20250718,39,qcobs_profile_orig
-94.134644,20.685520,2025-07-22,20250718,41,qcobs_profile_orig
-89.981537,26.912130,2025-07-22,20250718,41,qcobs_profile_orig
-84.513023,24.945690,2025-07-22,20250718,41,qcobs_profile_orig
-87.102173,27.518450,2025-07-22,20250718,41,qcobs_profile_orig
-84.496147,24.701651,2025-07-22,20250718,41,qcobs_profile_orig
-88.573051,25.303419,2025-07-22,20250718,41,qcobs_profile_orig
-87.595306,27.758650,2025-07-22,20250718,41,qcobs_profile_orig
-87.990952,27.999729,2025-07-22,20250718,41,qcobs_profile_orig
-96.094704,24.210150,2025-07-22,20250718,41,qcobs_profile_orig
-85.678589,19.720921,2025-07-22,20250718,41,qcobs_profile_orig
-94.486328,19.749371,2025-07-15,20250719,35,qcobs_profile_orig
-89.694382,27.387659,2025-07-15,20250719,39,qcobs_profile_orig
-80.233582,24.257990,2025-07-15,20250719,29,qcobs_profile_orig
-87.939331,28.063061,2025-07-15,20250719,41,qcobs_profile_orig
-95.018501,25.370399,2025-07-16,20250719,35,qcobs_profile_orig
-80.820084,23.852930,2025-07-16,20250719,33,qcobs_profile_orig
-89.510384,27.770531,2025-07-16,20250719,33,qcobs_profile_orig
-90.879028,27.154739,2025-07-16,20250719,37,qcobs_profile_orig
-85.471962,23.779490,2025-07-16,20250719,40,qcobs_profile_orig
-85.523163,26.127380,2025-07-16,20250719,40,qcobs_profile_orig
-88.298203,27.184099,2025-07-16,20250719,40,qcobs_profile_orig
-94.303192,20.502701,2025-07-17,20250719,40,qcobs_profile_orig
-89.824760,27.098709,2025-07-17,20250719,41,qcobs_profile_orig
-84.548302,24.987619,2025-07-17,20250719,41,qcobs_profile_orig
-87.181137,27.502399,2025-07-17,20250719,41,qcobs_profile_orig
-84.366119,24.514250,2025-07-17,20250719,41,qcobs_profile_orig
-88.986816,25.226540,2025-07-17,20250719,41,qcobs_profile_orig
-87.479088,27.714279,2025-07-17,20250719,41,qcobs_profile_orig
-88.007980,28.079630,2025-07-17,20250719,41,qcobs_profile_orig
-96.125252,24.132900,2025-07-17,20250719,41,qcobs_profile_orig
-89.251091,28.157490,2025-07-18,20250719,29,qcobs_profile_orig
-92.665909,20.570921,2025-07-18,20250719,41,qcobs_profile_orig
-88.412048,25.517170,2025-07-18,20250719,41,qcobs_profile_orig
-90.802963,26.365370,2025-07-18,20250719,41,qcobs_profile_orig
-96.663498,22.724279,2025-07-18,20250719,41,qcobs_profile_orig
-78.992096,20.057262,2025-07-18,20250719,39,qcobs_profile_orig
-93.883324,20.828480,2025-07-19,20250719,41,qcobs_profile_orig
-87.405647,27.614630,2025-07-19,20250719,41,qcobs_profile_orig
-91.778809,24.346291,2025-07-19,20250719,41,qcobs_profile_orig
-87.352882,27.176350,2025-07-19,20250719,41,qcobs_profile_orig
-94.368301,19.937130,2025-07-20,20250719,36,qcobs_profile_orig
-89.951569,27.234489,2025-07-20,20250719,39,qcobs_profile_orig
-80.192436,24.286940,2025-07-20,20250719,29,qcobs_profile_orig
-87.915611,27.946051,2025-07-20,20250719,41,qcobs_profile_orig
-80.795517,23.854120,2025-07-21,20250719,33,qcobs_profile_orig
-89.498734,27.754410,2025-07-21,20250719,33,qcobs_profile_orig
-90.887772,27.145531,2025-07-21,20250719,37,qcobs_profile_orig
-85.316879,23.446329,2025-07-21,20250719,37,qcobs_profile_orig
-85.885902,25.768660,2025-07-21,20250719,40,qcobs_profile_orig
-82.085991,18.729971,2025-07-21,20250719,41,qcobs_profile_orig
-90.329803,25.148100,2025-07-21,20250719,39,qcobs_profile_orig
-94.134644,20.685520,2025-07-22,20250719,41,qcobs_profile_orig
-89.981537,26.912130,2025-07-22,20250719,41,qcobs_profile_orig
-84.513023,24.945690,2025-07-22,20250719,41,qcobs_profile_orig
-87.102173,27.518450,2025-07-22,20250719,41,qcobs_profile_orig
-84.496147,24.701651,2025-07-22,20250719,41,qcobs_profile_orig
-88.573051,25.303419,2025-07-22,20250719,41,qcobs_profile_orig
-87.595306,27.758650,2025-07-22,20250719,41,qcobs_profile_orig
-87.990952,27.999729,2025-07-22,20250719,41,qcobs_profile_orig
-96.094704,24.210150,2025-07-22,20250719,41,qcobs_profile_orig
-85.678589,19.720921,2025-07-22,20250719,41,qcobs_profile_orig
-90.076302,26.486200,2025-07-23,20250719,36,qcobs_profile_orig
-89.251839,28.150841,2025-07-23,20250719,29,qcobs_profile_orig
-92.701210,20.573400,2025-07-23,20250719,41,qcobs_profile_orig
-88.858078,26.038931,2025-07-23,20250719,41,qcobs_profile_orig
-90.393578,26.378241,2025-07-23,20250719,41,qcobs_profile_orig
-96.747543,22.717710,2025-07-23,20250719,40,qcobs_profile_orig
-95.018501,25.370399,2025-07-16,20250720,35,qcobs_profile_orig
-80.820084,23.852930,2025-07-16,20250720,33,qcobs_profile_orig
-89.510384,27.770531,2025-07-16,20250720,33,qcobs_profile_orig
-90.879028,27.154739,2025-07-16,20250720,37,qcobs_profile_orig
-85.471962,23.779490,2025-07-16,20250720,40,qcobs_profile_orig
-85.523163,26.127380,2025-07-16,20250720,40,qcobs_profile_orig
-88.298203,27.184099,2025-07-16,20250720,40,qcobs_profile_orig
-94.303192,20.502701,2025-07-17,20250720,40,qcobs_profile_orig
-89.824760,27.098709,2025-07-17,20250720,41,qcobs_profile_orig
-84.548302,24.987619,2025-07-17,20250720,41,qcobs_profile_orig
-87.181137,27.502399,2025-07-17,20250720,41,qcobs_profile_orig
-84.366119,24.514250,2025-07-17,20250720,41,qcobs_profile_orig
-88.986816,25.226540,2025-07-17,20250720,41,qcobs_profile_orig
-87.479088,27.714279,2025-07-17,20250720,41,qcobs_profile_orig
-88.007980,28.079630,2025-07-17,20250720,41,qcobs_profile_orig
-96.125252,24.132900,2025-07-17,20250720,41,qcobs_profile_orig
-89.251091,28.157490,2025-07-18,20250720,29,qcobs_profile_orig
-92.665909,20.570921,2025-07-18,20250720,41,qcobs_profile_orig
-88.412048,25.517170,2025-07-18,20250720,41,qcobs_profile_orig
-90.802963,26.365370,2025-07-18,20250720,41,qcobs_profile_orig
-96.663498,22.724279,2025-07-18,20250720,41,qcobs_profile_orig
-78.992096,20.057262,2025-07-18,20250720,39,qcobs_profile_orig
-93.883324,20.828480,2025-07-19,20250720,41,qcobs_profile_orig
-87.405647,27.614630,2025-07-19,20250720,41,qcobs_profile_orig
-91.778809,24.346291,2025-07-19,20250720,41,qcobs_profile_orig
-87.352882,27.176350,2025-07-19,20250720,41,qcobs_profile_orig
-94.368301,19.937130,2025-07-20,20250720,36,qcobs_profile_orig
-89.951569,27.234489,2025-07-20,20250720,39,qcobs_profile_orig
-80.192436,24.286940,2025-07-20,20250720,29,qcobs_profile_orig
-87.915611,27.946051,2025-07-20,20250720,41,qcobs_profile_orig
-80.795517,23.854120,2025-07-21,20250720,33,qcobs_profile_orig
-89.498734,27.754410,2025-07-21,20250720,33,qcobs_profile_orig
-90.887772,27.145531,2025-07-21,20250720,37,qcobs_profile_orig
-85.316879,23.446329,2025-07-21,20250720,37,qcobs_profile_orig
-85.885902,25.768660,2025-07-21,20250720,40,qcobs_profile_orig
-82.085991,18.729971,2025-07-21,20250720,41,qcobs_profile_orig
-90.329803,25.148100,2025-07-21,20250720,39,qcobs_profile_orig
-94.134644,20.685520,2025-07-22,20250720,41,qcobs_profile_orig
-89.981537,26.912130,2025-07-22,20250720,41,qcobs_profile_orig
-84.513023,24.945690,2025-07-22,20250720,41,qcobs_profile_orig
-87.102173,27.518450,2025-07-22,20250720,41,qcobs_profile_orig
-84.496147,24.701651,2025-07-22,20250720,41,qcobs_profile_orig
-88.573051,25.303419,2025-07-22,20250720,41,qcobs_profile_orig
-87.595306,27.758650,2025-07-22,20250720,41,qcobs_profile_orig
-87.990952,27.999729,2025-07-22,20250720,41,qcobs_profile_orig
-96.094704,24.210150,2025-07-22,20250720,41,qcobs_profile_orig
-85.678589,19.720921,2025-07-22,20250720,41,qcobs_profile_orig
-90.076302,26.486200,2025-07-23,20250720,36,qcobs_profile_orig
-89.251839,28.150841,2025-07-23,20250720,29,qcobs_profile_orig
-92.701210,20.573400,2025-07-23,20250720,41,qcobs_profile_orig
-88.858078,26.038931,2025-07-23,20250720,41,qcobs_profile_orig
-90.393578,26.378241,2025-07-23,20250720,41,qcobs_profile_orig
-96.747543,22.717710,2025-07-23,20250720,40,qcobs_profile_orig
-93.845657,20.957781,2025-07-24,20250720,41,qcobs_profile_orig
-87.370911,27.450319,2025-07-24,20250720,41,qcobs_profile_orig
-91.857857,24.436350,2025-07-24,20250720,41,qcobs_profile_orig
-87.267479,26.729090,2025-07-24,20250720,41,qcobs_profile_orig
-94.303192,20.502701,2025-07-17,20250721,40,qcobs_profile_orig
-89.824760,27.098709,2025-07-17,20250721,41,qcobs_profile_orig
-84.548302,24.987619,2025-07-17,20250721,41,qcobs_profile_orig
-87.181137,27.502399,2025-07-17,20250721,41,qcobs_profile_orig
-84.366119,24.514250,2025-07-17,20250721,41,qcobs_profile_orig
-88.986816,25.226540,2025-07-17,20250721,41,qcobs_profile_orig
-87.479088,27.714279,2025-07-17,20250721,41,qcobs_profile_orig
-88.007980,28.079630,2025-07-17,20250721,41,qcobs_profile_orig
-96.125252,24.132900,2025-07-17,20250721,41,qcobs_profile_orig
-89.251091,28.157490,2025-07-18,20250721,29,qcobs_profile_orig
-92.665909,20.570921,2025-07-18,20250721,41,qcobs_profile_orig
-88.412048,25.517170,2025-07-18,20250721,41,qcobs_profile_orig
-90.802963,26.365370,2025-07-18,20250721,41,qcobs_profile_orig
-96.663498,22.724279,2025-07-18,20250721,41,qcobs_profile_orig
-78.992096,20.057262,2025-07-18,20250721,39,qcobs_profile_orig
-93.883324,20.828480,2025-07-19,20250721,41,qcobs_profile_orig
-87.405647,27.614630,2025-07-19,20250721,41,qcobs_profile_orig
-91.778809,24.346291,2025-07-19,20250721,41,qcobs_profile_orig
-87.352882,27.176350,2025-07-19,20250721,41,qcobs_profile_orig
-94.368301,19.937130,2025-07-20,20250721,36,qcobs_profile_orig
-89.951569,27.234489,2025-07-20,20250721,39,qcobs_profile_orig
-80.192436,24.286940,2025-07-20,20250721,29,qcobs_profile_orig
-87.915611,27.946051,2025-07-20,20250721,41,qcobs_profile_orig
-80.795517,23.854120,2025-07-21,20250721,33,qcobs_profile_orig
-89.498734,27.754410,2025-07-21,20250721,33,qcobs_profile_orig
-90.887772,27.145531,2025-07-21,20250721,37,qcobs_profile_orig
-85.316879,23.446329,2025-07-21,20250721,37,qcobs_profile_orig
-85.885902,25.768660,2025-07-21,20250721,40,qcobs_profile_orig
-82.085991,18.729971,2025-07-21,20250721,41,qcobs_profile_orig
-90.329803,25.148100,2025-07-21,20250721,39,qcobs_profile_orig
-94.134644,20.685520,2025-07-22,20250721,41,qcobs_profile_orig
-89.981537,26.912130,2025-07-22,20250721,41,qcobs_profile_orig
-84.513023,24.945690,2025-07-22,20250721,41,qcobs_profile_orig
-87.102173,27.518450,2025-07-22,20250721,41,qcobs_profile_orig
-84.496147,24.701651,2025-07-22,20250721,41,qcobs_profile_orig
-88.573051,25.303419,2025-07-22,20250721,41,qcobs_profile_orig
-87.595306,27.758650,2025-07-22,20250721,41,qcobs_profile_orig
-87.990952,27.999729,2025-07-22,20250721,41,qcobs_profile_orig
-96.094704,24.210150,2025-07-22,20250721,41,qcobs_profile_orig
-85.678589,19.720921,2025-07-22,20250721,41,qcobs_profile_orig
-90.076302,26.486200,2025-07-23,20250721,36,qcobs_profile_orig
-89.251839,28.150841,2025-07-23,20250721,29,qcobs_profile_orig
-92.701210,20.573400,2025-07-23,20250721,41,qcobs_profile_orig
-88.858078,26.038931,2025-07-23,20250721,41,qcobs_profile_orig
-90.393578,26.378241,2025-07-23,20250721,41,qcobs_profile_orig
-96.747543,22.717710,2025-07-23,20250721,40,qcobs_profile_orig
-93.845657,20.957781,2025-07-24,20250721,41,qcobs_profile_orig
-87.370911,27.450319,2025-07-24,20250721,41,qcobs_profile_orig
-91.857857,24.436350,2025-07-24,20250721,41,qcobs_profile_orig
-87.267479,26.729090,2025-07-24,20250721,41,qcobs_profile_orig
-89.395638,27.350929,2025-07-25,20250721,41,qcobs_profile_orig
-80.158691,24.322760,2025-07-25,20250721,29,qcobs_profile_orig
-85.326241,23.130640,2025-07-25,20250721,39,qcobs_profile_orig
-89.251091,28.157490,2025-07-18,20250722,29,qcobs_profile_orig
-92.665909,20.570921,2025-07-18,20250722,41,qcobs_profile_orig
-88.412048,25.517170,2025-07-18,20250722,41,qcobs_profile_orig
-90.802963,26.365370,2025-07-18,20250722,41,qcobs_profile_orig
-96.663498,22.724279,2025-07-18,20250722,41,qcobs_profile_orig
-78.992096,20.057262,2025-07-18,20250722,39,qcobs_profile_orig
-93.883324,20.828480,2025-07-19,20250722,41,qcobs_profile_orig
-87.405647,27.614630,2025-07-19,20250722,41,qcobs_profile_orig
-91.778809,24.346291,2025-07-19,20250722,41,qcobs_profile_orig
-87.352882,27.176350,2025-07-19,20250722,41,qcobs_profile_orig
-94.368301,19.937130,2025-07-20,20250722,36,qcobs_profile_orig
-89.951569,27.234489,2025-07-20,20250722,39,qcobs_profile_orig
-80.192436,24.286940,2025-07-20,20250722,29,qcobs_profile_orig
-87.915611,27.946051,2025-07-20,20250722,41,qcobs_profile_orig
-80.795517,23.854120,2025-07-21,20250722,33,qcobs_profile_orig
-89.498734,27.754410,2025-07-21,20250722,33,qcobs_profile_orig
-90.887772,27.145531,2025-07-21,20250722,37,qcobs_profile_orig
-85.316879,23.446329,2025-07-21,20250722,37,qcobs_profile_orig
-85.885902,25.768660,2025-07-21,20250722,40,qcobs_profile_orig
-82.085991,18.729971,2025-07-21,20250722,41,qcobs_profile_orig
-90.329803,25.148100,2025-07-21,20250722,39,qcobs_profile_orig
-94.134644,20.685520,2025-07-22,20250722,41,qcobs_profile_orig
-89.981537,26.912130,2025-07-22,20250722,41,qcobs_profile_orig
-84.513023,24.945690,2025-07-22,20250722,41,qcobs_profile_orig
-87.102173,27.518450,2025-07-22,20250722,41,qcobs_profile_orig
-84.496147,24.701651,2025-07-22,20250722,41,qcobs_profile_orig
-88.573051,25.303419,2025-07-22,20250722,41,qcobs_profile_orig
-87.595306,27.758650,2025-07-22,20250722,41,qcobs_profile_orig
-87.990952,27.999729,2025-07-22,20250722,41,qcobs_profile_orig
-96.094704,24.210150,2025-07-22,20250722,41,qcobs_profile_orig
-85.678589,19.720921,2025-07-22,20250722,41,qcobs_profile_orig
-90.076302,26.486200,2025-07-23,20250722,36,qcobs_profile_orig
-89.251839,28.150841,2025-07-23,20250722,29,qcobs_profile_orig
-92.701210,20.573400,2025-07-23,20250722,41,qcobs_profile_orig
-88.858078,26.038931,2025-07-23,20250722,41,qcobs_profile_orig
-90.393578,26.378241,2025-07-23,20250722,41,qcobs_profile_orig
-96.747543,22.717710,2025-07-23,20250722,40,qcobs_profile_orig
-93.845657,20.957781,2025-07-24,20250722,41,qcobs_profile_orig
-87.370911,27.450319,2025-07-24,20250722,41,qcobs_profile_orig
-91.857857,24.436350,2025-07-24,20250722,41,qcobs_profile_orig
-87.267479,26.729090,2025-07-24,20250722,41,qcobs_profile_orig
-89.395638,27.350929,2025-07-25,20250722,41,qcobs_profile_orig
-80.158691,24.322760,2025-07-25,20250722,29,qcobs_profile_orig
-85.326241,23.130640,2025-07-25,20250722,39,qcobs_profile_orig
-94.338600,19.956551,2025-07-26,20250722,35,qcobs_profile_orig
-80.769691,23.843550,2025-07-26,20250722,32,qcobs_profile_orig
-89.493187,27.738041,2025-07-26,20250722,33,qcobs_profile_orig
-90.857742,27.070230,2025-07-26,20250722,37,qcobs_profile_orig
-87.890297,27.979561,2025-07-26,20250722,41,qcobs_profile_orig
-86.566711,25.661880,2025-07-26,20250722,40,qcobs_profile_orig
-88.131798,27.314899,2025-07-26,20250722,40,qcobs_profile_orig
-93.883324,20.828480,2025-07-19,20250723,41,qcobs_profile_orig
-87.405647,27.614630,2025-07-19,20250723,41,qcobs_profile_orig
-91.778809,24.346291,2025-07-19,20250723,41,qcobs_profile_orig
-87.352882,27.176350,2025-07-19,20250723,41,qcobs_profile_orig
-94.368301,19.937130,2025-07-20,20250723,36,qcobs_profile_orig
-89.951569,27.234489,2025-07-20,20250723,39,qcobs_profile_orig
-80.192436,24.286940,2025-07-20,20250723,29,qcobs_profile_orig
-87.915611,27.946051,2025-07-20,20250723,41,qcobs_profile_orig
-80.795517,23.854120,2025-07-21,20250723,33,qcobs_profile_orig
-89.498734,27.754410,2025-07-21,20250723,33,qcobs_profile_orig
-90.887772,27.145531,2025-07-21,20250723,37,qcobs_profile_orig
-85.316879,23.446329,2025-07-21,20250723,37,qcobs_profile_orig
-85.885902,25.768660,2025-07-21,20250723,40,qcobs_profile_orig
-82.085991,18.729971,2025-07-21,20250723,41,qcobs_profile_orig
-90.329803,25.148100,2025-07-21,20250723,39,qcobs_profile_orig
-94.134644,20.685520,2025-07-22,20250723,41,qcobs_profile_orig
-89.981537,26.912130,2025-07-22,20250723,41,qcobs_profile_orig
-84.513023,24.945690,2025-07-22,20250723,41,qcobs_profile_orig
-87.102173,27.518450,2025-07-22,20250723,41,qcobs_profile_orig
-84.496147,24.701651,2025-07-22,20250723,41,qcobs_profile_orig
-88.573051,25.303419,2025-07-22,20250723,41,qcobs_profile_orig
-87.595306,27.758650,2025-07-22,20250723,41,qcobs_profile_orig
-87.990952,27.999729,2025-07-22,20250723,41,qcobs_profile_orig
-96.094704,24.210150,2025-07-22,20250723,41,qcobs_profile_orig
-85.678589,19.720921,2025-07-22,20250723,41,qcobs_profile_orig
-90.076302,26.486200,2025-07-23,20250723,36,qcobs_profile_orig
-89.251839,28.150841,2025-07-23,20250723,29,qcobs_profile_orig
-92.701210,20.573400,2025-07-23,20250723,41,qcobs_profile_orig
-88.858078,26.038931,2025-07-23,20250723,41,qcobs_profile_orig
-90.393578,26.378241,2025-07-23,20250723,41,qcobs_profile_orig
-96.747543,22.717710,2025-07-23,20250723,40,qcobs_profile_orig
-93.845657,20.957781,2025-07-24,20250723,41,qcobs_profile_orig
-87.370911,27.450319,2025-07-24,20250723,41,qcobs_profile_orig
-91.857857,24.436350,2025-07-24,20250723,41,qcobs_profile_orig
-87.267479,26.729090,2025-07-24,20250723,41,qcobs_profile_orig
-89.395638,27.350929,2025-07-25,20250723,41,qcobs_profile_orig
-80.158691,24.322760,2025-07-25,20250723,29,qcobs_profile_orig
-85.326241,23.130640,2025-07-25,20250723,39,qcobs_profile_orig
-94.338600,19.956551,2025-07-26,20250723,35,qcobs_profile_orig
-80.769691,23.843550,2025-07-26,20250723,32,qcobs_profile_orig
-89.493187,27.738041,2025-07-26,20250723,33,qcobs_profile_orig
-90.857742,27.070230,2025-07-26,20250723,37,qcobs_profile_orig
-87.890297,27.979561,2025-07-26,20250723,41,qcobs_profile_orig
-86.566711,25.661880,2025-07-26,20250723,40,qcobs_profile_orig
-88.131798,27.314899,2025-07-26,20250723,40,qcobs_profile_orig
-94.557404,25.834101,2025-07-27,20250723,35,qcobs_profile_orig
-94.087440,20.822720,2025-07-27,20250723,41,qcobs_profile_orig
-90.365479,26.774290,2025-07-27,20250723,41,qcobs_profile_orig
-84.518303,25.047850,2025-07-27,20250723,41,qcobs_profile_orig
-87.073822,27.176491,2025-07-27,20250723,41,qcobs_profile_orig
-84.885460,25.088770,2025-07-27,20250723,41,qcobs_profile_orig
-88.373291,25.257099,2025-07-27,20250723,41,qcobs_profile_orig
-87.593941,27.557119,2025-07-27,20250723,41,qcobs_profile_orig
-88.055168,28.026239,2025-07-27,20250723,41,qcobs_profile_orig
-95.971931,24.271669,2025-07-27,20250723,41,qcobs_profile_orig
-94.368301,19.937130,2025-07-20,20250724,36,qcobs_profile_orig
-89.951569,27.234489,2025-07-20,20250724,39,qcobs_profile_orig
-80.192436,24.286940,2025-07-20,20250724,29,qcobs_profile_orig
-87.915611,27.946051,2025-07-20,20250724,41,qcobs_profile_orig
-80.795517,23.854120,2025-07-21,20250724,33,qcobs_profile_orig
-89.498734,27.754410,2025-07-21,20250724,33,qcobs_profile_orig
-90.887772,27.145531,2025-07-21,20250724,37,qcobs_profile_orig
-85.316879,23.446329,2025-07-21,20250724,37,qcobs_profile_orig
-85.885902,25.768660,2025-07-21,20250724,40,qcobs_profile_orig
-82.085991,18.729971,2025-07-21,20250724,41,qcobs_profile_orig
-90.329803,25.148100,2025-07-21,20250724,39,qcobs_profile_orig
-94.134644,20.685520,2025-07-22,20250724,41,qcobs_profile_orig
-89.981537,26.912130,2025-07-22,20250724,41,qcobs_profile_orig
-84.513023,24.945690,2025-07-22,20250724,41,qcobs_profile_orig
-87.102173,27.518450,2025-07-22,20250724,41,qcobs_profile_orig
-84.496147,24.701651,2025-07-22,20250724,41,qcobs_profile_orig
-88.573051,25.303419,2025-07-22,20250724,41,qcobs_profile_orig
-87.595306,27.758650,2025-07-22,20250724,41,qcobs_profile_orig
-87.990952,27.999729,2025-07-22,20250724,41,qcobs_profile_orig
-96.094704,24.210150,2025-07-22,20250724,41,qcobs_profile_orig
-85.678589,19.720921,2025-07-22,20250724,41,qcobs_profile_orig
-90.076302,26.486200,2025-07-23,20250724,36,qcobs_profile_orig
-89.251839,28.150841,2025-07-23,20250724,29,qcobs_profile_orig
-92.701210,20.573400,2025-07-23,20250724,41,qcobs_profile_orig
-88.858078,26.038931,2025-07-23,20250724,41,qcobs_profile_orig
-90.393578,26.378241,2025-07-23,20250724,41,qcobs_profile_orig
-96.747543,22.717710,2025-07-23,20250724,40,qcobs_profile_orig
-93.845657,20.957781,2025-07-24,20250724,41,qcobs_profile_orig
-87.370911,27.450319,2025-07-24,20250724,41,qcobs_profile_orig
-91.857857,24.436350,2025-07-24,20250724,41,qcobs_profile_orig
-87.267479,26.729090,2025-07-24,20250724,41,qcobs_profile_orig
-89.395638,27.350929,2025-07-25,20250724,41,qcobs_profile_orig
-80.158691,24.322760,2025-07-25,20250724,29,qcobs_profile_orig
-85.326241,23.130640,2025-07-25,20250724,39,qcobs_profile_orig
-94.338600,19.956551,2025-07-26,20250724,35,qcobs_profile_orig
-80.769691,23.843550,2025-07-26,20250724,32,qcobs_profile_orig
-89.493187,27.738041,2025-07-26,20250724,33,qcobs_profile_orig
-90.857742,27.070230,2025-07-26,20250724,37,qcobs_profile_orig
-87.890297,27.979561,2025-07-26,20250724,41,qcobs_profile_orig
-86.566711,25.661880,2025-07-26,20250724,40,qcobs_profile_orig
-88.131798,27.314899,2025-07-26,20250724,40,qcobs_profile_orig
-94.557404,25.834101,2025-07-27,20250724,35,qcobs_profile_orig
-94.087440,20.822720,2025-07-27,20250724,41,qcobs_profile_orig
-90.365479,26.774290,2025-07-27,20250724,41,qcobs_profile_orig
-84.518303,25.047850,2025-07-27,20250724,41,qcobs_profile_orig
-87.073822,27.176491,2025-07-27,20250724,41,qcobs_profile_orig
-84.885460,25.088770,2025-07-27,20250724,41,qcobs_profile_orig
-88.373291,25.257099,2025-07-27,20250724,41,qcobs_profile_orig
-87.593941,27.557119,2025-07-27,20250724,41,qcobs_profile_orig
-88.055168,28.026239,2025-07-27,20250724,41,qcobs_profile_orig
-95.971931,24.271669,2025-07-27,20250724,41,qcobs_profile_orig
-89.260742,28.152300,2025-07-28,20250724,28,qcobs_profile_orig
-92.694298,20.507170,2025-07-28,20250724,41,qcobs_profile_orig
-89.150650,26.438890,2025-07-28,20250724,41,qcobs_profile_orig
-90.666656,26.255911,2025-07-28,20250724,41,qcobs_profile_orig
-96.810631,22.739010,2025-07-28,20250724,38,qcobs_profile_orig
-78.948769,20.199032,2025-07-28,20250724,41,qcobs_profile_orig
-80.795517,23.854120,2025-07-21,20250725,33,qcobs_profile_orig
-89.498734,27.754410,2025-07-21,20250725,33,qcobs_profile_orig
-90.887772,27.145531,2025-07-21,20250725,37,qcobs_profile_orig
-85.316879,23.446329,2025-07-21,20250725,37,qcobs_profile_orig
-85.885902,25.768660,2025-07-21,20250725,40,qcobs_profile_orig
-82.085991,18.729971,2025-07-21,20250725,41,qcobs_profile_orig
-90.329803,25.148100,2025-07-21,20250725,39,qcobs_profile_orig
-94.134644,20.685520,2025-07-22,20250725,41,qcobs_profile_orig
-89.981537,26.912130,2025-07-22,20250725,41,qcobs_profile_orig
-84.513023,24.945690,2025-07-22,20250725,41,qcobs_profile_orig
-87.102173,27.518450,2025-07-22,20250725,41,qcobs_profile_orig
-84.496147,24.701651,2025-07-22,20250725,41,qcobs_profile_orig
-88.573051,25.303419,2025-07-22,20250725,41,qcobs_profile_orig
-87.595306,27.758650,2025-07-22,20250725,41,qcobs_profile_orig
-87.990952,27.999729,2025-07-22,20250725,41,qcobs_profile_orig
-96.094704,24.210150,2025-07-22,20250725,41,qcobs_profile_orig
-85.678589,19.720921,2025-07-22,20250725,41,qcobs_profile_orig
-90.076302,26.486200,2025-07-23,20250725,36,qcobs_profile_orig
-89.251839,28.150841,2025-07-23,20250725,29,qcobs_profile_orig
-92.701210,20.573400,2025-07-23,20250725,41,qcobs_profile_orig
-88.858078,26.038931,2025-07-23,20250725,41,qcobs_profile_orig
-90.393578,26.378241,2025-07-23,20250725,41,qcobs_profile_orig
-96.747543,22.717710,2025-07-23,20250725,40,qcobs_profile_orig
-93.845657,20.957781,2025-07-24,20250725,41,qcobs_profile_orig
-87.370911,27.450319,2025-07-24,20250725,41,qcobs_profile_orig
-91.857857,24.436350,2025-07-24,20250725,41,qcobs_profile_orig
-87.267479,26.729090,2025-07-24,20250725,41,qcobs_profile_orig
-89.395638,27.350929,2025-07-25,20250725,41,qcobs_profile_orig
-80.158691,24.322760,2025-07-25,20250725,29,qcobs_profile_orig
-85.326241,23.130640,2025-07-25,20250725,39,qcobs_profile_orig
-94.338600,19.956551,2025-07-26,20250725,35,qcobs_profile_orig
-80.769691,23.843550,2025-07-26,20250725,32,qcobs_profile_orig
-89.493187,27.738041,2025-07-26,20250725,33,qcobs_profile_orig
-90.857742,27.070230,2025-07-26,20250725,37,qcobs_profile_orig
-87.890297,27.979561,2025-07-26,20250725,41,qcobs_profile_orig
-86.566711,25.661880,2025-07-26,20250725,40,qcobs_profile_orig
-88.131798,27.314899,2025-07-26,20250725,40,qcobs_profile_orig
-94.557404,25.834101,2025-07-27,20250725,35,qcobs_profile_orig
-94.087440,20.822720,2025-07-27,20250725,41,qcobs_profile_orig
-90.365479,26.774290,2025-07-27,20250725,41,qcobs_profile_orig
-84.518303,25.047850,2025-07-27,20250725,41,qcobs_profile_orig
-87.073822,27.176491,2025-07-27,20250725,41,qcobs_profile_orig
-84.885460,25.088770,2025-07-27,20250725,41,qcobs_profile_orig
-88.373291,25.257099,2025-07-27,20250725,41,qcobs_profile_orig
-87.593941,27.557119,2025-07-27,20250725,41,qcobs_profile_orig
-88.055168,28.026239,2025-07-27,20250725,41,qcobs_profile_orig
-95.971931,24.271669,2025-07-27,20250725,41,qcobs_profile_orig
-89.260742,28.152300,2025-07-28,20250725,28,qcobs_profile_orig
-92.694298,20.507170,2025-07-28,20250725,41,qcobs_profile_orig
-89.150650,26.438890,2025-07-28,20250725,41,qcobs_profile_orig
-90.666656,26.255911,2025-07-28,20250725,41,qcobs_profile_orig
-96.810631,22.739010,2025-07-28,20250725,38,qcobs_profile_orig
-78.948769,20.199032,2025-07-28,20250725,41,qcobs_profile_orig
-93.765877,21.069090,2025-07-29,20250725,41,qcobs_profile_orig
-87.327499,26.981581,2025-07-29,20250725,41,qcobs_profile_orig
-91.972839,24.510229,2025-07-29,20250725,41,qcobs_profile_orig
-86.951599,26.370701,2025-07-29,20250725,41,qcobs_profile_orig
-94.134644,20.685520,2025-07-22,20250726,41,qcobs_profile_orig
-89.981537,26.912130,2025-07-22,20250726,41,qcobs_profile_orig
-84.513023,24.945690,2025-07-22,20250726,41,qcobs_profile_orig
-87.102173,27.518450,2025-07-22,20250726,41,qcobs_profile_orig
-84.496147,24.701651,2025-07-22,20250726,41,qcobs_profile_orig
-88.573051,25.303419,2025-07-22,20250726,41,qcobs_profile_orig
-87.595306,27.758650,2025-07-22,20250726,41,qcobs_profile_orig
-87.990952,27.999729,2025-07-22,20250726,41,qcobs_profile_orig
-96.094704,24.210150,2025-07-22,20250726,41,qcobs_profile_orig
-85.678589,19.720921,2025-07-22,20250726,41,qcobs_profile_orig
-90.076302,26.486200,2025-07-23,20250726,36,qcobs_profile_orig
-89.251839,28.150841,2025-07-23,20250726,29,qcobs_profile_orig
-92.701210,20.573400,2025-07-23,20250726,41,qcobs_profile_orig
-88.858078,26.038931,2025-07-23,20250726,41,qcobs_profile_orig
-90.393578,26.378241,2025-07-23,20250726,41,qcobs_profile_orig
-96.747543,22.717710,2025-07-23,20250726,40,qcobs_profile_orig
-93.845657,20.957781,2025-07-24,20250726,41,qcobs_profile_orig
-87.370911,27.450319,2025-07-24,20250726,41,qcobs_profile_orig
-91.857857,24.436350,2025-07-24,20250726,41,qcobs_profile_orig
-87.267479,26.729090,2025-07-24,20250726,41,qcobs_profile_orig
-89.395638,27.350929,2025-07-25,20250726,41,qcobs_profile_orig
-80.158691,24.322760,2025-07-25,20250726,29,qcobs_profile_orig
-85.326241,23.130640,2025-07-25,20250726,39,qcobs_profile_orig
-94.338600,19.956551,2025-07-26,20250726,35,qcobs_profile_orig
-80.769691,23.843550,2025-07-26,20250726,32,qcobs_profile_orig
-89.493187,27.738041,2025-07-26,20250726,31,qcobs_profile_orig
-90.857742,27.070230,2025-07-26,20250726,37,qcobs_profile_orig
-87.890297,27.979561,2025-07-26,20250726,41,qcobs_profile_orig
-86.566711,25.661880,2025-07-26,20250726,40,qcobs_profile_orig
-88.131798,27.314899,2025-07-26,20250726,40,qcobs_profile_orig
-94.557404,25.834101,2025-07-27,20250726,35,qcobs_profile_orig
-94.087440,20.822720,2025-07-27,20250726,41,qcobs_profile_orig
-90.365479,26.774290,2025-07-27,20250726,41,qcobs_profile_orig
-84.518303,25.047850,2025-07-27,20250726,41,qcobs_profile_orig
-87.073822,27.176491,2025-07-27,20250726,41,qcobs_profile_orig
-84.885460,25.088770,2025-07-27,20250726,41,qcobs_profile_orig
-88.373291,25.257099,2025-07-27,20250726,41,qcobs_profile_orig
-87.593941,27.557119,2025-07-27,20250726,41,qcobs_profile_orig
-88.055168,28.026239,2025-07-27,20250726,41,qcobs_profile_orig
-95.971931,24.271669,2025-07-27,20250726,41,qcobs_profile_orig
-89.260742,28.152300,2025-07-28,20250726,28,qcobs_profile_orig
-92.694298,20.507170,2025-07-28,20250726,41,qcobs_profile_orig
-89.150650,26.438890,2025-07-28,20250726,41,qcobs_profile_orig
-90.666656,26.255911,2025-07-28,20250726,41,qcobs_profile_orig
-96.810631,22.739010,2025-07-28,20250726,38,qcobs_profile_orig
-78.948769,20.199032,2025-07-28,20250726,41,qcobs_profile_orig
-93.765877,21.069090,2025-07-29,20250726,41,qcobs_profile_orig
-87.327499,26.981581,2025-07-29,20250726,41,qcobs_profile_orig
-91.972839,24.510229,2025-07-29,20250726,41,qcobs_profile_orig
-86.951599,26.370701,2025-07-29,20250726,41,qcobs_profile_orig
-89.393791,27.196430,2025-07-30,20250726,41,qcobs_profile_orig
-80.114632,24.363371,2025-07-30,20250726,29,qcobs_profile_orig
-85.436447,22.995070,2025-07-30,20250726,40,qcobs_profile_orig
-90.076302,26.486200,2025-07-23,20250727,36,qcobs_profile_orig
-89.251839,28.150841,2025-07-23,20250727,29,qcobs_profile_orig
-92.701210,20.573400,2025-07-23,20250727,41,qcobs_profile_orig
-88.858078,26.038931,2025-07-23,20250727,41,qcobs_profile_orig
-90.393578,26.378241,2025-07-23,20250727,41,qcobs_profile_orig
-96.747543,22.717710,2025-07-23,20250727,40,qcobs_profile_orig
-93.845657,20.957781,2025-07-24,20250727,41,qcobs_profile_orig
-87.370911,27.450319,2025-07-24,20250727,41,qcobs_profile_orig
-91.857857,24.436350,2025-07-24,20250727,41,qcobs_profile_orig
-87.267479,26.729090,2025-07-24,20250727,41,qcobs_profile_orig
-89.395638,27.350929,2025-07-25,20250727,41,qcobs_profile_orig
-80.158691,24.322760,2025-07-25,20250727,29,qcobs_profile_orig
-85.326241,23.130640,2025-07-25,20250727,39,qcobs_profile_orig
-94.338600,19.956551,2025-07-26,20250727,35,qcobs_profile_orig
-80.769691,23.843550,2025-07-26,20250727,32,qcobs_profile_orig
-89.493187,27.738041,2025-07-26,20250727,32,qcobs_profile_orig
-90.857742,27.070230,2025-07-26,20250727,37,qcobs_profile_orig
-87.890297,27.979561,2025-07-26,20250727,41,qcobs_profile_orig
-86.566711,25.661880,2025-07-26,20250727,40,qcobs_profile_orig
-88.131798,27.314899,2025-07-26,20250727,40,qcobs_profile_orig
-94.557404,25.834101,2025-07-27,20250727,35,qcobs_profile_orig
-94.087440,20.822720,2025-07-27,20250727,41,qcobs_profile_orig
-90.365479,26.774290,2025-07-27,20250727,41,qcobs_profile_orig
-84.518303,25.047850,2025-07-27,20250727,41,qcobs_profile_orig
-87.073822,27.176491,2025-07-27,20250727,41,qcobs_profile_orig
-84.885460,25.088770,2025-07-27,20250727,41,qcobs_profile_orig
-88.373291,25.257099,2025-07-27,20250727,41,qcobs_profile_orig
-87.593941,27.557119,2025-07-27,20250727,41,qcobs_profile_orig
-88.055168,28.026239,2025-07-27,20250727,41,qcobs_profile_orig
-95.971931,24.271669,2025-07-27,20250727,41,qcobs_profile_orig
-89.260742,28.152300,2025-07-28,20250727,28,qcobs_profile_orig
-92.694298,20.507170,2025-07-28,20250727,41,qcobs_profile_orig
-89.150650,26.438890,2025-07-28,20250727,41,qcobs_profile_orig
-90.666656,26.255911,2025-07-28,20250727,41,qcobs_profile_orig
-96.810631,22.739010,2025-07-28,20250727,38,qcobs_profile_orig
-78.948769,20.199032,2025-07-28,20250727,41,qcobs_profile_orig
-93.765877,21.069090,2025-07-29,20250727,41,qcobs_profile_orig
-87.327499,26.981581,2025-07-29,20250727,41,qcobs_profile_orig
-91.972839,24.510229,2025-07-29,20250727,41,qcobs_profile_orig
-86.951599,26.370701,2025-07-29,20250727,41,qcobs_profile_orig
-89.393791,27.196430,2025-07-30,20250727,41,qcobs_profile_orig
-80.114632,24.363371,2025-07-30,20250727,29,qcobs_profile_orig
-85.436447,22.995070,2025-07-30,20250727,40,qcobs_profile_orig
-94.326286,19.969761,2025-07-31,20250727,34,qcobs_profile_orig
-80.743492,23.836439,2025-07-31,20250727,32,qcobs_profile_orig
-89.497368,27.713539,2025-07-31,20250727,31,qcobs_profile_orig
-90.785500,26.985680,2025-07-31,20250727,37,qcobs_profile_orig
-87.831299,27.947439,2025-07-31,20250727,41,qcobs_profile_orig
-86.350304,26.001789,2025-07-31,20250727,40,qcobs_profile_orig
-93.845657,20.957781,2025-07-24,20250728,41,qcobs_profile_orig
-87.370911,27.450319,2025-07-24,20250728,41,qcobs_profile_orig
-91.857857,24.436350,2025-07-24,20250728,41,qcobs_profile_orig
-87.267479,26.729090,2025-07-24,20250728,41,qcobs_profile_orig
-89.395638,27.350929,2025-07-25,20250728,41,qcobs_profile_orig
-80.158691,24.322760,2025-07-25,20250728,29,qcobs_profile_orig
-85.326241,23.130640,2025-07-25,20250728,39,qcobs_profile_orig
-94.338600,19.956551,2025-07-26,20250728,35,qcobs_profile_orig
-80.769691,23.843550,2025-07-26,20250728,32,qcobs_profile_orig
-89.493187,27.738041,2025-07-26,20250728,33,qcobs_profile_orig
-90.857742,27.070230,2025-07-26,20250728,37,qcobs_profile_orig
-87.890297,27.979561,2025-07-26,20250728,41,qcobs_profile_orig
-86.566711,25.661880,2025-07-26,20250728,40,qcobs_profile_orig
-88.131798,27.314899,2025-07-26,20250728,40,qcobs_profile_orig
-94.557404,25.834101,2025-07-27,20250728,35,qcobs_profile_orig
-94.087440,20.822720,2025-07-27,20250728,41,qcobs_profile_orig
-90.365479,26.774290,2025-07-27,20250728,41,qcobs_profile_orig
-84.518303,25.047850,2025-07-27,20250728,41,qcobs_profile_orig
-87.073822,27.176491,2025-07-27,20250728,41,qcobs_profile_orig
-84.885460,25.088770,2025-07-27,20250728,41,qcobs_profile_orig
-88.373291,25.257099,2025-07-27,20250728,41,qcobs_profile_orig
-87.593941,27.557119,2025-07-27,20250728,41,qcobs_profile_orig
-88.055168,28.026239,2025-07-27,20250728,41,qcobs_profile_orig
-95.971931,24.271669,2025-07-27,20250728,41,qcobs_profile_orig
-89.260742,28.152300,2025-07-28,20250728,28,qcobs_profile_orig
-92.694298,20.507170,2025-07-28,20250728,41,qcobs_profile_orig
-89.150650,26.438890,2025-07-28,20250728,41,qcobs_profile_orig
-90.666656,26.255911,2025-07-28,20250728,41,qcobs_profile_orig
-96.810631,22.739010,2025-07-28,20250728,38,qcobs_profile_orig
-78.948769,20.199032,2025-07-28,20250728,41,qcobs_profile_orig
-93.765877,21.069090,2025-07-29,20250728,41,qcobs_profile_orig
-87.327499,26.981581,2025-07-29,20250728,41,qcobs_profile_orig
-91.972839,24.510229,2025-07-29,20250728,41,qcobs_profile_orig
-86.951599,26.370701,2025-07-29,20250728,41,qcobs_profile_orig
-89.393791,27.196430,2025-07-30,20250728,41,qcobs_profile_orig
-80.114632,24.363371,2025-07-30,20250728,29,qcobs_profile_orig
-85.436447,22.995070,2025-07-30,20250728,40,qcobs_profile_orig
-94.326286,19.969761,2025-07-31,20250728,34,qcobs_profile_orig
-80.743492,23.836439,2025-07-31,20250728,32,qcobs_profile_orig
-89.497368,27.713539,2025-07-31,20250728,31,qcobs_profile_orig
-90.785500,26.985680,2025-07-31,20250728,37,qcobs_profile_orig
-87.831299,27.947439,2025-07-31,20250728,41,qcobs_profile_orig
-86.350304,26.001789,2025-07-31,20250728,40,qcobs_profile_orig
-94.070053,21.010420,2025-08-01,20250728,41,qcobs_profile_orig
-90.259529,26.896521,2025-08-01,20250728,41,qcobs_profile_orig
-84.454613,24.946360,2025-08-01,20250728,40,qcobs_profile_orig
-87.270599,26.663321,2025-08-01,20250728,41,qcobs_profile_orig
-85.560463,25.010750,2025-08-01,20250728,41,qcobs_profile_orig
-87.440376,25.470381,2025-08-01,20250728,41,qcobs_profile_orig
-87.186287,27.444740,2025-08-01,20250728,41,qcobs_profile_orig
-88.106140,28.106030,2025-08-01,20250728,41,qcobs_profile_orig
-95.876427,24.236980,2025-08-01,20250728,41,qcobs_profile_orig
-82.156281,19.018311,2025-08-01,20250728,41,qcobs_profile_orig
-85.839012,20.096189,2025-08-01,20250728,41,qcobs_profile_orig
-90.472000,25.117901,2025-08-01,20250728,39,qcobs_profile_orig
-89.395638,27.350929,2025-07-25,20250729,39,qcobs_profile_orig
-80.158691,24.322760,2025-07-25,20250729,29,qcobs_profile_orig
-85.326241,23.130640,2025-07-25,20250729,39,qcobs_profile_orig
-94.338600,19.956551,2025-07-26,20250729,35,qcobs_profile_orig
-80.769691,23.843550,2025-07-26,20250729,29,qcobs_profile_orig
-89.493187,27.738041,2025-07-26,20250729,33,qcobs_profile_orig
-90.857742,27.070230,2025-07-26,20250729,37,qcobs_profile_orig
-87.890297,27.979561,2025-07-26,20250729,41,qcobs_profile_orig
-86.566711,25.661880,2025-07-26,20250729,40,qcobs_profile_orig
-88.131798,27.314899,2025-07-26,20250729,40,qcobs_profile_orig
-94.557404,25.834101,2025-07-27,20250729,35,qcobs_profile_orig
-94.087440,20.822720,2025-07-27,20250729,41,qcobs_profile_orig
-90.365479,26.774290,2025-07-27,20250729,41,qcobs_profile_orig
-84.518303,25.047850,2025-07-27,20250729,41,qcobs_profile_orig
-87.073822,27.176491,2025-07-27,20250729,41,qcobs_profile_orig
-84.885460,25.088770,2025-07-27,20250729,41,qcobs_profile_orig
-88.373291,25.257099,2025-07-27,20250729,41,qcobs_profile_orig
-87.593941,27.557119,2025-07-27,20250729,41,qcobs_profile_orig
-88.055168,28.026239,2025-07-27,20250729,41,qcobs_profile_orig
-95.971931,24.271669,2025-07-27,20250729,41,qcobs_profile_orig
-89.260742,28.152300,2025-07-28,20250729,28,qcobs_profile_orig
-92.694298,20.507170,2025-07-28,20250729,41,qcobs_profile_orig
-89.150650,26.438890,2025-07-28,20250729,41,qcobs_profile_orig
-90.666656,26.255911,2025-07-28,20250729,41,qcobs_profile_orig
-96.810631,22.739010,2025-07-28,20250729,38,qcobs_profile_orig
-78.948769,20.199032,2025-07-28,20250729,41,qcobs_profile_orig
-93.765877,21.069090,2025-07-29,20250729,41,qcobs_profile_orig
-87.327499,26.981581,2025-07-29,20250729,41,qcobs_profile_orig
-91.972839,24.510229,2025-07-29,20250729,41,qcobs_profile_orig
-86.951599,26.370701,2025-07-29,20250729,41,qcobs_profile_orig
-89.393791,27.196430,2025-07-30,20250729,41,qcobs_profile_orig
-80.114632,24.363371,2025-07-30,20250729,29,qcobs_profile_orig
-85.436447,22.995070,2025-07-30,20250729,40,qcobs_profile_orig
-94.326286,19.969761,2025-07-31,20250729,34,qcobs_profile_orig
-80.743492,23.836439,2025-07-31,20250729,29,qcobs_profile_orig
-89.497368,27.713539,2025-07-31,20250729,29,qcobs_profile_orig
-90.785500,26.985680,2025-07-31,20250729,37,qcobs_profile_orig
-87.831299,27.947439,2025-07-31,20250729,41,qcobs_profile_orig
-86.350304,26.001789,2025-07-31,20250729,40,qcobs_profile_orig
-94.070053,21.010420,2025-08-01,20250729,41,qcobs_profile_orig
-90.259529,26.896521,2025-08-01,20250729,41,qcobs_profile_orig
-84.454613,24.946360,2025-08-01,20250729,40,qcobs_profile_orig
-87.270599,26.663321,2025-08-01,20250729,41,qcobs_profile_orig
-85.560463,25.010750,2025-08-01,20250729,41,qcobs_profile_orig
-87.440376,25.470381,2025-08-01,20250729,41,qcobs_profile_orig
-87.186287,27.444740,2025-08-01,20250729,41,qcobs_profile_orig
-88.106140,28.106030,2025-08-01,20250729,41,qcobs_profile_orig
-95.876427,24.236980,2025-08-01,20250729,41,qcobs_profile_orig
-82.156281,19.018311,2025-08-01,20250729,41,qcobs_profile_orig
-85.839012,20.096189,2025-08-01,20250729,41,qcobs_profile_orig
-90.472000,25.117901,2025-08-01,20250729,39,qcobs_profile_orig
-89.280647,28.152161,2025-08-02,20250729,30,qcobs_profile_orig
-92.780968,20.572880,2025-08-02,20250729,38,qcobs_profile_orig
-89.030327,26.269430,2025-08-02,20250729,41,qcobs_profile_orig
-91.181511,25.992941,2025-08-02,20250729,41,qcobs_profile_orig
-96.842651,22.691971,2025-08-02,20250729,38,qcobs_profile_orig
-94.338600,19.956551,2025-07-26,20250730,35,qcobs_profile_orig
-80.769691,23.843550,2025-07-26,20250730,28,qcobs_profile_orig
-89.493187,27.738041,2025-07-26,20250730,33,qcobs_profile_orig
-90.857742,27.070230,2025-07-26,20250730,37,qcobs_profile_orig
-87.890297,27.979561,2025-07-26,20250730,41,qcobs_profile_orig
-86.566711,25.661880,2025-07-26,20250730,40,qcobs_profile_orig
-88.131798,27.314899,2025-07-26,20250730,40,qcobs_profile_orig
-94.557404,25.834101,2025-07-27,20250730,35,qcobs_profile_orig
-94.087440,20.822720,2025-07-27,20250730,41,qcobs_profile_orig
-90.365479,26.774290,2025-07-27,20250730,41,qcobs_profile_orig
-84.518303,25.047850,2025-07-27,20250730,41,qcobs_profile_orig
-87.073822,27.176491,2025-07-27,20250730,41,qcobs_profile_orig
-84.885460,25.088770,2025-07-27,20250730,41,qcobs_profile_orig
-88.373291,25.257099,2025-07-27,20250730,41,qcobs_profile_orig
-87.593941,27.557119,2025-07-27,20250730,41,qcobs_profile_orig
-88.055168,28.026239,2025-07-27,20250730,41,qcobs_profile_orig
-95.971931,24.271669,2025-07-27,20250730,41,qcobs_profile_orig
-89.260742,28.152300,2025-07-28,20250730,28,qcobs_profile_orig
-92.694298,20.507170,2025-07-28,20250730,41,qcobs_profile_orig
-89.150650,26.438890,2025-07-28,20250730,41,qcobs_profile_orig
-90.666656,26.255911,2025-07-28,20250730,41,qcobs_profile_orig
-96.810631,22.739010,2025-07-28,20250730,38,qcobs_profile_orig
-78.948769,20.199032,2025-07-28,20250730,41,qcobs_profile_orig
-93.765877,21.069090,2025-07-29,20250730,41,qcobs_profile_orig
-87.327499,26.981581,2025-07-29,20250730,41,qcobs_profile_orig
-91.972839,24.510229,2025-07-29,20250730,41,qcobs_profile_orig
-86.951599,26.370701,2025-07-29,20250730,41,qcobs_profile_orig
-89.393791,27.196430,2025-07-30,20250730,41,qcobs_profile_orig
-80.114632,24.363371,2025-07-30,20250730,29,qcobs_profile_orig
-85.436447,22.995070,2025-07-30,20250730,40,qcobs_profile_orig
-94.326286,19.969761,2025-07-31,20250730,34,qcobs_profile_orig
-80.743492,23.836439,2025-07-31,20250730,28,qcobs_profile_orig
-89.497368,27.713539,2025-07-31,20250730,29,qcobs_profile_orig
-90.785500,26.985680,2025-07-31,20250730,37,qcobs_profile_orig
-87.831299,27.947439,2025-07-31,20250730,41,qcobs_profile_orig
-86.350304,26.001789,2025-07-31,20250730,40,qcobs_profile_orig
-94.070053,21.010420,2025-08-01,20250730,41,qcobs_profile_orig
-90.259529,26.896521,2025-08-01,20250730,41,qcobs_profile_orig
-84.454613,24.946360,2025-08-01,20250730,40,qcobs_profile_orig
-87.270599,26.663321,2025-08-01,20250730,41,qcobs_profile_orig
-85.560463,25.010750,2025-08-01,20250730,41,qcobs_profile_orig
-87.440376,25.470381,2025-08-01,20250730,41,qcobs_profile_orig
-87.186287,27.444740,2025-08-01,20250730,41,qcobs_profile_orig
-88.106140,28.106030,2025-08-01,20250730,41,qcobs_profile_orig
-95.876427,24.236980,2025-08-01,20250730,41,qcobs_profile_orig
-82.156281,19.018311,2025-08-01,20250730,41,qcobs_profile_orig
-85.839012,20.096189,2025-08-01,20250730,41,qcobs_profile_orig
-90.472000,25.117901,2025-08-01,20250730,39,qcobs_profile_orig
-89.280647,28.152161,2025-08-02,20250730,30,qcobs_profile_orig
-92.780968,20.572880,2025-08-02,20250730,38,qcobs_profile_orig
-89.030327,26.269430,2025-08-02,20250730,41,qcobs_profile_orig
-91.181511,25.992941,2025-08-02,20250730,41,qcobs_profile_orig
-96.842651,22.691971,2025-08-02,20250730,38,qcobs_profile_orig
-93.685158,21.093981,2025-08-03,20250730,41,qcobs_profile_orig
-87.414574,26.826679,2025-08-03,20250730,41,qcobs_profile_orig
-92.097183,24.475780,2025-08-03,20250730,41,qcobs_profile_orig
-85.893784,25.984760,2025-08-03,20250730,41,qcobs_profile_orig
-94.557404,25.834101,2025-07-27,20250731,35,qcobs_profile_orig
-94.087440,20.822720,2025-07-27,20250731,41,qcobs_profile_orig
-90.365479,26.774290,2025-07-27,20250731,41,qcobs_profile_orig
-84.518303,25.047850,2025-07-27,20250731,41,qcobs_profile_orig
-87.073822,27.176491,2025-07-27,20250731,41,qcobs_profile_orig
-84.885460,25.088770,2025-07-27,20250731,41,qcobs_profile_orig
-88.373291,25.257099,2025-07-27,20250731,41,qcobs_profile_orig
-87.593941,27.557119,2025-07-27,20250731,41,qcobs_profile_orig
-88.055168,28.026239,2025-07-27,20250731,41,qcobs_profile_orig
-95.971931,24.271669,2025-07-27,20250731,41,qcobs_profile_orig
-89.260742,28.152300,2025-07-28,20250731,28,qcobs_profile_orig
-92.694298,20.507170,2025-07-28,20250731,41,qcobs_profile_orig
-89.150650,26.438890,2025-07-28,20250731,41,qcobs_profile_orig
-90.666656,26.255911,2025-07-28,20250731,41,qcobs_profile_orig
-96.810631,22.739010,2025-07-28,20250731,38,qcobs_profile_orig
-78.948769,20.199032,2025-07-28,20250731,41,qcobs_profile_orig
-93.765877,21.069090,2025-07-29,20250731,41,qcobs_profile_orig
-87.327499,26.981581,2025-07-29,20250731,41,qcobs_profile_orig
-91.972839,24.510229,2025-07-29,20250731,41,qcobs_profile_orig
-86.951599,26.370701,2025-07-29,20250731,41,qcobs_profile_orig
-89.393791,27.196430,2025-07-30,20250731,41,qcobs_profile_orig
-80.114632,24.363371,2025-07-30,20250731,27,qcobs_profile_orig
-85.436447,22.995070,2025-07-30,20250731,40,qcobs_profile_orig
-94.326286,19.969761,2025-07-31,20250731,34,qcobs_profile_orig
-80.743492,23.836439,2025-07-31,20250731,29,qcobs_profile_orig
-89.497368,27.713539,2025-07-31,20250731,27,qcobs_profile_orig
-90.785500,26.985680,2025-07-31,20250731,37,qcobs_profile_orig
-87.831299,27.947439,2025-07-31,20250731,41,qcobs_profile_orig
-86.350304,26.001789,2025-07-31,20250731,40,qcobs_profile_orig
-94.070053,21.010420,2025-08-01,20250731,41,qcobs_profile_orig
-90.259529,26.896521,2025-08-01,20250731,41,qcobs_profile_orig
-84.454613,24.946360,2025-08-01,20250731,40,qcobs_profile_orig
-87.270599,26.663321,2025-08-01,20250731,41,qcobs_profile_orig
-85.560463,25.010750,2025-08-01,20250731,41,qcobs_profile_orig
-87.440376,25.470381,2025-08-01,20250731,41,qcobs_profile_orig
-87.186287,27.444740,2025-08-01,20250731,41,qcobs_profile_orig
-88.106140,28.106030,2025-08-01,20250731,41,qcobs_profile_orig
-95.876427,24.236980,2025-08-01,20250731,41,qcobs_profile_orig
-82.156281,19.018311,2025-08-01,20250731,41,qcobs_profile_orig
-85.839012,20.096189,2025-08-01,20250731,41,qcobs_profile_orig
-90.472000,25.117901,2025-08-01,20250731,39,qcobs_profile_orig
-89.280647,28.152161,2025-08-02,20250731,30,qcobs_profile_orig
-92.780968,20.572880,2025-08-02,20250731,38,qcobs_profile_orig
-89.030327,26.269430,2025-08-02,20250731,41,qcobs_profile_orig
-91.181511,25.992941,2025-08-02,20250731,41,qcobs_profile_orig
-96.842651,22.691971,2025-08-02,20250731,38,qcobs_profile_orig
-93.685158,21.093981,2025-08-03,20250731,41,qcobs_profile_orig
-87.414574,26.826679,2025-08-03,20250731,41,qcobs_profile_orig
-92.097183,24.475780,2025-08-03,20250731,41,qcobs_profile_orig
-85.893784,25.984760,2025-08-03,20250731,41,qcobs_profile_orig
-88.599968,27.232679,2025-08-04,20250731,41,qcobs_profile_orig
-80.070961,24.406601,2025-08-04,20250731,28,qcobs_profile_orig
-85.404388,23.048870,2025-08-04,20250731,37,qcobs_profile_orig
-89.260742,28.152300,2025-07-28,20250801,28,qcobs_profile_orig
-92.694298,20.507170,2025-07-28,20250801,41,qcobs_profile_orig
-89.150650,26.438890,2025-07-28,20250801,41,qcobs_profile_orig
-90.666656,26.255911,2025-07-28,20250801,41,qcobs_profile_orig
-96.810631,22.739010,2025-07-28,20250801,38,qcobs_profile_orig
-78.948769,20.199032,2025-07-28,20250801,41,qcobs_profile_orig
-93.765877,21.069090,2025-07-29,20250801,41,qcobs_profile_orig
-87.327499,26.981581,2025-07-29,20250801,41,qcobs_profile_orig
-91.972839,24.510229,2025-07-29,20250801,41,qcobs_profile_orig
-86.951599,26.370701,2025-07-29,20250801,41,qcobs_profile_orig
-89.393791,27.196430,2025-07-30,20250801,41,qcobs_profile_orig
-80.114632,24.363371,2025-07-30,20250801,29,qcobs_profile_orig
-85.436447,22.995070,2025-07-30,20250801,40,qcobs_profile_orig
-94.326286,19.969761,2025-07-31,20250801,34,qcobs_profile_orig
-80.743492,23.836439,2025-07-31,20250801,32,qcobs_profile_orig
-89.497368,27.713539,2025-07-31,20250801,26,qcobs_profile_orig
-90.785500,26.985680,2025-07-31,20250801,37,qcobs_profile_orig
-87.831299,27.947439,2025-07-31,20250801,41,qcobs_profile_orig
-86.350304,26.001789,2025-07-31,20250801,40,qcobs_profile_orig
-94.070053,21.010420,2025-08-01,20250801,41,qcobs_profile_orig
-90.259529,26.896521,2025-08-01,20250801,41,qcobs_profile_orig
-84.454613,24.946360,2025-08-01,20250801,40,qcobs_profile_orig
-87.270599,26.663321,2025-08-01,20250801,41,qcobs_profile_orig
-85.560463,25.010750,2025-08-01,20250801,41,qcobs_profile_orig
-87.440376,25.470381,2025-08-01,20250801,41,qcobs_profile_orig
-87.186287,27.444740,2025-08-01,20250801,41,qcobs_profile_orig
-88.106140,28.106030,2025-08-01,20250801,41,qcobs_profile_orig
-95.876427,24.236980,2025-08-01,20250801,41,qcobs_profile_orig
-82.156281,19.018311,2025-08-01,20250801,41,qcobs_profile_orig
-85.839012,20.096189,2025-08-01,20250801,41,qcobs_profile_orig
-90.472000,25.117901,2025-08-01,20250801,39,qcobs_profile_orig
-89.280647,28.152161,2025-08-02,20250801,30,qcobs_profile_orig
-92.780968,20.572880,2025-08-02,20250801,38,qcobs_profile_orig
-89.030327,26.269430,2025-08-02,20250801,41,qcobs_profile_orig
-91.181511,25.992941,2025-08-02,20250801,41,qcobs_profile_orig
-96.842651,22.691971,2025-08-02,20250801,38,qcobs_profile_orig
-93.685158,21.093981,2025-08-03,20250801,41,qcobs_profile_orig
-87.414574,26.826679,2025-08-03,20250801,41,qcobs_profile_orig
-92.097183,24.475780,2025-08-03,20250801,41,qcobs_profile_orig
-85.893784,25.984760,2025-08-03,20250801,41,qcobs_profile_orig
-88.599968,27.232679,2025-08-04,20250801,41,qcobs_profile_orig
-80.070961,24.406601,2025-08-04,20250801,29,qcobs_profile_orig
-85.404388,23.048870,2025-08-04,20250801,37,qcobs_profile_orig
-94.313560,19.970249,2025-08-05,20250801,34,qcobs_profile_orig
-80.720299,23.838329,2025-08-05,20250801,31,qcobs_profile_orig
-89.515259,27.678410,2025-08-05,20250801,30,qcobs_profile_orig
-90.812561,26.960270,2025-08-05,20250801,37,qcobs_profile_orig
-87.995499,27.963900,2025-08-05,20250801,41,qcobs_profile_orig
-85.350769,26.319201,2025-08-05,20250801,40,qcobs_profile_orig
-93.765877,21.069090,2025-07-29,20250802,41,qcobs_profile_orig
-87.327499,26.981581,2025-07-29,20250802,41,qcobs_profile_orig
-91.972839,24.510229,2025-07-29,20250802,41,qcobs_profile_orig
-86.951599,26.370701,2025-07-29,20250802,41,qcobs_profile_orig
-89.393791,27.196430,2025-07-30,20250802,41,qcobs_profile_orig
-80.114632,24.363371,2025-07-30,20250802,29,qcobs_profile_orig
-85.436447,22.995070,2025-07-30,20250802,40,qcobs_profile_orig
-94.326286,19.969761,2025-07-31,20250802,34,qcobs_profile_orig
-80.743492,23.836439,2025-07-31,20250802,32,qcobs_profile_orig
-89.497368,27.713539,2025-07-31,20250802,26,qcobs_profile_orig
-90.785500,26.985680,2025-07-31,20250802,37,qcobs_profile_orig
-87.831299,27.947439,2025-07-31,20250802,41,qcobs_profile_orig
-86.350304,26.001789,2025-07-31,20250802,40,qcobs_profile_orig
-94.070053,21.010420,2025-08-01,20250802,41,qcobs_profile_orig
-90.259529,26.896521,2025-08-01,20250802,41,qcobs_profile_orig
-84.454613,24.946360,2025-08-01,20250802,40,qcobs_profile_orig
-87.270599,26.663321,2025-08-01,20250802,41,qcobs_profile_orig
-85.560463,25.010750,2025-08-01,20250802,41,qcobs_profile_orig
-87.440376,25.470381,2025-08-01,20250802,41,qcobs_profile_orig
-87.186287,27.444740,2025-08-01,20250802,41,qcobs_profile_orig
-88.106140,28.106030,2025-08-01,20250802,41,qcobs_profile_orig
-95.876427,24.236980,2025-08-01,20250802,41,qcobs_profile_orig
-82.156281,19.018311,2025-08-01,20250802,41,qcobs_profile_orig
-85.839012,20.096189,2025-08-01,20250802,41,qcobs_profile_orig
-90.472000,25.117901,2025-08-01,20250802,39,qcobs_profile_orig
-89.280647,28.152161,2025-08-02,20250802,30,qcobs_profile_orig
-92.780968,20.572880,2025-08-02,20250802,38,qcobs_profile_orig
-89.030327,26.269430,2025-08-02,20250802,41,qcobs_profile_orig
-91.181511,25.992941,2025-08-02,20250802,41,qcobs_profile_orig
-96.842651,22.691971,2025-08-02,20250802,38,qcobs_profile_orig
-93.685158,21.093981,2025-08-03,20250802,41,qcobs_profile_orig
-87.414574,26.826679,2025-08-03,20250802,41,qcobs_profile_orig
-92.097183,24.475780,2025-08-03,20250802,41,qcobs_profile_orig
-85.893784,25.984760,2025-08-03,20250802,41,qcobs_profile_orig
-88.599968,27.232679,2025-08-04,20250802,41,qcobs_profile_orig
-80.070961,24.406601,2025-08-04,20250802,29,qcobs_profile_orig
-85.404388,23.048870,2025-08-04,20250802,37,qcobs_profile_orig
-94.313560,19.970249,2025-08-05,20250802,34,qcobs_profile_orig
-80.720299,23.838329,2025-08-05,20250802,32,qcobs_profile_orig
-89.515259,27.678410,2025-08-05,20250802,29,qcobs_profile_orig
-90.812561,26.960270,2025-08-05,20250802,37,qcobs_profile_orig
-87.995499,27.963900,2025-08-05,20250802,41,qcobs_profile_orig
-85.350769,26.319201,2025-08-05,20250802,40,qcobs_profile_orig
-95.108704,25.706900,2025-08-06,20250802,35,qcobs_profile_orig
-94.044197,21.159910,2025-08-06,20250802,41,qcobs_profile_orig
-89.999649,26.853001,2025-08-06,20250802,40,qcobs_profile_orig
-84.532471,24.956329,2025-08-06,20250802,41,qcobs_profile_orig
-87.475182,26.775900,2025-08-06,20250802,41,qcobs_profile_orig
-86.675743,25.501471,2025-08-06,20250802,41,qcobs_profile_orig
-86.714470,27.393230,2025-08-06,20250802,41,qcobs_profile_orig
-88.156021,28.093031,2025-08-06,20250802,41,qcobs_profile_orig
-95.835587,24.082790,2025-08-06,20250802,41,qcobs_profile_orig
-88.154701,27.539499,2025-08-06,20250802,40,qcobs_profile_orig
