model,seed,regime,k,zmid_m,sigma_T,sigma_S,rmse_T,rmse_S,floor_T,floor_S,n
A_CRPS,42,all,0,0.5,1.0470144642740948,0.5717879624260975,1.0470144642740948,0.5717879624260975,False,False,623
A_CRPS,42,all,1,1.900000039835305,1.045814156131389,0.571191453664986,1.045814156131389,0.571191453664986,False,False,623
A_CRPS,42,all,2,4.420000051785896,1.0366618384058215,0.5091576915856851,1.0366618384058215,0.5091576915856851,False,False,623
A_CRPS,42,all,3,8.379999928296451,1.0400101940404272,0.4388921898702088,1.0400101940404272,0.4388921898702088,False,False,623
A_CRPS,42,all,4,13.184999737086988,1.0453624566541186,0.3830116977672372,1.0453624566541186,0.3830116977672372,False,False,623
A_CRPS,42,all,5,18.554999609614015,1.0570707749994093,0.31808264230799377,1.0570707749994093,0.31808264230799377,False,False,623
A_CRPS,42,all,6,24.894999514009285,1.098814759194799,0.24809072741382227,1.098814759194799,0.24809072741382227,False,False,623
A_CRPS,42,all,7,32.329999450272794,1.1822997769242967,0.2153639140704066,1.1822997769242967,0.2153639140704066,False,False,623
A_CRPS,42,all,8,40.329999450272794,1.2712405807177378,0.20216892842274237,1.2712405807177378,0.20216892842274237,False,False,623
A_CRPS,42,all,9,48.329999450272794,1.3020802337337123,0.19414177053552503,1.3020802337337123,0.19414177053552503,False,False,623
A_CRPS,42,all,10,56.329999450272794,1.3157534266011148,0.1881756207931136,1.3157534266011148,0.1881756207931136,False,False,623
A_CRPS,42,all,11,64.3299994502728,1.3325195742744003,0.1815197219732963,1.3325195742744003,0.1815197219732963,False,False,623
A_CRPS,42,all,12,72.3299994502728,1.3473871471004082,0.17693118805045907,1.3473871471004082,0.17693118805045907,False,False,623
A_CRPS,42,all,13,80.3299994502728,1.3543813076412654,0.1708541701096541,1.3543813076412654,0.1708541701096541,False,False,623
A_CRPS,42,all,14,88.3299994502728,1.3336033714373714,0.16643274462642932,1.3336033714373714,0.16643274462642932,False,False,623
A_CRPS,42,all,15,96.3299994502728,1.3144165100440663,0.1672850563683702,1.3144165100440663,0.1672850563683702,False,False,623
A_CRPS,42,all,16,104.3299994502728,1.2866432075799084,0.1710151034394413,1.2866432075799084,0.1710151034394413,False,False,623
A_CRPS,42,all,17,112.41128312438389,1.264282064639913,0.1713750384670038,1.264282064639913,0.1713750384670038,False,False,623
A_CRPS,42,all,18,124.0181019371289,1.2147014630332744,0.17082124400210943,1.2147014630332744,0.17082124400210943,False,False,623
A_CRPS,42,all,19,138.33536150362164,1.1490437810920038,0.17218178558721103,1.1490437810920038,0.17218178558721103,False,False,623
A_CRPS,42,all,20,157.18840503599694,1.0976508578245172,0.16624611040904913,1.0976508578245172,0.16624611040904913,False,False,623
A_CRPS,42,all,21,198.628367477501,1.019606695955506,0.1397127501284034,1.019606695955506,0.1397127501284034,False,False,623
A_CRPS,42,all,22,256.89684052475667,0.8981162386289094,0.13192437236858215,0.8981162386289094,0.13192437236858215,False,False,623
A_CRPS,42,all,23,323.7307751056255,0.7999138888065929,0.12132854240858565,0.7999138888065929,0.12132854240858565,False,False,623
A_CRPS,42,all,24,420.3034332854247,0.7014311797947724,0.1011299332942618,0.7014311797947724,0.1011299332942618,False,False,623
A_CRPS,42,all,25,527.207848736849,0.5945023457234934,0.07892396090850287,0.5945023457234934,0.07892396090850287,False,False,623
A_CRPS,42,all,26,625.15220607476,0.46672355692477685,0.053326405413541444,0.46672355692477685,0.053326405413541444,False,False,623
A_CRPS,42,all,27,741.9911521140331,0.346982654679588,0.02942352296286506,0.346982654679588,0.02942352296286506,False,False,623
A_CRPS,42,all,28,861.7602376512325,0.25529803982670124,0.02,0.25529803982670124,0.01259582693152246,False,True,623
A_CRPS,42,all,29,962.4660312625703,0.2116972142221047,0.02,0.2116972142221047,0.010063284687641578,False,True,623
A_CRPS,42,all,30,1061.8371484711388,0.19067133951778825,0.02,0.19067133951778825,0.010096214274119787,False,True,623
A_CRPS,42,all,31,1192.2491621086228,0.1530558024671271,0.02,0.1530558024671271,0.00937951484208707,False,True,623
A_CRPS,42,all,32,1963.265144121478,0.05,0.02,0.04774942453195371,0.008144859138587979,True,True,623
A_CRPS,42,all,33,2791.480209178727,,,,,False,False,0
A_CRPS,42,all,34,2927.8273667435824,,,,,False,False,0
A_CRPS,42,all,35,2927.827385917402,,,,,False,False,0
A_CRPS,42,all,36,2927.827385917402,,,,,False,False,0
A_CRPS,42,all,37,2927.827385917402,,,,,False,False,0
A_CRPS,42,all,38,2927.8273859174024,,,,,False,False,0
A_CRPS,42,all,39,2927.8273859174024,,,,,False,False,0
A_CRPS,42,all,40,2927.8273859174024,,,,,False,False,0
A_CRPS,42,lc,0,0.5,0.5587057928008574,0.543699541003232,0.5587057928008574,0.543699541003232,False,False,240
A_CRPS,42,lc,1,1.900000039835305,0.5545327877884485,0.5433430988189751,0.5545327877884485,0.5433430988189751,False,False,240
A_CRPS,42,lc,2,4.420000051785896,0.5439216435834274,0.5082511127499552,0.5439216435834274,0.5082511127499552,False,False,240
A_CRPS,42,lc,3,8.379999928296451,0.5433253944433313,0.45942658092940386,0.5433253944433313,0.45942658092940386,False,False,240
A_CRPS,42,lc,4,13.184999737086988,0.5316912814428342,0.43462387785144035,0.5316912814428342,0.43462387785144035,False,False,240
A_CRPS,42,lc,5,18.554999609614015,0.5125014588890823,0.37941448631666924,0.5125014588890823,0.37941448631666924,False,False,240
A_CRPS,42,lc,6,24.894999514009285,0.5164015982421439,0.2991336920409024,0.5164015982421439,0.2991336920409024,False,False,240
A_CRPS,42,lc,7,32.329999450272794,0.5432659535776769,0.23671038555867155,0.5432659535776769,0.23671038555867155,False,False,240
A_CRPS,42,lc,8,40.329999450272794,0.6327065786616288,0.2110728575251377,0.6327065786616288,0.2110728575251377,False,False,240
A_CRPS,42,lc,9,48.329999450272794,0.7552464952125206,0.1939429884917099,0.7552464952125206,0.1939429884917099,False,False,240
A_CRPS,42,lc,10,56.329999450272794,0.8843762026720305,0.1765213379702418,0.8843762026720305,0.1765213379702418,False,False,240
A_CRPS,42,lc,11,64.3299994502728,0.9677579970293537,0.15927823753107087,0.9677579970293537,0.15927823753107087,False,False,240
A_CRPS,42,lc,12,72.3299994502728,1.043484119388854,0.14781725931718484,1.043484119388854,0.14781725931718484,False,False,240
A_CRPS,42,lc,13,80.3299994502728,1.0834392493733336,0.13514934044160773,1.0834392493733336,0.13514934044160773,False,False,240
A_CRPS,42,lc,14,88.3299994502728,1.088510620727455,0.1393737090631328,1.088510620727455,0.1393737090631328,False,False,240
A_CRPS,42,lc,15,96.3299994502728,1.0936912547972768,0.1454938042890945,1.0936912547972768,0.1454938042890945,False,False,240
A_CRPS,42,lc,16,104.3299994502728,1.1174070129546119,0.15624027002154323,1.1174070129546119,0.15624027002154323,False,False,240
A_CRPS,42,lc,17,112.41128312438389,1.1554657737033989,0.16413174997233543,1.1554657737033989,0.16413174997233543,False,False,240
A_CRPS,42,lc,18,124.0181019371289,1.1332772849393251,0.17125537087030815,1.1332772849393251,0.17125537087030815,False,False,240
A_CRPS,42,lc,19,138.33536150362164,1.1109046204375912,0.1754663358337103,1.1109046204375912,0.1754663358337103,False,False,240
A_CRPS,42,lc,20,157.18840503599694,1.125642778273504,0.16293805440953466,1.125642778273504,0.16293805440953466,False,False,240
A_CRPS,42,lc,21,198.628367477501,1.0658408623724793,0.13292507854728253,1.0658408623724793,0.13292507854728253,False,False,240
A_CRPS,42,lc,22,256.89684052475667,0.9257415658819818,0.135200648066423,0.9257415658819818,0.135200648066423,False,False,240
A_CRPS,42,lc,23,323.7307751056255,0.8292955896026153,0.1290537924374434,0.8292955896026153,0.1290537924374434,False,False,240
A_CRPS,42,lc,24,420.3034332854247,0.7402086179553359,0.11044649196691535,0.7402086179553359,0.11044649196691535,False,False,240
A_CRPS,42,lc,25,527.207848736849,0.6566983245316511,0.09031887756960306,0.6566983245316511,0.09031887756960306,False,False,240
A_CRPS,42,lc,26,625.15220607476,0.5377845426218447,0.06362749357731437,0.5377845426218447,0.06362749357731437,False,False,240
A_CRPS,42,lc,27,741.9911521140331,0.40430113559195124,0.03448186637572378,0.40430113559195124,0.03448186637572378,False,False,240
A_CRPS,42,lc,28,861.7602376512325,0.2941534134180988,0.02,0.2941534134180988,0.011964214067588061,False,True,240
A_CRPS,42,lc,29,962.4660312625703,0.24794246744483622,0.02,0.24794246744483622,0.007357929038249682,False,True,240
A_CRPS,42,lc,30,1061.8371484711388,0.2295107654341549,0.02,0.2295107654341549,0.007777010768723377,False,True,240
A_CRPS,42,lc,31,1192.2491621086228,0.19002528651031544,0.02,0.19002528651031544,0.007182882202014905,False,True,240
A_CRPS,42,lc,32,1963.265144121478,0.0560307798580424,0.02,0.0560307798580424,0.003818441642504579,False,True,240
A_CRPS,42,lc,33,2791.480209178727,,,,,False,False,0
A_CRPS,42,lc,34,2927.8273667435824,,,,,False,False,0
A_CRPS,42,lc,35,2927.827385917402,,,,,False,False,0
A_CRPS,42,lc,36,2927.827385917402,,,,,False,False,0
A_CRPS,42,lc,37,2927.827385917402,,,,,False,False,0
A_CRPS,42,lc,38,2927.8273859174024,,,,,False,False,0
A_CRPS,42,lc,39,2927.8273859174024,,,,,False,False,0
A_CRPS,42,lc,40,2927.8273859174024,,,,,False,False,0
A_CRPS,42,complement,0,0.5,1.2599893878023682,0.58870644689041,1.2599893878023682,0.58870644689041,False,False,383
A_CRPS,42,complement,1,1.900000039835305,1.259522982742737,0.5879702774870955,1.259522982742737,0.5879702774870955,False,False,383
A_CRPS,42,complement,2,4.420000051785896,1.2500797237489105,0.5097249609990032,1.2500797237489105,0.5097249609990032,False,False,383
A_CRPS,42,complement,3,8.379999928296451,1.254757436214582,0.4255199576630205,1.254757436214582,0.4255199576630205,False,False,383
A_CRPS,42,complement,4,13.184999737086988,1.2650727306300533,0.3467767651722885,1.2650727306300533,0.3467767651722885,False,False,383
A_CRPS,42,complement,5,18.554999609614015,1.2856929976639377,0.27270866860885457,1.2856929976639377,0.27270866860885457,False,False,383
A_CRPS,42,complement,6,24.894999514009285,1.3404779140545557,0.20987128253084356,1.3404779140545557,0.20987128253084356,False,False,383
A_CRPS,42,complement,7,32.329999450272794,1.4452738462594048,0.20083450479315199,1.4452738462594048,0.20083450479315199,False,False,383
A_CRPS,42,complement,8,40.329999450272794,1.542034659285786,0.1963838054062209,1.542034659285786,0.1963838054062209,False,False,383
A_CRPS,42,complement,9,48.329999450272794,1.549317135949891,0.19426623003198326,1.549317135949891,0.19426623003198326,False,False,383
A_CRPS,42,complement,10,56.329999450272794,1.525101465882721,0.19512412981901386,1.525101465882721,0.19512412981901386,False,False,383
A_CRPS,42,complement,11,64.3299994502728,1.517031863316138,0.1941627835031636,1.517031863316138,0.1941627835031636,False,False,383
A_CRPS,42,complement,12,72.3299994502728,1.506903597848326,0.19294886231498212,1.506903597848326,0.19294886231498212,False,False,383
A_CRPS,42,complement,13,80.3299994502728,1.4994146037009632,0.1898357283837692,1.4994146037009632,0.1898357283837692,False,False,383
A_CRPS,42,complement,14,88.3299994502728,1.4664560352249238,0.1813425739008229,1.4664560352249238,0.1813425739008229,False,False,383
A_CRPS,42,complement,15,96.3299994502728,1.4355363168891182,0.17959764591136285,1.4355363168891182,0.17959764591136285,False,False,383
A_CRPS,42,complement,16,104.3299994502728,1.382171248969405,0.17965528274820186,1.382171248969405,0.17965528274820186,False,False,383
A_CRPS,42,complement,17,112.41128312438389,1.3279330968024408,0.17576184820251345,1.3279330968024408,0.17576184820251345,False,False,383
A_CRPS,42,complement,18,124.0181019371289,1.2630520676487242,0.17054864308641415,1.2630520676487242,0.17054864308641415,False,False,383
A_CRPS,42,complement,19,138.33536150362164,1.172310794522472,0.1700912596226394,1.172310794522472,0.1700912596226394,False,False,383
A_CRPS,42,complement,20,157.18840503599694,1.0797404488346487,0.1682859056224729,1.0797404488346487,0.1682859056224729,False,False,383
A_CRPS,42,complement,21,198.628367477501,0.9895345582273605,0.14380292919126028,0.9895345582273605,0.14380292919126028,False,False,383
A_CRPS,42,complement,22,256.89684052475667,0.880363640623079,0.1298292238246068,0.880363640623079,0.1298292238246068,False,False,383
A_CRPS,42,complement,23,323.7307751056255,0.780939193210936,0.11622625532247474,0.780939193210936,0.11622625532247474,False,False,383
A_CRPS,42,complement,24,420.3034332854247,0.675999288453089,0.0948265213116169,0.675999288453089,0.0948265213116169,False,False,383
A_CRPS,42,complement,25,527.207848736849,0.5519680853973311,0.0708556775239252,0.5519680853973311,0.0708556775239252,False,False,383
A_CRPS,42,complement,26,625.15220607476,0.41605415498054477,0.04570305535900307,0.41605415498054477,0.04570305535900307,False,False,383
A_CRPS,42,complement,27,741.9911521140331,0.30563485164219195,0.025752311929903647,0.30563485164219195,0.025752311929903647,False,False,383
A_CRPS,42,complement,28,861.7602376512325,0.22759401800825985,0.02,0.22759401800825985,0.012975956371897822,False,True,383
A_CRPS,42,complement,29,962.4660312625703,0.18540813443363732,0.02,0.18540813443363732,0.011436923571316149,False,True,383
A_CRPS,42,complement,30,1061.8371484711388,0.16164516270293622,0.02,0.16164516270293622,0.01130966244201129,False,True,383
A_CRPS,42,complement,31,1192.2491621086228,0.1244113106724407,0.02,0.1244113106724407,0.010524880364174477,False,True,383
A_CRPS,42,complement,32,1963.265144121478,0.05,0.02,0.04173073919503423,0.009938414782480493,True,True,383
A_CRPS,42,complement,33,2791.480209178727,,,,,False,False,0
A_CRPS,42,complement,34,2927.8273667435824,,,,,False,False,0
A_CRPS,42,complement,35,2927.827385917402,,,,,False,False,0
A_CRPS,42,complement,36,2927.827385917402,,,,,False,False,0
A_CRPS,42,complement,37,2927.827385917402,,,,,False,False,0
A_CRPS,42,complement,38,2927.8273859174024,,,,,False,False,0
A_CRPS,42,complement,39,2927.8273859174024,,,,,False,False,0
A_CRPS,42,complement,40,2927.8273859174024,,,,,False,False,0
A_CRPS,43,all,0,0.5,1.0571912559949874,0.5893039927887379,1.0571912559949874,0.5893039927887379,False,False,623
A_CRPS,43,all,1,1.900000039835305,1.055977763484181,0.5887211456464765,1.055977763484181,0.5887211456464765,False,False,623
A_CRPS,43,all,2,4.420000051785896,1.0470485300653865,0.5201661335701648,1.0470485300653865,0.5201661335701648,False,False,623
A_CRPS,43,all,3,8.379999928296451,1.0512543762456104,0.4312041393795087,1.0512543762456104,0.4312041393795087,False,False,623
A_CRPS,43,all,4,13.184999737086988,1.0576408711661438,0.37184390851553434,1.0576408711661438,0.37184390851553434,False,False,623
A_CRPS,43,all,5,18.554999609614015,1.069362441577048,0.3112256217039368,1.069362441577048,0.3112256217039368,False,False,623
A_CRPS,43,all,6,24.894999514009285,1.109031263038361,0.24666374780390196,1.109031263038361,0.24666374780390196,False,False,623
A_CRPS,43,all,7,32.329999450272794,1.1848589959822102,0.2165008898723834,1.1848589959822102,0.2165008898723834,False,False,623
A_CRPS,43,all,8,40.329999450272794,1.2552255497889908,0.20146185908906908,1.2552255497889908,0.20146185908906908,False,False,623
A_CRPS,43,all,9,48.329999450272794,1.2678502392902564,0.1908236147896936,1.2678502392902564,0.1908236147896936,False,False,623
A_CRPS,43,all,10,56.329999450272794,1.27535971678524,0.1835429286523816,1.27535971678524,0.1835429286523816,False,False,623
A_CRPS,43,all,11,64.3299994502728,1.2890418312684966,0.1763702927503832,1.2890418312684966,0.1763702927503832,False,False,623
A_CRPS,43,all,12,72.3299994502728,1.3026361167117568,0.17277951876615705,1.3026361167117568,0.17277951876615705,False,False,623
A_CRPS,43,all,13,80.3299994502728,1.3085161452852412,0.16832322757485135,1.3085161452852412,0.16832322757485135,False,False,623
A_CRPS,43,all,14,88.3299994502728,1.2896416637635313,0.16453644561143463,1.2896416637635313,0.16453644561143463,False,False,623
A_CRPS,43,all,15,96.3299994502728,1.2750680604542,0.1657701920184733,1.2750680604542,0.1657701920184733,False,False,623
A_CRPS,43,all,16,104.3299994502728,1.2542907772497913,0.1694587972997232,1.2542907772497913,0.1694587972997232,False,False,623
A_CRPS,43,all,17,112.41128312438389,1.2397396179663498,0.16963857245954736,1.2397396179663498,0.16963857245954736,False,False,623
A_CRPS,43,all,18,124.0181019371289,1.1979189257028038,0.16936934866218042,1.1979189257028038,0.16936934866218042,False,False,623
A_CRPS,43,all,19,138.33536150362164,1.1363120860390572,0.17120226263831112,1.1363120860390572,0.17120226263831112,False,False,623
A_CRPS,43,all,20,157.18840503599694,1.0856007684642879,0.16508506407570586,1.0856007684642879,0.16508506407570586,False,False,623
A_CRPS,43,all,21,198.628367477501,1.0053959233690555,0.13977785498432166,1.0053959233690555,0.13977785498432166,False,False,623
A_CRPS,43,all,22,256.89684052475667,0.8859739986673743,0.13197254472292902,0.8859739986673743,0.13197254472292902,False,False,623
A_CRPS,43,all,23,323.7307751056255,0.7904436053173757,0.12290366868891951,0.7904436053173757,0.12290366868891951,False,False,623
A_CRPS,43,all,24,420.3034332854247,0.6812279599315305,0.10242082760997162,0.6812279599315305,0.10242082760997162,False,False,623
A_CRPS,43,all,25,527.207848736849,0.5691658743406818,0.07830050835304839,0.5691658743406818,0.07830050835304839,False,False,623
A_CRPS,43,all,26,625.15220607476,0.4444258139947439,0.051944759500063976,0.4444258139947439,0.051944759500063976,False,False,623
A_CRPS,43,all,27,741.9911521140331,0.3284364078174751,0.028585879039125205,0.3284364078174751,0.028585879039125205,False,False,623
A_CRPS,43,all,28,861.7602376512325,0.2436955323027162,0.02,0.2436955323027162,0.012408171340977063,False,True,623
A_CRPS,43,all,29,962.4660312625703,0.20443673463084217,0.02,0.20443673463084217,0.009875331674238444,False,True,623
A_CRPS,43,all,30,1061.8371484711388,0.18547997727221485,0.02,0.18547997727221485,0.009910712759273552,False,True,623
A_CRPS,43,all,31,1192.2491621086228,0.14905103550645535,0.02,0.14905103550645535,0.0092410195393092,False,True,623
A_CRPS,43,all,32,1963.265144121478,0.05,0.02,0.04690846844777335,0.008062990968170808,True,True,623
A_CRPS,43,all,33,2791.480209178727,,,,,False,False,0
A_CRPS,43,all,34,2927.8273667435824,,,,,False,False,0
A_CRPS,43,all,35,2927.827385917402,,,,,False,False,0
A_CRPS,43,all,36,2927.827385917402,,,,,False,False,0
A_CRPS,43,all,37,2927.827385917402,,,,,False,False,0
A_CRPS,43,all,38,2927.8273859174024,,,,,False,False,0
A_CRPS,43,all,39,2927.8273859174024,,,,,False,False,0
A_CRPS,43,all,40,2927.8273859174024,,,,,False,False,0
A_CRPS,43,lc,0,0.5,0.565668227018279,0.5375423182027741,0.565668227018279,0.5375423182027741,False,False,240
A_CRPS,43,lc,1,1.900000039835305,0.5617193331151655,0.5371641737248695,0.5617193331151655,0.5371641737248695,False,False,240
A_CRPS,43,lc,2,4.420000051785896,0.552102930001516,0.501131718169109,0.552102930001516,0.501131718169109,False,False,240
A_CRPS,43,lc,3,8.379999928296451,0.5510945811526918,0.4491972599950732,0.5510945811526918,0.4491972599950732,False,False,240
A_CRPS,43,lc,4,13.184999737086988,0.5398611446767863,0.4248758038105083,0.5398611446767863,0.4248758038105083,False,False,240
A_CRPS,43,lc,5,18.554999609614015,0.5195693102055131,0.37153008550119965,0.5195693102055131,0.37153008550119965,False,False,240
A_CRPS,43,lc,6,24.894999514009285,0.520671522553971,0.2945384435512909,0.520671522553971,0.2945384435512909,False,False,240
A_CRPS,43,lc,7,32.329999450272794,0.5468590413802453,0.23586806031340043,0.5468590413802453,0.23586806031340043,False,False,240
A_CRPS,43,lc,8,40.329999450272794,0.6342167754144223,0.20975413002436855,0.6342167754144223,0.20975413002436855,False,False,240
A_CRPS,43,lc,9,48.329999450272794,0.748614097789759,0.18862892709611273,0.748614097789759,0.18862892709611273,False,False,240
A_CRPS,43,lc,10,56.329999450272794,0.8683142996807053,0.1681629751559097,0.8683142996807053,0.1681629751559097,False,False,240
A_CRPS,43,lc,11,64.3299994502728,0.9385837172167476,0.15112977309972636,0.9385837172167476,0.15112977309972636,False,False,240
A_CRPS,43,lc,12,72.3299994502728,1.0075427114580504,0.14263690408951585,1.0075427114580504,0.14263690408951585,False,False,240
A_CRPS,43,lc,13,80.3299994502728,1.0435381666121648,0.1332883723565859,1.0435381666121648,0.1332883723565859,False,False,240
A_CRPS,43,lc,14,88.3299994502728,1.0484557524359128,0.13859048371846774,1.0484557524359128,0.13859048371846774,False,False,240
A_CRPS,43,lc,15,96.3299994502728,1.0563282911261962,0.14480145148815513,1.0563282911261962,0.14480145148815513,False,False,240
A_CRPS,43,lc,16,104.3299994502728,1.0869833162192213,0.15479610672309146,1.0869833162192213,0.15479610672309146,False,False,240
A_CRPS,43,lc,17,112.41128312438389,1.1329630761383005,0.16220736271391048,1.1329630761383005,0.16220736271391048,False,False,240
A_CRPS,43,lc,18,124.0181019371289,1.1190350109068077,0.17037095909292937,1.1190350109068077,0.17037095909292937,False,False,240
A_CRPS,43,lc,19,138.33536150362164,1.099916385645296,0.17485386806478367,1.099916385645296,0.17485386806478367,False,False,240
A_CRPS,43,lc,20,157.18840503599694,1.1136241558254232,0.16054073293008522,1.1136241558254232,0.16054073293008522,False,False,240
A_CRPS,43,lc,21,198.628367477501,1.0536014762089077,0.13146262808704437,1.0536014762089077,0.13146262808704437,False,False,240
A_CRPS,43,lc,22,256.89684052475667,0.9161647467388983,0.13615661019507433,0.9161647467388983,0.13615661019507433,False,False,240
A_CRPS,43,lc,23,323.7307751056255,0.8242171454952543,0.1303878989546619,0.8242171454952543,0.1303878989546619,False,False,240
A_CRPS,43,lc,24,420.3034332854247,0.7255102529981363,0.11131729823327496,0.7255102529981363,0.11131729823327496,False,False,240
A_CRPS,43,lc,25,527.207848736849,0.6335417830688831,0.08946008464377152,0.6335417830688831,0.08946008464377152,False,False,240
A_CRPS,43,lc,26,625.15220607476,0.5151325902011529,0.06185445554488907,0.5151325902011529,0.06185445554488907,False,False,240
A_CRPS,43,lc,27,741.9911521140331,0.38438227530577856,0.03350874679004693,0.38438227530577856,0.03350874679004693,False,False,240
A_CRPS,43,lc,28,861.7602376512325,0.28000077389859457,0.02,0.28000077389859457,0.01184843420389827,False,True,240
A_CRPS,43,lc,29,962.4660312625703,0.23860729793897542,0.02,0.23860729793897542,0.007157412383433382,False,True,240
A_CRPS,43,lc,30,1061.8371484711388,0.22256982235258557,0.02,0.22256982235258557,0.007568690894243373,False,True,240
A_CRPS,43,lc,31,1192.2491621086228,0.1846756411239217,0.02,0.1846756411239217,0.007047495987415278,False,True,240
A_CRPS,43,lc,32,1963.265144121478,0.05469290273532992,0.02,0.05469290273532992,0.003748421721381931,False,True,240
A_CRPS,43,lc,33,2791.480209178727,,,,,False,False,0
A_CRPS,43,lc,34,2927.8273667435824,,,,,False,False,0
A_CRPS,43,lc,35,2927.827385917402,,,,,False,False,0
A_CRPS,43,lc,36,2927.827385917402,,,,,False,False,0
A_CRPS,43,lc,37,2927.827385917402,,,,,False,False,0
A_CRPS,43,lc,38,2927.8273859174024,,,,,False,False,0
A_CRPS,43,lc,39,2927.8273859174024,,,,,False,False,0
A_CRPS,43,lc,40,2927.8273859174024,,,,,False,False,0
A_CRPS,43,complement,0,0.5,1.2718099475074678,0.6195393735077875,1.2718099475074678,0.6195393735077875,False,False,383
A_CRPS,43,complement,1,1.900000039835305,1.2712667186885858,0.6188431429366185,1.2712667186885858,0.6188431429366185,False,False,383
A_CRPS,43,complement,2,4.420000051785896,1.2618578909682217,0.5317465647851221,1.2618578909682217,0.5317465647851221,False,False,383
A_CRPS,43,complement,3,8.379999928296451,1.2678082110038047,0.4195359686504351,1.2678082110038047,0.4195359686504351,False,False,383
A_CRPS,43,complement,4,13.184999737086988,1.2794238371320779,0.3343526898511503,1.2794238371320779,0.3343526898511503,False,False,383
A_CRPS,43,complement,5,18.554999609614015,1.3003658887096996,0.26657257626777775,1.3003658887096996,0.26657257626777775,False,False,383
A_CRPS,43,complement,6,24.894999514009285,1.3530695622762805,0.21120379239629675,1.3530695622762805,0.21120379239629675,False,False,383
A_CRPS,43,complement,7,32.329999450272794,1.4478315818768286,0.2034272520345527,1.4478315818768286,0.2034272520345527,False,False,383
A_CRPS,43,complement,8,40.329999450272794,1.5201500246262274,0.1960870207057305,1.5201500246262274,0.1960870207057305,False,False,383
A_CRPS,43,complement,9,48.329999450272794,1.5045069095477752,0.19218610336415612,1.5045069095477752,0.19218610336415612,False,False,383
A_CRPS,43,complement,10,56.329999450272794,1.4742198770339499,0.1925554374544743,1.4742198770339499,0.1925554374544743,False,False,383
A_CRPS,43,complement,11,64.3299994502728,1.4665720981687242,0.190489866965848,1.4665720981687242,0.190489866965848,False,False,383
A_CRPS,43,complement,12,72.3299994502728,1.4574111990979695,0.18923649020680286,1.4574111990979695,0.18923649020680286,False,False,383
A_CRPS,43,complement,13,80.3299994502728,1.45008902022393,0.1869606290570331,1.45008902022393,0.1869606290570331,False,False,383
A_CRPS,43,complement,14,88.3299994502728,1.4200505086759367,0.17888725829899024,1.4200505086759367,0.17888725829899024,False,False,383
A_CRPS,43,complement,15,96.3299994502728,1.3947621450968788,0.177652944832172,1.3947621450968788,0.177652944832172,False,False,383
A_CRPS,43,complement,16,104.3299994502728,1.3485936977901987,0.178032506517565,1.3485936977901987,0.178032506517565,False,False,383
A_CRPS,43,complement,17,112.41128312438389,1.302194634703448,0.1741336553112951,1.302194634703448,0.1741336553112951,False,False,383
A_CRPS,43,complement,18,124.0181019371289,1.2448050068975571,0.16873867760360886,1.2448050068975571,0.16873867760360886,False,False,383
A_CRPS,43,complement,19,138.33536150362164,1.1585362145435656,0.16887381337979618,1.1585362145435656,0.16887381337979618,False,False,383
A_CRPS,43,complement,20,157.18840503599694,1.067665619616731,0.1678700026087359,1.067665619616731,0.1678700026087359,False,False,383
A_CRPS,43,complement,21,198.628367477501,0.9739735881631519,0.1447451920445989,0.9739735881631519,0.1447451920445989,False,False,383
A_CRPS,43,complement,22,256.89684052475667,0.8665195857663858,0.12928168130465362,0.8665195857663858,0.12928168130465362,False,False,383
A_CRPS,43,complement,23,323.7307751056255,0.7685239732935072,0.11797207518715642,0.7685239732935072,0.11797207518715642,False,False,383
A_CRPS,43,complement,24,420.3034332854247,0.6519481445809041,0.09642860615710047,0.6519481445809041,0.09642860615710047,False,False,383
A_CRPS,43,complement,25,527.207848736849,0.5248167028562972,0.07041185158902148,0.5248167028562972,0.07041185158902148,False,False,383
A_CRPS,43,complement,26,625.15220607476,0.39369917000538895,0.04462729549250377,0.39369917000538895,0.04462729549250377,False,False,383
A_CRPS,43,complement,27,741.9911521140331,0.2878903604083627,0.025012024709606624,0.2878903604083627,0.025012024709606624,False,False,383
A_CRPS,43,complement,28,861.7602376512325,0.21788393833100325,0.02,0.21788393833100325,0.012746399455227642,False,True,383
A_CRPS,43,complement,29,962.4660312625703,0.17974359133315623,0.02,0.17974359133315623,0.011248610353385438,False,True,383
A_CRPS,43,complement,30,1061.8371484711388,0.15785771999894638,0.02,0.15785771999894638,0.011129903269925957,False,True,383
A_CRPS,43,complement,31,1192.2491621086228,0.12151649886052948,0.02,0.12151649886052948,0.010381980714016662,False,True,383
A_CRPS,43,complement,32,1963.265144121478,0.05,0.02,0.04128916946984628,0.009846101169042169,True,True,383
A_CRPS,43,complement,33,2791.480209178727,,,,,False,False,0
A_CRPS,43,complement,34,2927.8273667435824,,,,,False,False,0
A_CRPS,43,complement,35,2927.827385917402,,,,,False,False,0
A_CRPS,43,complement,36,2927.827385917402,,,,,False,False,0
A_CRPS,43,complement,37,2927.827385917402,,,,,False,False,0
A_CRPS,43,complement,38,2927.8273859174024,,,,,False,False,0
A_CRPS,43,complement,39,2927.8273859174024,,,,,False,False,0
A_CRPS,43,complement,40,2927.8273859174024,,,,,False,False,0
A_CRPS,44,all,0,0.5,1.059114504786979,0.5886133198111927,1.059114504786979,0.5886133198111927,False,False,623
A_CRPS,44,all,1,1.900000039835305,1.057899266070745,0.5880285027148386,1.057899266070745,0.5880285027148386,False,False,623
A_CRPS,44,all,2,4.420000051785896,1.0484791948484335,0.5177183941443159,1.0484791948484335,0.5177183941443159,False,False,623
A_CRPS,44,all,3,8.379999928296451,1.0520385085350632,0.43509481257858423,1.0520385085350632,0.43509481257858423,False,False,623
A_CRPS,44,all,4,13.184999737086988,1.0583000934931615,0.3807867310331009,1.0583000934931615,0.3807867310331009,False,False,623
A_CRPS,44,all,5,18.554999609614015,1.0714534026554863,0.31974138472981756,1.0714534026554863,0.31974138472981756,False,False,623
A_CRPS,44,all,6,24.894999514009285,1.1154183316062152,0.252247816483918,1.1154183316062152,0.252247816483918,False,False,623
A_CRPS,44,all,7,32.329999450272794,1.2033732449406713,0.22100551885686184,1.2033732449406713,0.22100551885686184,False,False,623
A_CRPS,44,all,8,40.329999450272794,1.2995705079374826,0.20784501428151067,1.2995705079374826,0.20784501428151067,False,False,623
A_CRPS,44,all,9,48.329999450272794,1.3300731821520226,0.1960961887295854,1.3300731821520226,0.1960961887295854,False,False,623
A_CRPS,44,all,10,56.329999450272794,1.336725952048195,0.18550073054696015,1.336725952048195,0.18550073054696015,False,False,623
A_CRPS,44,all,11,64.3299994502728,1.3410583204768316,0.17662276553943507,1.3410583204768316,0.17662276553943507,False,False,623
A_CRPS,44,all,12,72.3299994502728,1.3451859104493193,0.17315645528795262,1.3451859104493193,0.17315645528795262,False,False,623
A_CRPS,44,all,13,80.3299994502728,1.3435392574287373,0.1696378309694632,1.3435392574287373,0.1696378309694632,False,False,623
A_CRPS,44,all,14,88.3299994502728,1.3189203859830958,0.1661501645308542,1.3189203859830958,0.1661501645308542,False,False,623
A_CRPS,44,all,15,96.3299994502728,1.3007270695934805,0.1670002496539749,1.3007270695934805,0.1670002496539749,False,False,623
A_CRPS,44,all,16,104.3299994502728,1.2769924313244498,0.17017216875021923,1.2769924313244498,0.17017216875021923,False,False,623
A_CRPS,44,all,17,112.41128312438389,1.2597050980623563,0.17003629594792838,1.2597050980623563,0.17003629594792838,False,False,623
A_CRPS,44,all,18,124.0181019371289,1.216605679736648,0.1694259487486027,1.216605679736648,0.1694259487486027,False,False,623
A_CRPS,44,all,19,138.33536150362164,1.1548018074224353,0.17112772432146273,1.1548018074224353,0.17112772432146273,False,False,623
A_CRPS,44,all,20,157.18840503599694,1.1009627711184704,0.1648399110234641,1.1009627711184704,0.1648399110234641,False,False,623
A_CRPS,44,all,21,198.628367477501,1.016966836372509,0.13846164685925277,1.016966836372509,0.13846164685925277,False,False,623
A_CRPS,44,all,22,256.89684052475667,0.8892606513860463,0.13092708223857372,0.8892606513860463,0.13092708223857372,False,False,623
A_CRPS,44,all,23,323.7307751056255,0.7869298179313516,0.12098335960250087,0.7869298179313516,0.12098335960250087,False,False,623
A_CRPS,44,all,24,420.3034332854247,0.6860669928503637,0.10131098213493651,0.6860669928503637,0.10131098213493651,False,False,623
A_CRPS,44,all,25,527.207848736849,0.5822022152405825,0.07900659160647765,0.5822022152405825,0.07900659160647765,False,False,623
A_CRPS,44,all,26,625.15220607476,0.45752004660360485,0.0537466235272955,0.45752004660360485,0.0537466235272955,False,False,623
A_CRPS,44,all,27,741.9911521140331,0.34081975226178757,0.029744337597059623,0.34081975226178757,0.029744337597059623,False,False,623
A_CRPS,44,all,28,861.7602376512325,0.2500031191332438,0.02,0.2500031191332438,0.01284714817713747,False,True,623
A_CRPS,44,all,29,962.4660312625703,0.20695688317527985,0.02,0.20695688317527985,0.01027881516183309,False,True,623
A_CRPS,44,all,30,1061.8371484711388,0.1864875098150378,0.02,0.1864875098150378,0.010263644529144708,False,True,623
A_CRPS,44,all,31,1192.2491621086228,0.14932396778028878,0.02,0.14932396778028878,0.009495925187545261,False,True,623
A_CRPS,44,all,32,1963.265144121478,0.05,0.02,0.046713347830803914,0.00828386154450124,True,True,623
A_CRPS,44,all,33,2791.480209178727,,,,,False,False,0
A_CRPS,44,all,34,2927.8273667435824,,,,,False,False,0
A_CRPS,44,all,35,2927.827385917402,,,,,False,False,0
A_CRPS,44,all,36,2927.827385917402,,,,,False,False,0
A_CRPS,44,all,37,2927.827385917402,,,,,False,False,0
A_CRPS,44,all,38,2927.8273859174024,,,,,False,False,0
A_CRPS,44,all,39,2927.8273859174024,,,,,False,False,0
A_CRPS,44,all,40,2927.8273859174024,,,,,False,False,0
A_CRPS,44,lc,0,0.5,0.5797196517720385,0.5446161888128306,0.5797196517720385,0.5446161888128306,False,False,240
A_CRPS,44,lc,1,1.900000039835305,0.5753790169782389,0.544279014507449,0.5753790169782389,0.544279014507449,False,False,240
A_CRPS,44,lc,2,4.420000051785896,0.5637228604324158,0.5069368767975434,0.5637228604324158,0.5069368767975434,False,False,240
A_CRPS,44,lc,3,8.379999928296451,0.5607245561958942,0.4557059650708371,0.5607245561958942,0.4557059650708371,False,False,240
A_CRPS,44,lc,4,13.184999737086988,0.5478298064655952,0.4340900101115574,0.5478298064655952,0.4340900101115574,False,False,240
A_CRPS,44,lc,5,18.554999609614015,0.5269741223707016,0.38322016047490076,0.5269741223707016,0.38322016047490076,False,False,240
A_CRPS,44,lc,6,24.894999514009285,0.5300018501367476,0.30656620383590505,0.5300018501367476,0.30656620383590505,False,False,240
A_CRPS,44,lc,7,32.329999450272794,0.5644566215175405,0.24833396277269787,0.5644566215175405,0.24833396277269787,False,False,240
A_CRPS,44,lc,8,40.329999450272794,0.6630533898378664,0.2237425831807788,0.6630533898378664,0.2237425831807788,False,False,240
A_CRPS,44,lc,9,48.329999450272794,0.775740690286522,0.19889498221082794,0.775740690286522,0.19889498221082794,False,False,240
A_CRPS,44,lc,10,56.329999450272794,0.8895883186151827,0.1703833924078714,0.8895883186151827,0.1703833924078714,False,False,240
A_CRPS,44,lc,11,64.3299994502728,0.9542876499735384,0.1479080383948296,0.9542876499735384,0.1479080383948296,False,False,240
A_CRPS,44,lc,12,72.3299994502728,1.0200192141540494,0.13940263448663354,1.0200192141540494,0.13940263448663354,False,False,240
A_CRPS,44,lc,13,80.3299994502728,1.0558922000123434,0.13301566016946728,1.0558922000123434,0.13301566016946728,False,False,240
A_CRPS,44,lc,14,88.3299994502728,1.0626333956770297,0.13999612987071977,1.0626333956770297,0.13999612987071977,False,False,240
A_CRPS,44,lc,15,96.3299994502728,1.07350335393409,0.14596771168503014,1.07350335393409,0.14596771168503014,False,False,240
A_CRPS,44,lc,16,104.3299994502728,1.1043157493554074,0.15522380341747638,1.1043157493554074,0.15522380341747638,False,False,240
A_CRPS,44,lc,17,112.41128312438389,1.1479317927404753,0.1624117412012429,1.1479317927404753,0.1624117412012429,False,False,240
A_CRPS,44,lc,18,124.0181019371289,1.13527364029455,0.17033031178539762,1.13527364029455,0.17033031178539762,False,False,240
A_CRPS,44,lc,19,138.33536150362164,1.1211860342328392,0.1744765262040138,1.1211860342328392,0.1744765262040138,False,False,240
A_CRPS,44,lc,20,157.18840503599694,1.1345618144862128,0.1617826399574897,1.1345618144862128,0.1617826399574897,False,False,240
A_CRPS,44,lc,21,198.628367477501,1.0697373126187433,0.13295897446586968,1.0697373126187433,0.13295897446586968,False,False,240
A_CRPS,44,lc,22,256.89684052475667,0.9226085788312867,0.13525250856099044,0.9226085788312867,0.13525250856099044,False,False,240
A_CRPS,44,lc,23,323.7307751056255,0.8236445498859666,0.1287602090321534,0.8236445498859666,0.1287602090321534,False,False,240
A_CRPS,44,lc,24,420.3034332854247,0.7338842941952717,0.11179429814289579,0.7338842941952717,0.11179429814289579,False,False,240
A_CRPS,44,lc,25,527.207848736849,0.6493952807099892,0.09135454669476466,0.6493952807099892,0.09135454669476466,False,False,240
A_CRPS,44,lc,26,625.15220607476,0.5314537222824489,0.06385392209448452,0.5314537222824489,0.06385392209448452,False,False,240
A_CRPS,44,lc,27,741.9911521140331,0.39889813840041694,0.034488916964197355,0.39889813840041694,0.034488916964197355,False,False,240
A_CRPS,44,lc,28,861.7602376512325,0.2888728331677226,0.02,0.2888728331677226,0.012190052011317848,False,True,240
A_CRPS,44,lc,29,962.4660312625703,0.2432844179652649,0.02,0.2432844179652649,0.007573916806571454,False,True,240
A_CRPS,44,lc,30,1061.8371484711388,0.22516105748740722,0.02,0.22516105748740722,0.007897259684334319,False,True,240
A_CRPS,44,lc,31,1192.2491621086228,0.18562406462564182,0.02,0.18562406462564182,0.00719306032615183,False,True,240
A_CRPS,44,lc,32,1963.265144121478,0.05460129822881091,0.02,0.05460129822881091,0.0038846817628805136,False,True,240
A_CRPS,44,lc,33,2791.480209178727,,,,,False,False,0
A_CRPS,44,lc,34,2927.8273667435824,,,,,False,False,0
A_CRPS,44,lc,35,2927.827385917402,,,,,False,False,0
A_CRPS,44,lc,36,2927.827385917402,,,,,False,False,0
A_CRPS,44,lc,37,2927.827385917402,,,,,False,False,0
A_CRPS,44,lc,38,2927.8273859174024,,,,,False,False,0
A_CRPS,44,lc,39,2927.8273859174024,,,,,False,False,0
A_CRPS,44,lc,40,2927.8273859174024,,,,,False,False,0
A_CRPS,44,complement,0,0.5,1.2704471694011494,0.6145801673268197,1.2704471694011494,0.6145801673268197,False,False,383
A_CRPS,44,complement,1,1.900000039835305,1.2700366360985027,0.6138562780124539,1.2700366360985027,0.6138562780124539,False,False,383
A_CRPS,44,complement,2,4.420000051785896,1.2605701809018395,0.5243614687293274,1.2605701809018395,0.5243614687293274,False,False,383
A_CRPS,44,complement,3,8.379999928296451,1.2662192474105793,0.4216660588982447,1.2662192474105793,0.4216660588982447,False,False,383
A_CRPS,44,complement,4,13.184999737086988,1.2781873920373124,0.3431914953948895,1.2781873920373124,0.3431914953948895,False,False,383
A_CRPS,44,complement,5,18.554999609614015,1.301298114030644,0.2725293988606993,1.301298114030644,0.2725293988606993,False,False,383
A_CRPS,44,complement,6,24.894999514009285,1.3593252024148428,0.21120666437012375,1.3593252024148428,0.21120666437012375,False,False,383
A_CRPS,44,complement,7,32.329999450272794,1.4682933186004756,0.2020050992594995,1.4682933186004756,0.2020050992594995,False,False,383
A_CRPS,44,complement,8,40.329999450272794,1.572163924421552,0.1972311018013634,1.572163924421552,0.1972311018013634,False,False,383
A_CRPS,44,complement,9,48.329999450272794,1.5813207214945602,0.194321832343979,1.5813207214945602,0.194321832343979,False,False,383
A_CRPS,44,complement,10,56.329999450272794,1.5526199758721089,0.1943754442596384,1.5526199758721089,0.1943754442596384,False,False,383
A_CRPS,44,complement,11,64.3299994502728,1.5345174962680967,0.1924449705136089,1.5345174962680967,0.1924449705136089,False,False,383
A_CRPS,44,complement,12,72.3299994502728,1.5137565457284927,0.19129601109343444,1.5137565457284927,0.19129601109343444,False,False,383
A_CRPS,44,complement,13,80.3299994502728,1.4958584151960688,0.18900389754188143,1.4958584151960688,0.18900389754188143,False,False,383
A_CRPS,44,complement,14,88.3299994502728,1.4567164400548238,0.18061919571213383,1.4567164400548238,0.18061919571213383,False,False,383
A_CRPS,44,complement,15,96.3299994502728,1.4247621472020968,0.17892426934438654,1.4247621472020968,0.17892426934438654,False,False,383
A_CRPS,44,complement,16,104.3299994502728,1.3741828223240338,0.17890385895098695,1.3741828223240338,0.17890385895098695,False,False,383
A_CRPS,44,complement,17,112.41128312438389,1.3249488819601623,0.1746445203067289,1.3249488819601623,0.1746445203067289,False,False,383
A_CRPS,44,complement,18,124.0181019371289,1.2649084906026589,0.16885677754787318,1.2649084906026589,0.16885677754787318,False,False,383
A_CRPS,44,complement,19,138.33536150362164,1.1753766409084114,0.168995441612755,1.1753766409084114,0.168995441612755,False,False,383
A_CRPS,44,complement,20,157.18840503599694,1.0793756402361747,0.16672712538481999,1.0793756402361747,0.16672712538481999,False,False,383
A_CRPS,44,complement,21,198.628367477501,0.9824556581005988,0.14180101061992356,0.9824556581005988,0.14180101061992356,False,False,383
A_CRPS,44,complement,22,256.89684052475667,0.8677108411384197,0.1281422428955182,0.8677108411384197,0.1281422428955182,False,False,383
A_CRPS,44,complement,23,323.7307751056255,0.763023371206954,0.11584436781255632,0.763023371206954,0.11584436781255632,False,False,383
A_CRPS,44,complement,24,420.3034332854247,0.6543246285779727,0.0941487557571958,0.6543246285779727,0.0941487557571958,False,False,383
A_CRPS,44,complement,25,527.207848736849,0.5358195766237617,0.07017016052246168,0.5358195766237617,0.07017016052246168,False,False,383
A_CRPS,44,complement,26,625.15220607476,0.4043590399898053,0.046301943683598655,0.4043590399898053,0.046301943683598655,False,False,383
A_CRPS,44,complement,27,741.9911521140331,0.2987255984055136,0.026339199622886406,0.2987255984055136,0.026339199622886406,False,False,383
A_CRPS,44,complement,28,861.7602376512325,0.22220746496910995,0.02,0.22220746496910995,0.013242298457985144,False,True,383
A_CRPS,44,complement,29,962.4660312625703,0.1805044675506643,0.02,0.1805044675506643,0.011658215296598521,False,True,383
A_CRPS,44,complement,30,1061.8371484711388,0.1574854542280349,0.02,0.1574854542280349,0.011500971018674443,False,True,383
A_CRPS,44,complement,31,1192.2491621086228,0.12115548878222042,0.02,0.12115548878222042,0.010689041598645047,False,True,383
A_CRPS,44,complement,32,1963.265144121478,0.05,0.02,0.04100432515108567,0.010107767998149251,True,True,383
A_CRPS,44,complement,33,2791.480209178727,,,,,False,False,0
A_CRPS,44,complement,34,2927.8273667435824,,,,,False,False,0
A_CRPS,44,complement,35,2927.827385917402,,,,,False,False,0
A_CRPS,44,complement,36,2927.827385917402,,,,,False,False,0
A_CRPS,44,complement,37,2927.827385917402,,,,,False,False,0
A_CRPS,44,complement,38,2927.8273859174024,,,,,False,False,0
A_CRPS,44,complement,39,2927.8273859174024,,,,,False,False,0
A_CRPS,44,complement,40,2927.8273859174024,,,,,False,False,0
HeaveFast,42,all,0,0.5,1.0363639818254655,0.5621978764198459,1.0363639818254655,0.5621978764198459,False,False,623
HeaveFast,42,all,1,1.900000039835305,1.0345730243205984,0.5612200589792034,1.0345730243205984,0.5612200589792034,False,False,623
HeaveFast,42,all,2,4.420000051785896,1.0239274203049802,0.4974016380951802,1.0239274203049802,0.4974016380951802,False,False,623
HeaveFast,42,all,3,8.379999928296451,1.022141650869704,0.42431100047351805,1.022141650869704,0.42431100047351805,False,False,623
HeaveFast,42,all,4,13.184999737086988,1.0217680495032258,0.3621858609245097,1.0217680495032258,0.3621858609245097,False,False,623
HeaveFast,42,all,5,18.554999609614015,1.0353259374330195,0.2985281298337687,1.0353259374330195,0.2985281298337687,False,False,623
HeaveFast,42,all,6,24.894999514009285,1.0772801267781855,0.23275616467696122,1.0772801267781855,0.23275616467696122,False,False,623
HeaveFast,42,all,7,32.329999450272794,1.159722305234652,0.20006827542468475,1.159722305234652,0.20006827542468475,False,False,623
HeaveFast,42,all,8,40.329999450272794,1.2363211889498487,0.18514224265765156,1.2363211889498487,0.18514224265765156,False,False,623
HeaveFast,42,all,9,48.329999450272794,1.254779503407742,0.179940663723819,1.254779503407742,0.179940663723819,False,False,623
HeaveFast,42,all,10,56.329999450272794,1.2554488138514601,0.17923836335791077,1.2554488138514601,0.17923836335791077,False,False,623
HeaveFast,42,all,11,64.3299994502728,1.2546129727528719,0.1752237612452157,1.2546129727528719,0.1752237612452157,False,False,623
HeaveFast,42,all,12,72.3299994502728,1.2593226343920125,0.17484989219168406,1.2593226343920125,0.17484989219168406,False,False,623
HeaveFast,42,all,13,80.3299994502728,1.2681207463520683,0.17422101280282248,1.2681207463520683,0.17422101280282248,False,False,623
HeaveFast,42,all,14,88.3299994502728,1.2516008391982598,0.17325268659371132,1.2516008391982598,0.17325268659371132,False,False,623
HeaveFast,42,all,15,96.3299994502728,1.2394685579214293,0.17770988856435346,1.2394685579214293,0.17770988856435346,False,False,623
HeaveFast,42,all,16,104.3299994502728,1.2228005553307366,0.18525946517183017,1.2228005553307366,0.18525946517183017,False,False,623
HeaveFast,42,all,17,112.41128312438389,1.2130374156079873,0.18776907183608932,1.2130374156079873,0.18776907183608932,False,False,623
HeaveFast,42,all,18,124.0181019371289,1.177842535394897,0.1912616279218064,1.177842535394897,0.1912616279218064,False,False,623
HeaveFast,42,all,19,138.33536150362164,1.1338265308841327,0.18847690569642628,1.1338265308841327,0.18847690569642628,False,False,623
HeaveFast,42,all,20,157.18840503599694,1.0984640101847007,0.16428292361173247,1.0984640101847007,0.16428292361173247,False,False,623
HeaveFast,42,all,21,198.628367477501,1.003981716314641,0.13959690503280378,1.003981716314641,0.13959690503280378,False,False,623
HeaveFast,42,all,22,256.89684052475667,0.904633611688095,0.13721467128013415,0.904633611688095,0.13721467128013415,False,False,623
HeaveFast,42,all,23,323.7307751056255,0.8313361646607575,0.13053532602790616,0.8313361646607575,0.13053532602790616,False,False,623
HeaveFast,42,all,24,420.3034332854247,0.7104303266527654,0.10897865896020208,0.7104303266527654,0.10897865896020208,False,False,623
HeaveFast,42,all,25,527.207848736849,0.5673647964322769,0.07955799365311644,0.5673647964322769,0.07955799365311644,False,False,623
HeaveFast,42,all,26,625.15220607476,0.43530717260465346,0.049962341655846246,0.43530717260465346,0.049962341655846246,False,False,623
HeaveFast,42,all,27,741.9911521140331,0.317960541458934,0.025785216436806185,0.317960541458934,0.025785216436806185,False,False,623
HeaveFast,42,all,28,861.7602376512325,0.23626135733282216,0.02,0.23626135733282216,0.011880768689153328,False,True,623
HeaveFast,42,all,29,962.4660312625703,0.2002295306527832,0.02,0.2002295306527832,0.00986205220017998,False,True,623
HeaveFast,42,all,30,1061.8371484711388,0.18408383799505793,0.02,0.18408383799505793,0.009937921286370412,False,True,623
HeaveFast,42,all,31,1192.2491621086228,0.1473185117202198,0.02,0.1473185117202198,0.009402520402791993,False,True,623
HeaveFast,42,all,32,1963.265144121478,0.05,0.02,0.04726700201003735,0.008242812028498631,True,True,623
HeaveFast,42,all,33,2791.480209178727,,,,,False,False,0
HeaveFast,42,all,34,2927.8273667435824,,,,,False,False,0
HeaveFast,42,all,35,2927.827385917402,,,,,False,False,0
HeaveFast,42,all,36,2927.827385917402,,,,,False,False,0
HeaveFast,42,all,37,2927.827385917402,,,,,False,False,0
HeaveFast,42,all,38,2927.8273859174024,,,,,False,False,0
HeaveFast,42,all,39,2927.8273859174024,,,,,False,False,0
HeaveFast,42,all,40,2927.8273859174024,,,,,False,False,0
HeaveFast,42,lc,0,0.5,0.535021485101079,0.48732604630462645,0.535021485101079,0.48732604630462645,False,False,240
HeaveFast,42,lc,1,1.900000039835305,0.5286505567855861,0.4867790502347187,0.5286505567855861,0.4867790502347187,False,False,240
HeaveFast,42,lc,2,4.420000051785896,0.5164677126319109,0.4513419587652924,0.5164677126319109,0.4513419587652924,False,False,240
HeaveFast,42,lc,3,8.379999928296451,0.5193597840715444,0.4062325112586705,0.5193597840715444,0.4062325112586705,False,False,240
HeaveFast,42,lc,4,13.184999737086988,0.514577811925289,0.37463509523997984,0.514577811925289,0.37463509523997984,False,False,240
HeaveFast,42,lc,5,18.554999609614015,0.5376666631767425,0.3145670581188623,0.5376666631767425,0.3145670581188623,False,False,240
HeaveFast,42,lc,6,24.894999514009285,0.6027767457664202,0.24217095979485748,0.6027767457664202,0.24217095979485748,False,False,240
HeaveFast,42,lc,7,32.329999450272794,0.6664127517590515,0.19416273220960467,0.6664127517590515,0.19416273220960467,False,False,240
HeaveFast,42,lc,8,40.329999450272794,0.7431309505735237,0.1826530900079374,0.7431309505735237,0.1826530900079374,False,False,240
HeaveFast,42,lc,9,48.329999450272794,0.8178853036752481,0.1762892587066684,0.8178853036752481,0.1762892587066684,False,False,240
HeaveFast,42,lc,10,56.329999450272794,0.8910187498193389,0.16789300286878817,0.8910187498193389,0.16789300286878817,False,False,240
HeaveFast,42,lc,11,64.3299994502728,0.9271586677274795,0.15105085241579366,0.9271586677274795,0.15105085241579366,False,False,240
HeaveFast,42,lc,12,72.3299994502728,0.9949270792942908,0.1452818816262744,0.9949270792942908,0.1452818816262744,False,False,240
HeaveFast,42,lc,13,80.3299994502728,1.0472116922316534,0.14346158343025706,1.0472116922316534,0.14346158343025706,False,False,240
HeaveFast,42,lc,14,88.3299994502728,1.0576331473297607,0.15390030696171902,1.0576331473297607,0.15390030696171902,False,False,240
HeaveFast,42,lc,15,96.3299994502728,1.0675216794671518,0.16568311618394657,1.0675216794671518,0.16568311618394657,False,False,240
HeaveFast,42,lc,16,104.3299994502728,1.0985149628039454,0.17618611644306403,1.0985149628039454,0.17618611644306403,False,False,240
HeaveFast,42,lc,17,112.41128312438389,1.1515706293753276,0.17958589462641655,1.1515706293753276,0.17958589462641655,False,False,240
HeaveFast,42,lc,18,124.0181019371289,1.128739696166416,0.1864243531667754,1.128739696166416,0.1864243531667754,False,False,240
HeaveFast,42,lc,19,138.33536150362164,1.1076669888473256,0.18281884349463123,1.1076669888473256,0.18281884349463123,False,False,240
HeaveFast,42,lc,20,157.18840503599694,1.1132259682731178,0.15536025015174607,1.1132259682731178,0.15536025015174607,False,False,240
HeaveFast,42,lc,21,198.628367477501,1.0235740906862505,0.13465585575938788,1.0235740906862505,0.13465585575938788,False,False,240
HeaveFast,42,lc,22,256.89684052475667,0.9353581933142132,0.13842574965314178,0.9353581933142132,0.13842574965314178,False,False,240
HeaveFast,42,lc,23,323.7307751056255,0.8816168814001446,0.1370769068726761,0.8816168814001446,0.1370769068726761,False,False,240
HeaveFast,42,lc,24,420.3034332854247,0.7719446619245476,0.11878143562097862,0.7719446619245476,0.11878143562097862,False,False,240
HeaveFast,42,lc,25,527.207848736849,0.639128549512226,0.09138083592976239,0.639128549512226,0.09138083592976239,False,False,240
HeaveFast,42,lc,26,625.15220607476,0.5070084394674977,0.059609125602749086,0.5070084394674977,0.059609125602749086,False,False,240
HeaveFast,42,lc,27,741.9911521140331,0.36650388363398945,0.029625120171512583,0.36650388363398945,0.029625120171512583,False,False,240
HeaveFast,42,lc,28,861.7602376512325,0.2626226985050765,0.02,0.2626226985050765,0.011072949398102959,False,True,240
HeaveFast,42,lc,29,962.4660312625703,0.22914553456505168,0.02,0.22914553456505168,0.00779117979652388,False,True,240
HeaveFast,42,lc,30,1061.8371484711388,0.21890037736125392,0.02,0.21890037736125392,0.008445965438607334,False,True,240
HeaveFast,42,lc,31,1192.2491621086228,0.1818159966922094,0.02,0.1818159966922094,0.008096358603203964,False,True,240
HeaveFast,42,lc,32,1963.265144121478,0.054753667830544514,0.02,0.054753667830544514,0.004691176274458607,False,True,240
HeaveFast,42,lc,33,2791.480209178727,,,,,False,False,0
HeaveFast,42,lc,34,2927.8273667435824,,,,,False,False,0
HeaveFast,42,lc,35,2927.827385917402,,,,,False,False,0
HeaveFast,42,lc,36,2927.827385917402,,,,,False,False,0
HeaveFast,42,lc,37,2927.827385917402,,,,,False,False,0
HeaveFast,42,lc,38,2927.8273859174024,,,,,False,False,0
HeaveFast,42,lc,39,2927.8273859174024,,,,,False,False,0
HeaveFast,42,lc,40,2927.8273859174024,,,,,False,False,0
HeaveFast,42,complement,0,0.5,1.2520831948510844,0.6044063562578375,1.2520831948510844,0.6044063562578375,False,False,383
HeaveFast,42,complement,1,1.900000039835305,1.251369503347245,0.6032031842638296,1.251369503347245,0.6032031842638296,False,False,383
HeaveFast,42,complement,2,4.420000051785896,1.2402653962941932,0.52420555684073,1.2402653962941932,0.52420555684073,False,False,383
HeaveFast,42,complement,3,8.379999928296451,1.2371085887770803,0.43525703304045477,1.2371085887770803,0.43525703304045477,False,False,383
HeaveFast,42,complement,4,13.184999737086988,1.23785854745765,0.35416181843225647,1.23785854745765,0.35416181843225647,False,False,383
HeaveFast,42,complement,5,18.554999609614015,1.2499744828638777,0.28802279259298297,1.2499744828638777,0.28802279259298297,False,False,383
HeaveFast,42,complement,6,24.894999514009285,1.288440448708586,0.2266573341774622,1.288440448708586,0.2266573341774622,False,False,383
HeaveFast,42,complement,7,32.329999450272794,1.3818310493684676,0.20368163070498094,1.3818310493684676,0.20368163070498094,False,False,383
HeaveFast,42,complement,8,40.329999450272794,1.4629549614017048,0.18668511103099195,1.4629549614017048,0.18668511103099195,False,False,383
HeaveFast,42,complement,9,48.329999450272794,1.46352616081735,0.18219145810706536,1.46352616081735,0.18219145810706536,False,False,383
HeaveFast,42,complement,10,56.329999450272794,1.4374722748332283,0.18599536078371653,1.4374722748332283,0.18599536078371653,False,False,383
HeaveFast,42,complement,11,64.3299994502728,1.4218785567704202,0.18880046610690218,1.4218785567704202,0.18880046610690218,False,False,383
HeaveFast,42,complement,12,72.3299994502728,1.3997766276394463,0.19106011793705394,1.3997766276394463,0.19106011793705394,False,False,383
HeaveFast,42,complement,13,80.3299994502728,1.3887543236073285,0.1909875439891215,1.3887543236073285,0.1909875439891215,False,False,383
HeaveFast,42,complement,14,88.3299994502728,1.3591113224658373,0.1843470044975073,1.3591113224658373,0.1843470044975073,False,False,383
HeaveFast,42,complement,15,96.3299994502728,1.335984463111333,0.18484787621913232,1.335984463111333,0.18484787621913232,False,False,383
HeaveFast,42,complement,16,104.3299994502728,1.2946151144183415,0.1907252533518344,1.2946151144183415,0.1907252533518344,False,False,383
HeaveFast,42,complement,17,112.41128312438389,1.2500149955044872,0.19271990464786234,1.2500149955044872,0.19271990464786234,False,False,383
HeaveFast,42,complement,18,124.0181019371289,1.2075947982736237,0.19423143013721395,1.2075947982736237,0.19423143013721395,False,False,383
HeaveFast,42,complement,19,138.33536150362164,1.1499156776526966,0.19193744092938025,1.1499156776526966,0.19193744092938025,False,False,383
HeaveFast,42,complement,20,157.18840503599694,1.0891117283144358,0.16963513180901776,1.0891117283144358,0.16963513180901776,False,False,383
HeaveFast,42,complement,21,198.628367477501,0.9915072196577592,0.14260589913013205,0.9915072196577592,0.14260589913013205,False,False,383
HeaveFast,42,complement,22,256.89684052475667,0.8848370507265142,0.13645029285511817,0.8848370507265142,0.13645029285511817,False,False,383
HeaveFast,42,complement,23,323.7307751056255,0.7982161065352348,0.12626355450447108,0.7982161065352348,0.12626355450447108,False,False,383
HeaveFast,42,complement,24,420.3034332854247,0.6690070064198961,0.10235857981689751,0.6690070064198961,0.10235857981689751,False,False,383
HeaveFast,42,complement,25,527.207848736849,0.5173465624305975,0.07115519757857411,0.5173465624305975,0.07115519757857411,False,False,383
HeaveFast,42,complement,26,625.15220607476,0.38360632616583784,0.04282380208062684,0.38360632616583784,0.04282380208062684,False,False,383
HeaveFast,42,complement,27,741.9911521140331,0.2833342838299114,0.023055340000218104,0.2833342838299114,0.023055340000218104,False,False,383
HeaveFast,42,complement,28,861.7602376512325,0.21812481529215386,0.02,0.21812481529215386,0.012360095403870045,False,True,383
HeaveFast,42,complement,29,962.4660312625703,0.1797546167448779,0.02,0.1797546167448779,0.010962126828455097,False,True,383
HeaveFast,42,complement,30,1061.8371484711388,0.15841367140172866,0.02,0.15841367140172866,0.010767985185665276,False,True,383
HeaveFast,42,complement,31,1192.2491621086228,0.12077984038582353,0.02,0.12077984038582353,0.010135576832755849,False,True,383
HeaveFast,42,complement,32,1963.265144121478,0.05,0.02,0.04189930087878283,0.00983511168543951,True,True,383
HeaveFast,42,complement,33,2791.480209178727,,,,,False,False,0
HeaveFast,42,complement,34,2927.8273667435824,,,,,False,False,0
HeaveFast,42,complement,35,2927.827385917402,,,,,False,False,0
HeaveFast,42,complement,36,2927.827385917402,,,,,False,False,0
HeaveFast,42,complement,37,2927.827385917402,,,,,False,False,0
HeaveFast,42,complement,38,2927.8273859174024,,,,,False,False,0
HeaveFast,42,complement,39,2927.8273859174024,,,,,False,False,0
HeaveFast,42,complement,40,2927.8273859174024,,,,,False,False,0
conv3,42,all,0,0.5,1.0421696590311498,0.5308346760814092,1.0421696590311498,0.5308346760814092,False,False,623
conv3,42,all,1,1.900000039835305,1.0411495580406298,0.5302335630610797,1.0411495580406298,0.5302335630610797,False,False,623
conv3,42,all,2,4.420000051785896,1.0318790650313003,0.4776882629750039,1.0318790650313003,0.4776882629750039,False,False,623
conv3,42,all,3,8.379999928296451,1.0352620453190953,0.41881452977184136,1.0352620453190953,0.41881452977184136,False,False,623
conv3,42,all,4,13.184999737086988,1.0501711277854748,0.3567409419831847,1.0501711277854748,0.3567409419831847,False,False,623
conv3,42,all,5,18.554999609614015,1.0798206465409859,0.29723716871648886,1.0798206465409859,0.29723716871648886,False,False,623
conv3,42,all,6,24.894999514009285,1.1311873344998014,0.2315184774682161,1.1311873344998014,0.2315184774682161,False,False,623
conv3,42,all,7,32.329999450272794,1.2078866988481827,0.19579712168766006,1.2078866988481827,0.19579712168766006,False,False,623
conv3,42,all,8,40.329999450272794,1.2416163621948018,0.1817017940936126,1.2416163621948018,0.1817017940936126,False,False,623
conv3,42,all,9,48.329999450272794,1.2277552195265806,0.1769489904320916,1.2277552195265806,0.1769489904320916,False,False,623
conv3,42,all,10,56.329999450272794,1.2579902940745593,0.17820087974684154,1.2579902940745593,0.17820087974684154,False,False,623
conv3,42,all,11,64.3299994502728,1.2881438453227334,0.17486194269673108,1.2881438453227334,0.17486194269673108,False,False,623
conv3,42,all,12,72.3299994502728,1.3080728550681597,0.17399647174755534,1.3080728550681597,0.17399647174755534,False,False,623
conv3,42,all,13,80.3299994502728,1.3186452790368224,0.17190976589643903,1.3186452790368224,0.17190976589643903,False,False,623
conv3,42,all,14,88.3299994502728,1.3049704608433865,0.1698398812845609,1.3049704608433865,0.1698398812845609,False,False,623
conv3,42,all,15,96.3299994502728,1.292960472784051,0.17287074105935246,1.292960472784051,0.17287074105935246,False,False,623
conv3,42,all,16,104.3299994502728,1.2722831806075297,0.17850945117132014,1.2722831806075297,0.17850945117132014,False,False,623
conv3,42,all,17,112.41128312438389,1.2562527342823833,0.18062949826913616,1.2562527342823833,0.18062949826913616,False,False,623
conv3,42,all,18,124.0181019371289,1.2184080911662285,0.18534299419848266,1.2184080911662285,0.18534299419848266,False,False,623
conv3,42,all,19,138.33536150362164,1.1706428884256754,0.18739937179837454,1.1706428884256754,0.18739937179837454,False,False,623
conv3,42,all,20,157.18840503599694,1.1377541696765023,0.1744372817495144,1.1377541696765023,0.1744372817495144,False,False,623
conv3,42,all,21,198.628367477501,1.0537644323967796,0.15545299486470687,1.0537644323967796,0.15545299486470687,False,False,623
conv3,42,all,22,256.89684052475667,0.9709063453394581,0.14957745988211762,0.9709063453394581,0.14957745988211762,False,False,623
conv3,42,all,23,323.7307751056255,0.8933394265645833,0.14152711107785373,0.8933394265645833,0.14152711107785373,False,False,623
conv3,42,all,24,420.3034332854247,0.7442291038277393,0.11230273258041384,0.7442291038277393,0.11230273258041384,False,False,623
conv3,42,all,25,527.207848736849,0.5753545052685647,0.07511498701848773,0.5753545052685647,0.07511498701848773,False,False,623
conv3,42,all,26,625.15220607476,0.4391891947813993,0.045216839997362306,0.4391891947813993,0.045216839997362306,False,False,623
conv3,42,all,27,741.9911521140331,0.3146941080108498,0.0224656806417123,0.3146941080108498,0.0224656806417123,False,False,623
conv3,42,all,28,861.7602376512325,0.23405187746303213,0.02,0.23405187746303213,0.011525879815137311,False,True,623
conv3,42,all,29,962.4660312625703,0.1998042501693589,0.02,0.1998042501693589,0.009731550424859577,False,True,623
conv3,42,all,30,1061.8371484711388,0.18143607000521308,0.02,0.18143607000521308,0.009590731951353924,False,True,623
conv3,42,all,31,1192.2491621086228,0.1441745772990328,0.02,0.1441745772990328,0.008942824992111468,False,True,623
conv3,42,all,32,1963.265144121478,0.05,0.02,0.0469351212147816,0.007847084889906514,True,True,623
conv3,42,all,33,2791.480209178727,,,,,False,False,0
conv3,42,all,34,2927.8273667435824,,,,,False,False,0
conv3,42,all,35,2927.827385917402,,,,,False,False,0
conv3,42,all,36,2927.827385917402,,,,,False,False,0
conv3,42,all,37,2927.827385917402,,,,,False,False,0
conv3,42,all,38,2927.8273859174024,,,,,False,False,0
conv3,42,all,39,2927.8273859174024,,,,,False,False,0
conv3,42,all,40,2927.8273859174024,,,,,False,False,0
conv3,42,lc,0,0.5,0.5273891644552097,0.46621739814663526,0.5273891644552097,0.46621739814663526,False,False,240
conv3,42,lc,1,1.900000039835305,0.5250516600102698,0.4657226523089894,0.5250516600102698,0.4657226523089894,False,False,240
conv3,42,lc,2,4.420000051785896,0.5212294761513887,0.4304608494021475,0.5212294761513887,0.4304608494021475,False,False,240
conv3,42,lc,3,8.379999928296451,0.53683460308773,0.38546981237785927,0.53683460308773,0.38546981237785927,False,False,240
conv3,42,lc,4,13.184999737086988,0.5667924700064637,0.35366197819688056,0.5667924700064637,0.35366197819688056,False,False,240
conv3,42,lc,5,18.554999609614015,0.6265860731997737,0.3022697094812057,0.6265860731997737,0.3022697094812057,False,False,240
conv3,42,lc,6,24.894999514009285,0.7166092324179851,0.23508334861125543,0.7166092324179851,0.23508334861125543,False,False,240
conv3,42,lc,7,32.329999450272794,0.7840466217734685,0.18454767193076818,0.7840466217734685,0.18454767193076818,False,False,240
conv3,42,lc,8,40.329999450272794,0.8195875154084972,0.17506778378665727,0.8195875154084972,0.17506778378665727,False,False,240
conv3,42,lc,9,48.329999450272794,0.8760695839479953,0.17131592015787295,0.8760695839479953,0.17131592015787295,False,False,240
conv3,42,lc,10,56.329999450272794,0.9898402059175687,0.1616309453412292,0.9898402059175687,0.1616309453412292,False,False,240
conv3,42,lc,11,64.3299994502728,1.0670046963175372,0.1459942162581377,1.0670046963175372,0.1459942162581377,False,False,240
conv3,42,lc,12,72.3299994502728,1.1343377909516659,0.13983339332696934,1.1343377909516659,0.13983339332696934,False,False,240
conv3,42,lc,13,80.3299994502728,1.1694645543003208,0.1360160891956168,1.1694645543003208,0.1360160891956168,False,False,240
conv3,42,lc,14,88.3299994502728,1.166334270783262,0.14438161651246453,1.166334270783262,0.14438161651246453,False,False,240
conv3,42,lc,15,96.3299994502728,1.1580220403686403,0.1541313880190032,1.1580220403686403,0.1541313880190032,False,False,240
conv3,42,lc,16,104.3299994502728,1.1586399316393814,0.164822537461279,1.1586399316393814,0.164822537461279,False,False,240
conv3,42,lc,17,112.41128312438389,1.1810106301143348,0.17035486291321486,1.1810106301143348,0.17035486291321486,False,False,240
conv3,42,lc,18,124.0181019371289,1.1263921863991555,0.17991094295952936,1.1263921863991555,0.17991094295952936,False,False,240
conv3,42,lc,19,138.33536150362164,1.083282885133625,0.18104888570714567,1.083282885133625,0.18104888570714567,False,False,240
conv3,42,lc,20,157.18840503599694,1.0751105817880326,0.15992455779940631,1.0751105817880326,0.15992455779940631,False,False,240
conv3,42,lc,21,198.628367477501,0.9940907818780695,0.13744885393725034,0.9940907818780695,0.13744885393725034,False,False,240
conv3,42,lc,22,256.89684052475667,0.9261237126270708,0.13630039007533332,0.9261237126270708,0.13630039007533332,False,False,240
conv3,42,lc,23,323.7307751056255,0.8664805508216513,0.13409409374711054,0.8664805508216513,0.13409409374711054,False,False,240
conv3,42,lc,24,420.3034332854247,0.7381291441816632,0.11075635238063859,0.7381291441816632,0.11075635238063859,False,False,240
conv3,42,lc,25,527.207848736849,0.5905981314892137,0.07987423244260544,0.5905981314892137,0.07987423244260544,False,False,240
conv3,42,lc,26,625.15220607476,0.46598690047843966,0.05209987621019572,0.46598690047843966,0.05209987621019572,False,False,240
conv3,42,lc,27,741.9911521140331,0.32931392312185404,0.025496212135212457,0.32931392312185404,0.025496212135212457,False,False,240
conv3,42,lc,28,861.7602376512325,0.2329663480065578,0.02,0.2329663480065578,0.010838860904263458,False,True,240
conv3,42,lc,29,962.4660312625703,0.21097593915952106,0.02,0.21097593915952106,0.007710551406846246,False,True,240
conv3,42,lc,30,1061.8371484711388,0.20529949840550826,0.02,0.20529949840550826,0.00794627678745403,False,True,240
conv3,42,lc,31,1192.2491621086228,0.1741095554651569,0.02,0.1741095554651569,0.007521280936940912,False,True,240
conv3,42,lc,32,1963.265144121478,0.053889603473529564,0.02,0.053889603473529564,0.0043930583260992796,False,True,240
conv3,42,lc,33,2791.480209178727,,,,,False,False,0
conv3,42,lc,34,2927.8273667435824,,,,,False,False,0
conv3,42,lc,35,2927.827385917402,,,,,False,False,0
conv3,42,lc,36,2927.827385917402,,,,,False,False,0
conv3,42,lc,37,2927.827385917402,,,,,False,False,0
conv3,42,lc,38,2927.8273859174024,,,,,False,False,0
conv3,42,lc,39,2927.8273859174024,,,,,False,False,0
conv3,42,lc,40,2927.8273859174024,,,,,False,False,0
conv3,42,complement,0,0.5,1.2619122464487893,0.5675890527535327,1.2619122464487893,0.5675890527535327,False,False,383
conv3,42,complement,1,1.900000039835305,1.2611531127992688,0.5669292324869906,1.2611531127992688,0.5669292324869906,False,False,383
conv3,42,complement,2,4.420000051785896,1.249700971216837,0.5050366566939303,1.249700971216837,0.5050366566939303,False,False,383
conv3,42,complement,3,8.379999928296451,1.250112496438186,0.43841877325903045,1.250112496438186,0.43841877325903045,False,False,383
conv3,42,complement,4,13.184999737086988,1.2619977901449466,0.3586568479610403,1.2619977901449466,0.3586568479610403,False,False,383
conv3,42,complement,5,18.554999609614015,1.2847767450063885,0.29403972408815343,1.2847767450063885,0.29403972408815343,False,False,383
conv3,42,complement,6,24.894999514009285,1.326506642726551,0.22925636612339975,1.326506642726551,0.22925636612339975,False,False,383
conv3,42,complement,7,32.329999450272794,1.4099756099422083,0.20252817965223796,1.4099756099422083,0.20252817965223796,False,False,383
conv3,42,complement,8,40.329999450272794,1.4445450511260884,0.18573815555837223,1.4445450511260884,0.18573815555837223,False,False,383
conv3,42,complement,9,48.329999450272794,1.4039296154456968,0.18038922371911426,1.4039296154456968,0.18038922371911426,False,False,383
conv3,42,complement,10,56.329999450272794,1.400087731632825,0.1878406556187137,1.400087731632825,0.1878406556187137,False,False,383
conv3,42,complement,11,64.3299994502728,1.4091395162420977,0.1907375323726021,1.4091395162420977,0.1907375323726021,False,False,383
conv3,42,complement,12,72.3299994502728,1.406042237600496,0.19233600640676068,1.406042237600496,0.19233600640676068,False,False,383
conv3,42,complement,13,80.3299994502728,1.4040717032250851,0.19099443252290121,1.4040717032250851,0.19099443252290121,False,False,383
conv3,42,complement,14,88.3299994502728,1.384788672361839,0.18400638073105385,1.384788672361839,0.18400638073105385,False,False,383
conv3,42,complement,15,96.3299994502728,1.3707639572142163,0.18364142510676118,1.3707639572142163,0.18364142510676118,False,False,383
conv3,42,complement,16,104.3299994502728,1.3385875222087498,0.18657509093070557,1.3385875222087498,0.18657509093070557,False,False,383
conv3,42,complement,17,112.41128312438389,1.3011862682103914,0.18678007977190675,1.3011862682103914,0.18678007977190675,False,False,383
conv3,42,complement,18,124.0181019371289,1.2726820844292266,0.18866719915632033,1.2726820844292266,0.18866719915632033,False,False,383
conv3,42,complement,19,138.33536150362164,1.2222072004946996,0.19127136158537664,1.2222072004946996,0.19127136158537664,False,False,383
conv3,42,complement,20,157.18840503599694,1.1753082056719721,0.18294561216226984,1.1753082056719721,0.18294561216226984,False,False,383
conv3,42,complement,21,198.628367477501,1.0894933543339096,0.165741192700647,1.0894933543339096,0.165741192700647,False,False,383
conv3,42,complement,22,256.89684052475667,0.997944895339372,0.15732727992386586,0.997944895339372,0.15732727992386586,False,False,383
conv3,42,complement,23,323.7307751056255,0.9097660165408895,0.14599213023114488,0.9097660165408895,0.14599213023114488,False,False,383
conv3,42,complement,24,420.3034332854247,0.7480261814742909,0.11326098389276751,0.7480261814742909,0.11326098389276751,False,False,383
conv3,42,complement,25,527.207848736849,0.5655930178710676,0.07197247900557749,0.5655930178710676,0.07197247900557749,False,False,383
conv3,42,complement,26,625.15220607476,0.42152955280820487,0.04030909322107604,0.42152955280820487,0.04030909322107604,False,False,383
conv3,42,complement,27,741.9911521140331,0.30517612667671956,0.020337793639222147,0.30517612667671956,0.020337793639222147,False,False,383
conv3,42,complement,28,861.7602376512325,0.23472954630208184,0.02,0.23472954630208184,0.011936251665744512,False,True,383
conv3,42,complement,29,962.4660312625703,0.19247352235454634,0.02,0.19247352235454634,0.010807041290604814,False,True,383
conv3,42,complement,30,1061.8371484711388,0.16472997464166356,0.02,0.16472997464166356,0.010490637038341572,False,True,383
conv3,42,complement,31,1192.2491621086228,0.12172044965068475,0.02,0.12172044965068475,0.009728314033014624,False,True,383
conv3,42,complement,32,1963.265144121478,0.05,0.02,0.04199430347850008,0.009384526882454003,True,True,383
conv3,42,complement,33,2791.480209178727,,,,,False,False,0
conv3,42,complement,34,2927.8273667435824,,,,,False,False,0
conv3,42,complement,35,2927.827385917402,,,,,False,False,0
conv3,42,complement,36,2927.827385917402,,,,,False,False,0
conv3,42,complement,37,2927.827385917402,,,,,False,False,0
conv3,42,complement,38,2927.8273859174024,,,,,False,False,0
conv3,42,complement,39,2927.8273859174024,,,,,False,False,0
conv3,42,complement,40,2927.8273859174024,,,,,False,False,0
ops,42,all,0,0.5,1.0513172099132522,0.615085912615337,1.0513172099132522,0.615085912615337,False,False,623
ops,42,all,1,1.900000039835305,1.049034597982871,0.6151619330170518,1.049034597982871,0.6151619330170518,False,False,623
ops,42,all,2,4.420000051785896,1.034268129055721,0.5463420887318313,1.034268129055721,0.5463420887318313,False,False,623
ops,42,all,3,8.379999928296451,1.0283055302964745,0.42426369214511006,1.0283055302964745,0.42426369214511006,False,False,623
ops,42,all,4,13.184999737086988,1.03353296314263,0.34931146435864957,1.03353296314263,0.34931146435864957,False,False,623
ops,42,all,5,18.554999609614015,1.0545160184467242,0.29357992838797037,1.0545160184467242,0.29357992838797037,False,False,623
ops,42,all,6,24.894999514009285,1.1026425955239882,0.23237744928302032,1.1026425955239882,0.23237744928302032,False,False,623
ops,42,all,7,32.329999450272794,1.1711935390162325,0.20293153180432374,1.1711935390162325,0.20293153180432374,False,False,623
ops,42,all,8,40.329999450272794,1.2173666690075835,0.19064722573392268,1.2173666690075835,0.19064722573392268,False,False,623
ops,42,all,9,48.329999450272794,1.2016566964879374,0.19012252249750633,1.2016566964879374,0.19012252249750633,False,False,623
ops,42,all,10,56.329999450272794,1.2079220717524837,0.18774881409632185,1.2079220717524837,0.18774881409632185,False,False,623
ops,42,all,11,64.3299994502728,1.2324245966600071,0.18212637419643601,1.2324245966600071,0.18212637419643601,False,False,623
ops,42,all,12,72.3299994502728,1.2557166777898758,0.18004383034938096,1.2557166777898758,0.18004383034938096,False,False,623
ops,42,all,13,80.3299994502728,1.2690441037406501,0.17614029283245003,1.2690441037406501,0.17614029283245003,False,False,623
ops,42,all,14,88.3299994502728,1.264241321777944,0.1739394127772092,1.264241321777944,0.1739394127772092,False,False,623
ops,42,all,15,96.3299994502728,1.2635541116139732,0.17638257847746044,1.2635541116139732,0.17638257847746044,False,False,623
ops,42,all,16,104.3299994502728,1.2515013761048457,0.18150388184164115,1.2515013761048457,0.18150388184164115,False,False,623
ops,42,all,17,112.41128312438389,1.2363064709623917,0.1826023986866136,1.2363064709623917,0.1826023986866136,False,False,623
ops,42,all,18,124.0181019371289,1.1996680202520347,0.18482565824404898,1.1996680202520347,0.18482565824404898,False,False,623
ops,42,all,19,138.33536150362164,1.158295683646145,0.18390585508375448,1.158295683646145,0.18390585508375448,False,False,623
ops,42,all,20,157.18840503599694,1.1173663609058704,0.1664777817007872,1.1173663609058704,0.1664777817007872,False,False,623
ops,42,all,21,198.628367477501,1.0221565869314673,0.14711490613736086,1.0221565869314673,0.14711490613736086,False,False,623
ops,42,all,22,256.89684052475667,0.9238738647868319,0.13926778857012656,0.9238738647868319,0.13926778857012656,False,False,623
ops,42,all,23,323.7307751056255,0.8364046831108947,0.12781731675756547,0.8364046831108947,0.12781731675756547,False,False,623
ops,42,all,24,420.3034332854247,0.6977304583117775,0.10284577774827224,0.6977304583117775,0.10284577774827224,False,False,623
ops,42,all,25,527.207848736849,0.543070797434858,0.07074473511899824,0.543070797434858,0.07074473511899824,False,False,623
ops,42,all,26,625.15220607476,0.4151479620856794,0.04411862177954503,0.4151479620856794,0.04411862177954503,False,False,623
ops,42,all,27,741.9911521140331,0.30199393052277285,0.022904101404120483,0.30199393052277285,0.022904101404120483,False,False,623
ops,42,all,28,861.7602376512325,0.223849517206636,0.02,0.223849517206636,0.011652554289460154,False,True,623
ops,42,all,29,962.4660312625703,0.19073900934693655,0.02,0.19073900934693655,0.01008209861970797,False,True,623
ops,42,all,30,1061.8371484711388,0.17488163492639097,0.02,0.17488163492639097,0.00994897417169535,False,True,623
ops,42,all,31,1192.2491621086228,0.1403852557576922,0.02,0.1403852557576922,0.009178283249323882,False,True,623
ops,42,all,32,1963.265144121478,0.05,0.02,0.045643642969781156,0.008112294487475736,True,True,623
ops,42,all,33,2791.480209178727,,,,,False,False,0
ops,42,all,34,2927.8273667435824,,,,,False,False,0
ops,42,all,35,2927.827385917402,,,,,False,False,0
ops,42,all,36,2927.827385917402,,,,,False,False,0
ops,42,all,37,2927.827385917402,,,,,False,False,0
ops,42,all,38,2927.8273859174024,,,,,False,False,0
ops,42,all,39,2927.8273859174024,,,,,False,False,0
ops,42,all,40,2927.8273859174024,,,,,False,False,0
ops,42,lc,0,0.5,0.5313548413406112,0.5021223746308614,0.5313548413406112,0.5021223746308614,False,False,240
ops,42,lc,1,1.900000039835305,0.5281260567849746,0.5006333271303977,0.5281260567849746,0.5006333271303977,False,False,240
ops,42,lc,2,4.420000051785896,0.5192544441918739,0.4605282476211471,0.5192544441918739,0.4605282476211471,False,False,240
ops,42,lc,3,8.379999928296451,0.5160378339261718,0.40000477891293845,0.5160378339261718,0.40000477891293845,False,False,240
ops,42,lc,4,13.184999737086988,0.5186627269996008,0.376363957210401,0.5186627269996008,0.376363957210401,False,False,240
ops,42,lc,5,18.554999609614015,0.5417481399475635,0.3222765358316992,0.5417481399475635,0.3222765358316992,False,False,240
ops,42,lc,6,24.894999514009285,0.5961498586985138,0.2453336478582941,0.5961498586985138,0.2453336478582941,False,False,240
ops,42,lc,7,32.329999450272794,0.66101805599609,0.19916753115510452,0.66101805599609,0.19916753115510452,False,False,240
ops,42,lc,8,40.329999450272794,0.7290910963412524,0.18741441825624522,0.7290910963412524,0.18741441825624522,False,False,240
ops,42,lc,9,48.329999450272794,0.7843502924845741,0.18493448071843532,0.7843502924845741,0.18493448071843532,False,False,240
ops,42,lc,10,56.329999450272794,0.8667531878734048,0.1698665101765956,0.8667531878734048,0.1698665101765956,False,False,240
ops,42,lc,11,64.3299994502728,0.9298048344215555,0.15133938711279774,0.9298048344215555,0.15133938711279774,False,False,240
ops,42,lc,12,72.3299994502728,0.9845544876432927,0.14555112904902864,0.9845544876432927,0.14555112904902864,False,False,240
ops,42,lc,13,80.3299994502728,1.0039384437221994,0.14048172284657715,1.0039384437221994,0.14048172284657715,False,False,240
ops,42,lc,14,88.3299994502728,1.0160065572448862,0.14949492729796565,1.0160065572448862,0.14949492729796565,False,False,240
ops,42,lc,15,96.3299994502728,1.0393337136715826,0.1590041245375455,1.0393337136715826,0.1590041245375455,False,False,240
ops,42,lc,16,104.3299994502728,1.0663334819257921,0.1696805019430768,1.0663334819257921,0.1696805019430768,False,False,240
ops,42,lc,17,112.41128312438389,1.0994762641815574,0.17540122104532116,1.0994762641815574,0.17540122104532116,False,False,240
ops,42,lc,18,124.0181019371289,1.0757428338650772,0.18405354559795362,1.0757428338650772,0.18405354559795362,False,False,240
ops,42,lc,19,138.33536150362164,1.0808960617766596,0.18615765860712477,1.0808960617766596,0.18615765860712477,False,False,240
ops,42,lc,20,157.18840503599694,1.0971210764414059,0.16739474556988182,1.0971210764414059,0.16739474556988182,False,False,240
ops,42,lc,21,198.628367477501,1.0325143624436588,0.14827152559765988,1.0325143624436588,0.14827152559765988,False,False,240
ops,42,lc,22,256.89684052475667,0.9631803815538652,0.14308064393726008,0.9631803815538652,0.14308064393726008,False,False,240
ops,42,lc,23,323.7307751056255,0.887900135064844,0.135885949548588,0.887900135064844,0.135885949548588,False,False,240
ops,42,lc,24,420.3034332854247,0.7527998916583126,0.11332480430363484,0.7527998916583126,0.11332480430363484,False,False,240
ops,42,lc,25,527.207848736849,0.6067601455051278,0.08194068758846773,0.6067601455051278,0.08194068758846773,False,False,240
ops,42,lc,26,625.15220607476,0.4807064969152799,0.05374820674485976,0.4807064969152799,0.05374820674485976,False,False,240
ops,42,lc,27,741.9911521140331,0.34567918580696017,0.026548038478488658,0.34567918580696017,0.026548038478488658,False,False,240
ops,42,lc,28,861.7602376512325,0.24918633042569588,0.02,0.24918633042569588,0.010683257187791402,False,True,240
ops,42,lc,29,962.4660312625703,0.22152816139130968,0.02,0.22152816139130968,0.007471033028564508,False,True,240
ops,42,lc,30,1061.8371484711388,0.2109970343708721,0.02,0.2109970343708721,0.007591856779808857,False,True,240
ops,42,lc,31,1192.2491621086228,0.17605887641236717,0.02,0.17605887641236717,0.006975258023436312,False,True,240
ops,42,lc,32,1963.265144121478,0.053718666009300274,0.02,0.053718666009300274,0.0038892129842561926,False,True,240
ops,42,lc,33,2791.480209178727,,,,,False,False,0
ops,42,lc,34,2927.8273667435824,,,,,False,False,0
ops,42,lc,35,2927.827385917402,,,,,False,False,0
ops,42,lc,36,2927.827385917402,,,,,False,False,0
ops,42,lc,37,2927.827385917402,,,,,False,False,0
ops,42,lc,38,2927.8273859174024,,,,,False,False,0
ops,42,lc,39,2927.8273859174024,,,,,False,False,0
ops,42,lc,40,2927.8273859174024,,,,,False,False,0
ops,42,complement,0,0.5,1.2731621930939159,0.676323888047382,1.2731621930939159,0.676323888047382,False,False,383
ops,42,complement,1,1.900000039835305,1.2709394292103933,0.6771275998321513,1.2709394292103933,0.6771275998321513,False,False,383
ops,42,complement,2,4.420000051785896,1.25342313316356,0.5938289379674948,1.25342313316356,0.5938289379674948,False,False,383
ops,42,complement,3,8.379999928296451,1.2462549948794084,0.438782088983475,1.2462549948794084,0.438782088983475,False,False,383
ops,42,complement,4,13.184999737086988,1.252589969112569,0.3312353890391256,1.252589969112569,0.3312353890391256,False,False,383
ops,42,complement,5,18.554999609614015,1.274719711521256,0.27407063891919153,1.274719711521256,0.27407063891919153,False,False,383
ops,42,complement,6,24.894999514009285,1.3247607548543747,0.22387687234876805,1.3247607548543747,0.22387687234876805,False,False,383
ops,42,complement,7,32.329999450272794,1.3990847284613825,0.20525499901774227,1.3990847284613825,0.20525499901774227,False,False,383
ops,42,complement,8,40.329999450272794,1.4413665029664504,0.19264535927746018,1.4413665029664504,0.19264535927746018,False,False,383
ops,42,complement,9,48.329999450272794,1.4011833035296428,0.19330256327039247,1.4011833035296428,0.19330256327039247,False,False,383
ops,42,complement,10,56.329999450272794,1.3793530850158027,0.19813358895812253,1.3793530850158027,0.19813358895812253,False,False,383
ops,42,complement,11,64.3299994502728,1.3888471876089106,0.19900571161525507,1.3888471876089106,0.19900571161525507,False,False,383
ops,42,complement,12,72.3299994502728,1.3991028234522633,0.19862845635688187,1.3991028234522633,0.19862845635688187,False,False,383
ops,42,complement,13,80.3299994502728,1.4099890414845915,0.19519287141066433,1.4099890414845915,0.19519287141066433,False,False,383
ops,42,complement,14,88.3299994502728,1.3974987678195518,0.18764111309970097,1.3974987678195518,0.18764111309970097,False,False,383
ops,42,complement,15,96.3299994502728,1.3856886819468597,0.18644875766687385,1.3856886819468597,0.18644875766687385,False,False,383
ops,42,complement,16,104.3299994502728,1.3546951473510047,0.18853527885945118,1.3546951473510047,0.18853527885945118,False,False,383
ops,42,complement,17,112.41128312438389,1.314811302606355,0.18697358848682194,1.314811302606355,0.18697358848682194,False,False,383
ops,42,complement,18,124.0181019371289,1.2711811265467101,0.18530784902495467,1.2711811265467101,0.18530784902495467,False,False,383
ops,42,complement,19,138.33536150362164,1.204264125123602,0.1824806420993195,1.204264125123602,0.1824806420993195,False,False,383
ops,42,complement,20,157.18840503599694,1.1298678353407314,0.1659005999289747,1.1298678353407314,0.1659005999289747,False,False,383
ops,42,complement,21,198.628367477501,1.0156122397893623,0.1463854740946749,1.0156122397893623,0.1463854740946749,False,False,383
ops,42,complement,22,256.89684052475667,0.8983670863420076,0.13682439135528252,0.8983670863420076,0.13682439135528252,False,False,383
ops,42,complement,23,323.7307751056255,0.802453572109273,0.1224906784771287,0.802453572109273,0.1224906784771287,False,False,383
ops,42,complement,24,420.3034332854247,0.6608876700307276,0.09569624673080927,0.6608876700307276,0.09569624673080927,False,False,383
ops,42,complement,25,527.207848736849,0.4990354673475533,0.06271854790023831,0.4990354673475533,0.06271854790023831,False,False,383
ops,42,complement,26,625.15220607476,0.36816460188015554,0.03682260600803756,0.36816460188015554,0.03682260600803756,False,False,383
ops,42,complement,27,741.9911521140331,0.27105453213722874,0.02028986191628424,0.27105453213722874,0.02028986191628424,False,False,383
ops,42,complement,28,861.7602376512325,0.20639352013121093,0.02,0.20639352013121093,0.012220827488120242,False,True,383
ops,42,complement,29,962.4660312625703,0.16860399790009636,0.02,0.16860399790009636,0.011417913145883403,False,True,383
ops,42,complement,30,1061.8371484711388,0.14781996830982358,0.02,0.14781996830982358,0.011175449920720533,False,True,383
ops,42,complement,31,1192.2491621086228,0.11240176180774362,0.02,0.11240176180774362,0.010321851454485192,False,True,383
ops,42,complement,32,1963.265144121478,0.05,0.02,0.039756285502587516,0.009877708225737733,True,True,383
ops,42,complement,33,2791.480209178727,,,,,False,False,0
ops,42,complement,34,2927.8273667435824,,,,,False,False,0
ops,42,complement,35,2927.827385917402,,,,,False,False,0
ops,42,complement,36,2927.827385917402,,,,,False,False,0
ops,42,complement,37,2927.827385917402,,,,,False,False,0
ops,42,complement,38,2927.8273859174024,,,,,False,False,0
ops,42,complement,39,2927.8273859174024,,,,,False,False,0
ops,42,complement,40,2927.8273859174024,,,,,False,False,0
bathy,42,all,0,0.5,1.0568862996190567,0.5506313998003345,1.0568862996190567,0.5506313998003345,False,False,623
bathy,42,all,1,1.900000039835305,1.0549996973814362,0.5508881872759296,1.0549996973814362,0.5508881872759296,False,False,623
bathy,42,all,2,4.420000051785896,1.042333823909074,0.49847835609301644,1.042333823909074,0.49847835609301644,False,False,623
bathy,42,all,3,8.379999928296451,1.0389867279801903,0.4172111904587034,1.0389867279801903,0.4172111904587034,False,False,623
bathy,42,all,4,13.184999737086988,1.0447603274359984,0.3548597873298603,1.0447603274359984,0.3548597873298603,False,False,623
bathy,42,all,5,18.554999609614015,1.0625532356630185,0.29606264047420106,1.0625532356630185,0.29606264047420106,False,False,623
bathy,42,all,6,24.894999514009285,1.0954085586835902,0.226826740221914,1.0954085586835902,0.226826740221914,False,False,623
bathy,42,all,7,32.329999450272794,1.1575105279889952,0.1951240707719064,1.1575105279889952,0.1951240707719064,False,False,623
bathy,42,all,8,40.329999450272794,1.1921278581245447,0.18360137800923218,1.1921278581245447,0.18360137800923218,False,False,623
bathy,42,all,9,48.329999450272794,1.1973476157249603,0.18074693223293847,1.1973476157249603,0.18074693223293847,False,False,623
bathy,42,all,10,56.329999450272794,1.2383935390496053,0.18077155501532374,1.2383935390496053,0.18077155501532374,False,False,623
bathy,42,all,11,64.3299994502728,1.2863873466266054,0.1797685071638488,1.2863873466266054,0.1797685071638488,False,False,623
bathy,42,all,12,72.3299994502728,1.3223959519627158,0.18103926692374145,1.3223959519627158,0.18103926692374145,False,False,623
bathy,42,all,13,80.3299994502728,1.350321733962261,0.18003029532563283,1.350321733962261,0.18003029532563283,False,False,623
bathy,42,all,14,88.3299994502728,1.3455034122899032,0.18013444479653154,1.3455034122899032,0.18013444479653154,False,False,623
bathy,42,all,15,96.3299994502728,1.337551961429701,0.1845954622790467,1.337551961429701,0.1845954622790467,False,False,623
bathy,42,all,16,104.3299994502728,1.321881770630014,0.19209376037772855,1.321881770630014,0.19209376037772855,False,False,623
bathy,42,all,17,112.41128312438389,1.31042255262663,0.19922550706214828,1.31042255262663,0.19922550706214828,False,False,623
bathy,42,all,18,124.0181019371289,1.2757448158533613,0.20781983417607106,1.2757448158533613,0.20781983417607106,False,False,623
bathy,42,all,19,138.33536150362164,1.2206162633593824,0.20664006793606962,1.2206162633593824,0.20664006793606962,False,False,623
bathy,42,all,20,157.18840503599694,1.1830756916198628,0.18487296676808457,1.1830756916198628,0.18487296676808457,False,False,623
bathy,42,all,21,198.628367477501,1.0979542374074818,0.15499392170474177,1.0979542374074818,0.15499392170474177,False,False,623
bathy,42,all,22,256.89684052475667,0.9925549807381873,0.14830396051015912,0.9925549807381873,0.14830396051015912,False,False,623
bathy,42,all,23,323.7307751056255,0.9068416825708234,0.14138653054160974,0.9068416825708234,0.14138653054160974,False,False,623
bathy,42,all,24,420.3034332854247,0.771033662731655,0.11558071207313464,0.771033662731655,0.11558071207313464,False,False,623
bathy,42,all,25,527.207848736849,0.5978317440967041,0.07945727738908634,0.5978317440967041,0.07945727738908634,False,False,623
bathy,42,all,26,625.15220607476,0.4476186064344268,0.04868394047181476,0.4476186064344268,0.04868394047181476,False,False,623
bathy,42,all,27,741.9911521140331,0.31745100566369056,0.026169894735137273,0.31745100566369056,0.026169894735137273,False,False,623
bathy,42,all,28,861.7602376512325,0.2412910624800893,0.02,0.2412910624800893,0.012493536843078742,False,True,623
bathy,42,all,29,962.4660312625703,0.20756702260620905,0.02,0.20756702260620905,0.009850850382004998,False,True,623
bathy,42,all,30,1061.8371484711388,0.18851874890403453,0.02,0.18851874890403453,0.009761723228754893,False,True,623
bathy,42,all,31,1192.2491621086228,0.15165670763042552,0.02,0.15165670763042552,0.009131839426321531,False,True,623
bathy,42,all,32,1963.265144121478,0.05,0.02,0.04852159985757378,0.008046483377822823,True,True,623
bathy,42,all,33,2791.480209178727,,,,,False,False,0
bathy,42,all,34,2927.8273667435824,,,,,False,False,0
bathy,42,all,35,2927.827385917402,,,,,False,False,0
bathy,42,all,36,2927.827385917402,,,,,False,False,0
bathy,42,all,37,2927.827385917402,,,,,False,False,0
bathy,42,all,38,2927.8273859174024,,,,,False,False,0
bathy,42,all,39,2927.8273859174024,,,,,False,False,0
bathy,42,all,40,2927.8273859174024,,,,,False,False,0
bathy,42,lc,0,0.5,0.5325840105859017,0.48658632951758,0.5325840105859017,0.48658632951758,False,False,240
bathy,42,lc,1,1.900000039835305,0.52934107724804,0.48569929129606887,0.52934107724804,0.48569929129606887,False,False,240
bathy,42,lc,2,4.420000051785896,0.5221299251674572,0.4507270006665229,0.5221299251674572,0.4507270006665229,False,False,240
bathy,42,lc,3,8.379999928296451,0.5256460437626375,0.40105148648744116,0.5256460437626375,0.40105148648744116,False,False,240
bathy,42,lc,4,13.184999737086988,0.532815896875641,0.366463176660367,0.532815896875641,0.366463176660367,False,False,240
bathy,42,lc,5,18.554999609614015,0.5594257677726914,0.3124062250932526,0.5594257677726914,0.3124062250932526,False,False,240
bathy,42,lc,6,24.894999514009285,0.6061796923712562,0.23711449745790436,0.6061796923712562,0.23711449745790436,False,False,240
bathy,42,lc,7,32.329999450272794,0.6594686707073175,0.18950258137942927,0.6594686707073175,0.18950258137942927,False,False,240
bathy,42,lc,8,40.329999450272794,0.7515990731001442,0.17946134895260998,0.7515990731001442,0.17946134895260998,False,False,240
bathy,42,lc,9,48.329999450272794,0.8883716499622425,0.17299761969283128,0.8883716499622425,0.17299761969283128,False,False,240
bathy,42,lc,10,56.329999450272794,1.023925865785723,0.16159304112306078,1.023925865785723,0.16159304112306078,False,False,240
bathy,42,lc,11,64.3299994502728,1.1107805551946806,0.1515297447829707,1.1107805551946806,0.1515297447829707,False,False,240
bathy,42,lc,12,72.3299994502728,1.190537829705739,0.1514351397231458,1.190537829705739,0.1514351397231458,False,False,240
bathy,42,lc,13,80.3299994502728,1.2460886735265677,0.15018377147780407,1.2460886735265677,0.15018377147780407,False,False,240
bathy,42,lc,14,88.3299994502728,1.2598660721530295,0.1628521538964812,1.2598660721530295,0.1628521538964812,False,False,240
bathy,42,lc,15,96.3299994502728,1.2622169315244562,0.17518110141500295,1.2622169315244562,0.17518110141500295,False,False,240
bathy,42,lc,16,104.3299994502728,1.2761753295532767,0.1881379950224992,1.2761753295532767,0.1881379950224992,False,False,240
bathy,42,lc,17,112.41128312438389,1.3065330118057104,0.20098254175759903,1.3065330118057104,0.20098254175759903,False,False,240
bathy,42,lc,18,124.0181019371289,1.2608135780919463,0.21746484105868064,1.2608135780919463,0.21746484105868064,False,False,240
bathy,42,lc,19,138.33536150362164,1.2030411302654147,0.21497995820896904,1.2030411302654147,0.21497995820896904,False,False,240
bathy,42,lc,20,157.18840503599694,1.1811371700826994,0.17946985966259138,1.1811371700826994,0.17946985966259138,False,False,240
bathy,42,lc,21,198.628367477501,1.081402531269864,0.1446622917979736,1.081402531269864,0.1446622917979736,False,False,240
bathy,42,lc,22,256.89684052475667,0.9958265438592895,0.14704264107070963,0.9958265438592895,0.14704264107070963,False,False,240
bathy,42,lc,23,323.7307751056255,0.9365611847145484,0.14557197029690694,0.9365611847145484,0.14557197029690694,False,False,240
bathy,42,lc,24,420.3034332854247,0.8089056922198621,0.12211907182557663,0.8089056922198621,0.12211907182557663,False,False,240
bathy,42,lc,25,527.207848736849,0.6451929312522448,0.08984529269284638,0.6451929312522448,0.08984529269284638,False,False,240
bathy,42,lc,26,625.15220607476,0.5004828596600769,0.05948675155990964,0.5004828596600769,0.05948675155990964,False,False,240
bathy,42,lc,27,741.9911521140331,0.3564951110092057,0.03216009003777151,0.3564951110092057,0.03216009003777151,False,False,240
bathy,42,lc,28,861.7602376512325,0.2638653582201654,0.02,0.2638653582201654,0.012364687662240656,False,True,240
bathy,42,lc,29,962.4660312625703,0.23289796923641523,0.02,0.23289796923641523,0.00729851483702126,False,True,240
bathy,42,lc,30,1061.8371484711388,0.21968716800193747,0.02,0.21968716800193747,0.007584736659399866,False,True,240
bathy,42,lc,31,1192.2491621086228,0.184732452487951,0.02,0.184732452487951,0.007219024523212611,False,True,240
bathy,42,lc,32,1963.265144121478,0.05598639332477878,0.02,0.05598639332477878,0.003913046612846327,False,True,240
bathy,42,lc,33,2791.480209178727,,,,,False,False,0
bathy,42,lc,34,2927.8273667435824,,,,,False,False,0
bathy,42,lc,35,2927.827385917402,,,,,False,False,0
bathy,42,lc,36,2927.827385917402,,,,,False,False,0
bathy,42,lc,37,2927.827385917402,,,,,False,False,0
bathy,42,lc,38,2927.8273859174024,,,,,False,False,0
bathy,42,lc,39,2927.8273859174024,,,,,False,False,0
bathy,42,lc,40,2927.8273859174024,,,,,False,False,0
bathy,42,complement,0,0.5,1.2803204298166646,0.5872148387309589,1.2803204298166646,0.5872148387309589,False,False,383
bathy,42,complement,1,1.900000039835305,1.2786310635678084,0.5880661625860126,1.2786310635678084,0.5880661625860126,False,False,383
bathy,42,complement,2,4.420000051785896,1.2635022584664186,0.5261970050444544,1.2635022584664186,0.5261970050444544,False,False,383
bathy,42,complement,3,8.379999928296451,1.2580928602451489,0.4270258269694154,1.2580928602451489,0.4270258269694154,False,False,383
bathy,42,complement,4,13.184999737086988,1.2639666448200129,0.34739126485596805,1.2639666448200129,0.34739126485596805,False,False,383
bathy,42,complement,5,18.554999609614015,1.2807770847796762,0.2853445417692078,1.2807770847796762,0.2853445417692078,False,False,383
bathy,42,complement,6,24.894999514009285,1.3120860033742847,0.22013520757693092,1.3120860033742847,0.22013520757693092,False,False,383
bathy,42,complement,7,32.329999450272794,1.3809017516981457,0.19856558236685512,1.3809017516981457,0.19856558236685512,False,False,383
bathy,42,complement,8,40.329999450272794,1.3991902741906501,0.18614873147502264,1.3991902741906501,0.18614873147502264,False,False,383
bathy,42,complement,9,48.329999450272794,1.355531682702229,0.1854379277754829,1.355531682702229,0.1854379277754829,False,False,383
bathy,42,complement,10,56.329999450272794,1.3556020104286541,0.19181461760961102,1.3556020104286541,0.19181461760961102,False,False,383
bathy,42,complement,11,64.3299994502728,1.3851276841473132,0.19539483304936617,1.3851276841473132,0.19539483304936617,False,False,383
bathy,42,complement,12,72.3299994502728,1.3987015320788114,0.19733958552973682,1.3987015320788114,0.19733958552973682,False,False,383
bathy,42,complement,13,80.3299994502728,1.4117206853934734,0.19643530519562455,1.4117206853934734,0.19643530519562455,False,False,383
bathy,42,complement,14,88.3299994502728,1.396492605463212,0.19016529001776988,1.396492605463212,0.19016529001776988,False,False,383
bathy,42,complement,15,96.3299994502728,1.382668939455069,0.1902575317610198,1.382668939455069,0.1902575317610198,False,False,383
bathy,42,complement,16,104.3299994502728,1.3497342922433868,0.19453157716127267,1.3497342922433868,0.19453157716127267,False,False,383
bathy,42,complement,17,112.41128312438389,1.3128539899231721,0.19811655164618464,1.3128539899231721,0.19811655164618464,False,False,383
bathy,42,complement,18,124.0181019371289,1.28501278699214,0.20154086138214472,1.28501278699214,0.20154086138214472,False,False,383
bathy,42,complement,19,138.33536150362164,1.2315015778627734,0.2012379541111822,1.2315015778627734,0.2012379541111822,False,False,383
bathy,42,complement,20,157.18840503599694,1.1842888137965113,0.18817967704621982,1.1842888137965113,0.18817967704621982,False,False,383
bathy,42,complement,21,198.628367477501,1.1082000799910758,0.16113078094461655,1.1082000799910758,0.16113078094461655,False,False,383
bathy,42,complement,22,256.89684052475667,0.9904994079245865,0.14908890507965214,0.9904994079245865,0.14908890507965214,False,False,383
bathy,42,complement,23,323.7307751056255,0.8877115530659221,0.13869944623609254,0.8877115530659221,0.13869944623609254,False,False,383
bathy,42,complement,24,420.3034332854247,0.7463230350270169,0.11128796270437123,0.7463230350270169,0.11128796270437123,False,False,383
bathy,42,complement,25,527.207848736849,0.5661380330825332,0.07218996055101065,0.5661380330825332,0.07218996055101065,False,False,383
bathy,42,complement,26,625.15220607476,0.41104160947453683,0.040470692378103953,0.41104160947453683,0.040470692378103953,False,False,383
bathy,42,complement,27,741.9911521140331,0.29032083377864204,0.021585022751571894,0.29032083377864204,0.021585022751571894,False,False,383
bathy,42,complement,28,861.7602376512325,0.22599900195219932,0.02,0.22599900195219932,0.012573604923815027,False,True,383
bathy,42,complement,29,962.4660312625703,0.18998023485479318,0.02,0.18998023485479318,0.011156501020827075,False,True,383
bathy,42,complement,30,1061.8371484711388,0.16603191925108826,0.02,0.16603191925108826,0.010906637679984559,False,True,383
bathy,42,complement,31,1192.2491621086228,0.12660035216379692,0.02,0.12660035216379692,0.010148356497758047,False,True,383
bathy,42,complement,32,1963.265144121478,0.05,0.02,0.04319132989621619,0.009783802396970213,True,True,383
bathy,42,complement,33,2791.480209178727,,,,,False,False,0
bathy,42,complement,34,2927.8273667435824,,,,,False,False,0
bathy,42,complement,35,2927.827385917402,,,,,False,False,0
bathy,42,complement,36,2927.827385917402,,,,,False,False,0
bathy,42,complement,37,2927.827385917402,,,,,False,False,0
bathy,42,complement,38,2927.8273859174024,,,,,False,False,0
bathy,42,complement,39,2927.8273859174024,,,,,False,False,0
bathy,42,complement,40,2927.8273859174024,,,,,False,False,0
bathy_wind,42,all,0,0.5,1.0461674900215263,0.5832169441282875,1.0461674900215263,0.5832169441282875,False,False,623
bathy_wind,42,all,1,1.900000039835305,1.0447666674826819,0.5829722214674224,1.0447666674826819,0.5829722214674224,False,False,623
bathy_wind,42,all,2,4.420000051785896,1.036358929932603,0.5201082778896429,1.036358929932603,0.5201082778896429,False,False,623
bathy_wind,42,all,3,8.379999928296451,1.0386953267878207,0.4246993335632647,1.0386953267878207,0.4246993335632647,False,False,623
bathy_wind,42,all,4,13.184999737086988,1.051670854143885,0.359554358391804,1.051670854143885,0.359554358391804,False,False,623
bathy_wind,42,all,5,18.554999609614015,1.0893463848494687,0.29963683997431956,1.0893463848494687,0.29963683997431956,False,False,623
bathy_wind,42,all,6,24.894999514009285,1.1458254697222878,0.2326232294844083,1.1458254697222878,0.2326232294844083,False,False,623
bathy_wind,42,all,7,32.329999450272794,1.2164331769000545,0.19980031192067887,1.2164331769000545,0.19980031192067887,False,False,623
bathy_wind,42,all,8,40.329999450272794,1.2571608770943852,0.18898471178670967,1.2571608770943852,0.18898471178670967,False,False,623
bathy_wind,42,all,9,48.329999450272794,1.2343957639627658,0.18624936747317583,1.2343957639627658,0.18624936747317583,False,False,623
bathy_wind,42,all,10,56.329999450272794,1.2307469533154594,0.1853634059192957,1.2307469533154594,0.1853634059192957,False,False,623
bathy_wind,42,all,11,64.3299994502728,1.25720798901676,0.1819679023452574,1.25720798901676,0.1819679023452574,False,False,623
bathy_wind,42,all,12,72.3299994502728,1.2886793430469279,0.18154303573132974,1.2886793430469279,0.18154303573132974,False,False,623
bathy_wind,42,all,13,80.3299994502728,1.3149610935391394,0.17865403344052389,1.3149610935391394,0.17865403344052389,False,False,623
bathy_wind,42,all,14,88.3299994502728,1.3111836828532386,0.17577284164451837,1.3111836828532386,0.17577284164451837,False,False,623
bathy_wind,42,all,15,96.3299994502728,1.3031189716865292,0.17708621991337012,1.3031189716865292,0.17708621991337012,False,False,623
bathy_wind,42,all,16,104.3299994502728,1.2874150923303473,0.18116378539201836,1.2874150923303473,0.18116378539201836,False,False,623
bathy_wind,42,all,17,112.41128312438389,1.2733440311126978,0.18346160111298943,1.2733440311126978,0.18346160111298943,False,False,623
bathy_wind,42,all,18,124.0181019371289,1.229689686601684,0.18738214767867606,1.229689686601684,0.18738214767867606,False,False,623
bathy_wind,42,all,19,138.33536150362164,1.1631098380660136,0.18645209492141995,1.1631098380660136,0.18645209492141995,False,False,623
bathy_wind,42,all,20,157.18840503599694,1.112521095893088,0.16730221218172395,1.112521095893088,0.16730221218172395,False,False,623
bathy_wind,42,all,21,198.628367477501,1.0215054011049358,0.1450097854235284,1.0215054011049358,0.1450097854235284,False,False,623
bathy_wind,42,all,22,256.89684052475667,0.9314058950752276,0.14026962481676963,0.9314058950752276,0.14026962481676963,False,False,623
bathy_wind,42,all,23,323.7307751056255,0.8584285786023601,0.1327522745714112,0.8584285786023601,0.1327522745714112,False,False,623
bathy_wind,42,all,24,420.3034332854247,0.7247792326168624,0.10781596729055984,0.7247792326168624,0.10781596729055984,False,False,623
bathy_wind,42,all,25,527.207848736849,0.5649404618436653,0.07494480077271161,0.5649404618436653,0.07494480077271161,False,False,623
bathy_wind,42,all,26,625.15220607476,0.42413125629618087,0.04619956767455584,0.42413125629618087,0.04619956767455584,False,False,623
bathy_wind,42,all,27,741.9911521140331,0.30368993605640326,0.024686025970261524,0.30368993605640326,0.024686025970261524,False,False,623
bathy_wind,42,all,28,861.7602376512325,0.2314407051989371,0.02,0.2314407051989371,0.012219662334429116,False,True,623
bathy_wind,42,all,29,962.4660312625703,0.19828387318894838,0.02,0.19828387318894838,0.010093605791616094,False,True,623
bathy_wind,42,all,30,1061.8371484711388,0.18066246302738667,0.02,0.18066246302738667,0.010005432787233093,False,True,623
bathy_wind,42,all,31,1192.2491621086228,0.14548842917585642,0.02,0.14548842917585642,0.009299609108055681,False,True,623
bathy_wind,42,all,32,1963.265144121478,0.05,0.02,0.046855011230517885,0.008211613388596788,True,True,623
bathy_wind,42,all,33,2791.480209178727,,,,,False,False,0
bathy_wind,42,all,34,2927.8273667435824,,,,,False,False,0
bathy_wind,42,all,35,2927.827385917402,,,,,False,False,0
bathy_wind,42,all,36,2927.827385917402,,,,,False,False,0
bathy_wind,42,all,37,2927.827385917402,,,,,False,False,0
bathy_wind,42,all,38,2927.8273859174024,,,,,False,False,0
bathy_wind,42,all,39,2927.8273859174024,,,,,False,False,0
bathy_wind,42,all,40,2927.8273859174024,,,,,False,False,0
bathy_wind,42,lc,0,0.5,0.5471738974830189,0.5090714444381701,0.5471738974830189,0.5090714444381701,False,False,240
bathy_wind,42,lc,1,1.900000039835305,0.5454472865392948,0.5080998081111398,0.5454472865392948,0.5080998081111398,False,False,240
bathy_wind,42,lc,2,4.420000051785896,0.5433577730372601,0.4704241023843171,0.5433577730372601,0.4704241023843171,False,False,240
bathy_wind,42,lc,3,8.379999928296451,0.5480159670311877,0.4159349221269602,0.5480159670311877,0.4159349221269602,False,False,240
bathy_wind,42,lc,4,13.184999737086988,0.5581626906961158,0.3872209097932861,0.5581626906961158,0.3872209097932861,False,False,240
bathy_wind,42,lc,5,18.554999609614015,0.5839224666400938,0.32550160321111504,0.5839224666400938,0.32550160321111504,False,False,240
bathy_wind,42,lc,6,24.894999514009285,0.6225464383701398,0.24816530900478018,0.6225464383701398,0.24816530900478018,False,False,240
bathy_wind,42,lc,7,32.329999450272794,0.6678198235482743,0.19631952975399536,0.6678198235482743,0.19631952975399536,False,False,240
bathy_wind,42,lc,8,40.329999450272794,0.7290623454013504,0.1832036996196469,0.7290623454013504,0.1832036996196469,False,False,240
bathy_wind,42,lc,9,48.329999450272794,0.8228567137245956,0.17400024553302984,0.8228567137245956,0.17400024553302984,False,False,240
bathy_wind,42,lc,10,56.329999450272794,0.9291840467804262,0.15930095236211794,0.9291840467804262,0.15930095236211794,False,False,240
bathy_wind,42,lc,11,64.3299994502728,1.0153515564512217,0.14531813252761266,1.0153515564512217,0.14531813252761266,False,False,240
bathy_wind,42,lc,12,72.3299994502728,1.0992457972430902,0.14285289381802116,1.0992457972430902,0.14285289381802116,False,False,240
bathy_wind,42,lc,13,80.3299994502728,1.1549291097585213,0.1412936182348409,1.1549291097585213,0.1412936182348409,False,False,240
bathy_wind,42,lc,14,88.3299994502728,1.1775864152715065,0.1512013225292797,1.1775864152715065,0.1512013225292797,False,False,240
bathy_wind,42,lc,15,96.3299994502728,1.1868342722572973,0.16107220484450682,1.1868342722572973,0.16107220484450682,False,False,240
bathy_wind,42,lc,16,104.3299994502728,1.2062397154740252,0.17267803347589886,1.2062397154740252,0.17267803347589886,False,False,240
bathy_wind,42,lc,17,112.41128312438389,1.2394077320072001,0.18268461767224883,1.2394077320072001,0.18268461767224883,False,False,240
bathy_wind,42,lc,18,124.0181019371289,1.1995425673232858,0.19468928124440532,1.1995425673232858,0.19468928124440532,False,False,240
bathy_wind,42,lc,19,138.33536150362164,1.144779500847098,0.19557877901096685,1.144779500847098,0.19557877901096685,False,False,240
bathy_wind,42,lc,20,157.18840503599694,1.127080815321542,0.17081051682497747,1.127080815321542,0.17081051682497747,False,False,240
bathy_wind,42,lc,21,198.628367477501,1.0447975192488403,0.14409658217895965,1.0447975192488403,0.14409658217895965,False,False,240
bathy_wind,42,lc,22,256.89684052475667,0.9638592578558767,0.14226042333872332,0.9638592578558767,0.14226042333872332,False,False,240
bathy_wind,42,lc,23,323.7307751056255,0.8998360391905295,0.13832526943685752,0.8998360391905295,0.13832526943685752,False,False,240
bathy_wind,42,lc,24,420.3034332854247,0.7684564384335668,0.1148670983444479,0.7684564384335668,0.1148670983444479,False,False,240
bathy_wind,42,lc,25,527.207848736849,0.6218212731440474,0.08555731507023,0.6218212731440474,0.08555731507023,False,False,240
bathy_wind,42,lc,26,625.15220607476,0.48684382530337333,0.05692664280053969,0.48684382530337333,0.05692664280053969,False,False,240
bathy_wind,42,lc,27,741.9911521140331,0.3516751041836437,0.03064557785727292,0.3516751041836437,0.03064557785727292,False,False,240
bathy_wind,42,lc,28,861.7602376512325,0.26114187995059374,0.02,0.26114187995059374,0.011902256512756266,False,True,240
bathy_wind,42,lc,29,962.4660312625703,0.2314254431887982,0.02,0.2314254431887982,0.007432235142205552,False,True,240
bathy_wind,42,lc,30,1061.8371484711388,0.2184714117520388,0.02,0.2184714117520388,0.007713576669187105,False,True,240
bathy_wind,42,lc,31,1192.2491621086228,0.18288395279620395,0.02,0.18288395279620395,0.007235904029163008,False,True,240
bathy_wind,42,lc,32,1963.265144121478,0.05525480458639707,0.02,0.05525480458639707,0.003913499259938224,False,True,240
bathy_wind,42,lc,33,2791.480209178727,,,,,False,False,0
bathy_wind,42,lc,34,2927.8273667435824,,,,,False,False,0
bathy_wind,42,lc,35,2927.827385917402,,,,,False,False,0
bathy_wind,42,lc,36,2927.827385917402,,,,,False,False,0
bathy_wind,42,lc,37,2927.827385917402,,,,,False,False,0
bathy_wind,42,lc,38,2927.8273859174024,,,,,False,False,0
bathy_wind,42,lc,39,2927.8273859174024,,,,,False,False,0
bathy_wind,42,lc,40,2927.8273859174024,,,,,False,False,0
bathy_wind,42,complement,0,0.5,1.2620145858655627,0.6252134296907609,1.2620145858655627,0.6252134296907609,False,False,383
bathy_wind,42,complement,1,1.900000039835305,1.2605945129344482,0.6253374421783664,1.2605945129344482,0.6253374421783664,False,False,383
bathy_wind,42,complement,2,4.420000051785896,1.2498248174203017,0.5489549579162794,1.2498248174203017,0.5489549579162794,False,False,383
bathy_wind,42,complement,3,8.379999928296451,1.2517038546148966,0.43010038035668324,1.2517038546148966,0.43010038035668324,False,False,383
bathy_wind,42,complement,4,13.184999737086988,1.2664317136766494,0.3410757777809381,1.2664317136766494,0.3410757777809381,False,False,383
bathy_wind,42,complement,5,18.554999609614015,1.3102001501192966,0.28222365101469826,1.3102001501192966,0.28222365101469826,False,False,383
bathy_wind,42,complement,6,24.894999514009285,1.375780145259434,0.22233103558173709,1.375780145259434,0.22233103558173709,False,False,383
bathy_wind,42,complement,7,32.329999450272794,1.458586828867106,0.20195090729013987,1.458586828867106,0.20195090729013987,False,False,383
bathy_wind,42,complement,8,40.329999450272794,1.4959081312573197,0.19251882638314707,1.4959081312573197,0.19251882638314707,False,False,383
bathy_wind,42,complement,9,48.329999450272794,1.4332704999646506,0.1935303367229748,1.4332704999646506,0.1935303367229748,False,False,383
bathy_wind,42,complement,10,56.329999450272794,1.386685940749657,0.19997124827674242,1.386685940749657,0.19997124827674242,False,False,383
bathy_wind,42,complement,11,64.3299994502728,1.3874399316231691,0.20156572167146386,1.3874399316231691,0.20156572167146386,False,False,383
bathy_wind,42,complement,12,72.3299994502728,1.394328988217042,0.20204623960932422,1.394328988217042,0.20204623960932422,False,False,383
bathy_wind,42,complement,13,80.3299994502728,1.4059893596600206,0.1985135524905843,1.4059893596600206,0.1985135524905843,False,False,383
bathy_wind,42,complement,14,88.3299994502728,1.3883635269342183,0.18955371280312863,1.3883635269342183,0.18955371280312863,False,False,383
bathy_wind,42,complement,15,96.3299994502728,1.3709690778136594,0.1864213306930003,1.3709690778136594,0.1864213306930003,False,False,383
bathy_wind,42,complement,16,104.3299994502728,1.335770395982725,0.18628432743309842,1.335770395982725,0.18628432743309842,False,False,383
bathy_wind,42,complement,17,112.41128312438389,1.2941561382146338,0.1839468110523875,1.2941561382146338,0.1839468110523875,False,False,383
bathy_wind,42,complement,18,124.0181019371289,1.2482097999392863,0.18265434303868489,1.2482097999392863,0.18265434303868489,False,False,383
bathy_wind,42,complement,19,138.33536150362164,1.1744504134439087,0.18049798342323511,1.1744504134439087,0.18049798342323511,False,False,383
bathy_wind,42,complement,20,157.18840503599694,1.103299593354976,0.16506579886890477,1.103299593354976,0.16506579886890477,False,False,383
bathy_wind,42,complement,21,198.628367477501,1.0066351813620533,0.14557910820086437,1.0066351813620533,0.14557910820086437,False,False,383
bathy_wind,42,complement,22,256.89684052475667,0.9104802249523516,0.13900759706461457,0.9104802249523516,0.13900759706461457,False,False,383
bathy_wind,42,complement,23,323.7307751056255,0.8314310082385618,0.12913754310560993,0.8314310082385618,0.12913754310560993,False,False,383
bathy_wind,42,complement,24,420.3034332854247,0.6960142095192081,0.10315214900576375,0.6960142095192081,0.10315214900576375,False,False,383
bathy_wind,42,complement,25,527.207848736849,0.5261725832625234,0.06744895626504219,0.5261725832625234,0.06744895626504219,False,False,383
bathy_wind,42,complement,26,625.15220607476,0.37958938754995497,0.03796305042556386,0.37958938754995497,0.03796305042556386,False,False,383
bathy_wind,42,complement,27,741.9911521140331,0.2692979447050797,0.02006905688778647,0.2692979447050797,0.02006905688778647,False,False,383
bathy_wind,42,complement,28,861.7602376512325,0.21070595540255763,0.02,0.21070595540255763,0.012414423674659704,False,True,383
bathy_wind,42,complement,29,962.4660312625703,0.1743343881035381,0.02,0.1743343881035381,0.011450271446828529,False,True,383
bathy_wind,42,complement,30,1061.8371484711388,0.15225810121903227,0.02,0.15225810121903227,0.011205170303870393,False,True,383
bathy_wind,42,complement,31,1192.2491621086228,0.11606919785231798,0.02,0.11606919785231798,0.010385864415526394,False,True,383
bathy_wind,42,complement,32,1963.265144121478,0.05,0.02,0.040717675386982184,0.01000437841336351,True,True,383
bathy_wind,42,complement,33,2791.480209178727,,,,,False,False,0
bathy_wind,42,complement,34,2927.8273667435824,,,,,False,False,0
bathy_wind,42,complement,35,2927.827385917402,,,,,False,False,0
bathy_wind,42,complement,36,2927.827385917402,,,,,False,False,0
bathy_wind,42,complement,37,2927.827385917402,,,,,False,False,0
bathy_wind,42,complement,38,2927.8273859174024,,,,,False,False,0
bathy_wind,42,complement,39,2927.8273859174024,,,,,False,False,0
bathy_wind,42,complement,40,2927.8273859174024,,,,,False,False,0
